{"sections":{"main":{"type":"article","settings":{"show_date":false,"show_author":false,"show_tags":true,"show_share_button":true,"text":"Share","bg_color_secondary":false,"padding_top":60,"padding_bottom":60}},"recommended-posts":{"type":"section-recommended-posts","settings":{"posts_type":"paging","title":"","default_color":"accent","blog_style":"photo","image_aspect_ratio":1.3,"show_rss_icon":false,"show_date":false,"show_author":false,"show_tags":true,"show_comments_count":false,"bg_color_secondary":false,"width":"wrapper","padding_top":60,"padding_bottom":60}},"shogun-helper":{"type":"shogun-helper","settings":{}},"shogun-optimizer":{"type":"shogun-optimizer","settings":{}}},"order":["shogun-helper","main","recommended-posts","shogun-optimizer"]}