{"sections":{"hero":{"type":"collection-image-with-title","custom_css":[".rte.rte--header.collection__description p {font-size: 14px;}"],"settings":{"banner_height":"three-fifty-height","text_position":"middle-left","show_image":true,"text_color":"text-light","overlay_opacity":10,"bg_color_secondary":false,"padding_top":0,"padding_bottom":0}},"subcollections":{"type":"subcollections","disabled":true,"settings":{"subcollections":[],"limit":8,"layout":"grid","image_source":"collection","image_aspect_ratio":0.6,"image_overlay_opacity":10,"bg_color":"","text_color":"text-light","padding_top":30,"padding_bottom":14}},"main":{"type":"collection","settings":{"show_breadcrumbs":true,"enable_sorting":true,"enable_filters":true,"filters_layout":"first-open","show_more":true,"filter_mode":"group","bg_color":"","padding_top":30,"padding_bottom":60}},"section_text_Ang4nK":{"type":"section-text","blocks":{"heading_ykdRfe":{"type":"heading","settings":{"text":"<h2>About <em> <\/em><em>{{ collection.title }}<\/em><\/h2>","size":150,"heading_highlight_type":"underline","highlight_color":"#ff4400","highlight_text_color":"#000000"}},"text_TtHCFK":{"type":"text","settings":{"text":"<p>{{ collection.metafields.custom.plptext | metafield_tag }}<\/p><p><\/p><p><\/p>","size":100}}},"block_order":["heading_ykdRfe","text_TtHCFK"],"custom_css":["h2 {padding-bottom: 20px;}"],"settings":{"text_position":"center","bg_color_secondary":false,"text_color":"text-dark","width":"wrapper","padding_top":60,"padding_bottom":60}}},"order":["hero","subcollections","main","section_text_Ang4nK"]}