{"sections":{"hero":{"type":"collection-image-with-title","custom_css":[".rte.rte--header.collection__description p {font-size: 14px;}"],"settings":{"banner_height":"three-fifty-height","text_position":"middle-left","show_image":true,"text_color":"text-light","overlay_opacity":10,"bg_color_secondary":false,"padding_top":0,"padding_bottom":0}},"b5058786-b763-4ab8-b375-d96e3dbab791":{"type":"section-grid","blocks":{"template--21524360200470__b5058786-b763-4ab8-b375-d96e3dbab791-image-1":{"type":"image","disabled":true,"settings":{"width":"25","image":"{{ collection.image }}","overlay_opacity":10,"text_position":"left","subheading":"","title":"","text":"","button_1_text":"","button_1_link":"","button_2_text":"","button_2_link":"","text_color":"text-light"}}},"block_order":["template--21524360200470__b5058786-b763-4ab8-b375-d96e3dbab791-image-1"],"disabled":true,"settings":{"height":"350","heading_size":130,"button_1_color":"btn--white","button_1_style":"btn--text","button_1_size":"btn--small","button_2_color":"btn--black","button_2_style":"btn--text","button_2_size":"btn--small","bg_color_secondary":false,"enable_slider_mobile":true,"columns_mobile":"1","width":"wrapper--full-padded","add_gutter":true,"padding_top":0,"padding_bottom":0}},"section_list_butttons_mpKANa":{"type":"section-list-butttons","blocks":{"button_TMABYW":{"type":"button","settings":{"heading":"Lip Guards","button_link":"shopify:\/\/collections\/mouthguards-sport-football","overlay_opacity":100,"block_text_color":"","bg_color":"","border_color":""}},"button_MJY9A8":{"type":"button","settings":{"heading":"Back Plates","button_link":"shopify:\/\/collections\/back-plates","overlay_opacity":100,"block_text_color":"","bg_color":"","border_color":""}},"button_dtNxA4":{"type":"button","settings":{"heading":"Chin Straps","button_link":"shopify:\/\/collections\/chin-straps","overlay_opacity":100,"block_text_color":"","bg_color":"","border_color":""}},"button_qMjGMc":{"type":"button","settings":{"heading":"Lifestyle Apparel","button_link":"shopify:\/\/collections\/performance-apparel","overlay_opacity":100,"block_text_color":"","bg_color":"","border_color":""}},"button_EwkBi4":{"type":"button","settings":{"heading":"Football Gloves","button_link":"shopify:\/\/collections\/football-gloves","overlay_opacity":100,"block_text_color":"","bg_color":"","border_color":""}},"button_cVDY4r":{"type":"button","settings":{"heading":"Protective Shirts, Jerseys, and Tanks","button_link":"shopify:\/\/collections\/cups-and-supporters-shirts","overlay_opacity":100,"block_text_color":"","bg_color":"","border_color":""}},"button_XDqXjf":{"type":"button","settings":{"heading":"Leg\/Calf Sleeves","button_link":"shopify:\/\/collections\/calf-sleeves","overlay_opacity":100,"block_text_color":"","bg_color":"","border_color":""}}},"block_order":["button_TMABYW","button_MJY9A8","button_dtNxA4","button_qMjGMc","button_EwkBi4","button_cVDY4r","button_XDqXjf"],"settings":{"title":"","heading_size":100,"layout":"carousel","alignment":"center","collections_per_row":6,"columns_mobile":"1","type_style":"font-body","button_style":"pill","text_size":85,"letter_spacing":75,"bg_color":"#ffffff","block_text_color":"#000000","border_color":"#000000","section_bg_color":"#f7f7f7","section_text_color":"","enable_slider_mobile":true,"width":"wrapper--full-padded","padding_top":36,"padding_bottom":36}},"8d9a9dcc-b650-4240-8dbe-558bd59ba535":{"type":"section-text","blocks":{"template--21524360200470__8d9a9dcc-b650-4240-8dbe-558bd59ba535-heading-1":{"type":"heading","settings":{"text":"<p>{{ collection.title }}<\/p>","size":100,"heading_highlight_type":"italics","highlight_color":"#d43747","highlight_text_color":"#000000"}},"template--21524360200470__8d9a9dcc-b650-4240-8dbe-558bd59ba535-text-1":{"type":"text","settings":{"text":"<p>{{ collection.title }}<\/p>","size":100}}},"block_order":["template--21524360200470__8d9a9dcc-b650-4240-8dbe-558bd59ba535-heading-1","template--21524360200470__8d9a9dcc-b650-4240-8dbe-558bd59ba535-text-1"],"disabled":true,"settings":{"text_position":"left","bg_color_secondary":false,"text_color":"text-dark","width":"wrapper--full-padded","padding_top":16,"padding_bottom":0}},"subcollections":{"type":"subcollections","settings":{"subcollections":[],"limit":8,"layout":"grid","image_source":"collection","image_aspect_ratio":0.6,"image_overlay_opacity":10,"bg_color":"","text_color":"text-light","padding_top":30,"padding_bottom":14}},"main":{"type":"collection","blocks":{"96343c36-f832-4740-8cd6-2a90dcf9e4d9":{"type":"promo","disabled":true,"settings":{"collection":"","image":"shopify:\/\/shop_images\/3DIridescentMAF-LifestyleImage.jpg","position":5,"width":"half","title":"<p>NEW LIPGUARDS FOR SUMMER<\/p>","heading_highlight_type":"italics","highlight_color":"#fbcaff","highlight_text_color":"#ffffff","heading_size":100,"content":"Advertise a promotion or a sale","text_size":100,"text_color":"text-light","text_position":"bottom-left","layout":"stacked","overlay_opacity":10,"bg_color":"#f5f4f1","button_text":"SHOP NOW","button_link":"https:\/\/shdo-dev.myshopify.com\/collections\/mouthguards-sport-football","button_color":"btn--black","button_style":"btn--solid","button_size":"btn--small"}}},"block_order":["96343c36-f832-4740-8cd6-2a90dcf9e4d9"],"settings":{"show_breadcrumbs":true,"enable_sorting":true,"enable_filters":true,"filters_layout":"first-open","show_more":true,"filter_mode":"group","bg_color":"","padding_top":30,"padding_bottom":60}},"section_text_TnppGd":{"type":"section-text","blocks":{"heading_HJNjcj":{"type":"heading","settings":{"text":"<h2>About <em> <\/em><em>{{ collection.title }}<\/em><\/h2>","size":150,"heading_highlight_type":"underline","highlight_color":"#ff4400","highlight_text_color":"#000000"}},"text_arVKWc":{"type":"text","settings":{"text":"<p>{{ collection.metafields.custom.plptext | metafield_tag }}<\/p>","size":100}}},"block_order":["heading_HJNjcj","text_arVKWc"],"custom_css":["h2 {padding-bottom: 20px;}"],"settings":{"text_position":"center","bg_color_secondary":false,"text_color":"text-dark","width":"wrapper","padding_top":60,"padding_bottom":60}}},"order":["hero","b5058786-b763-4ab8-b375-d96e3dbab791","section_list_butttons_mpKANa","8d9a9dcc-b650-4240-8dbe-558bd59ba535","subcollections","main","section_text_TnppGd"]}