{"sections":{"hero":{"type":"collection-image-with-title","custom_css":[".rte.rte--header.collection__description p {font-size: 14px;}"],"settings":{"banner_height":"three-fifty-height","text_position":"middle-left","show_image":true,"text_color":"text-light","overlay_opacity":10,"bg_color_secondary":false,"padding_top":0,"padding_bottom":0}},"b5058786-b763-4ab8-b375-d96e3dbab791":{"type":"section-grid","blocks":{"template--21524360200470__b5058786-b763-4ab8-b375-d96e3dbab791-image-1":{"type":"image","disabled":true,"settings":{"width":"25","image":"{{ collection.image }}","overlay_opacity":10,"text_position":"left","subheading":"","title":"","text":"","button_1_text":"","button_1_link":"","button_2_text":"","button_2_link":"","text_color":"text-light"}}},"block_order":["template--21524360200470__b5058786-b763-4ab8-b375-d96e3dbab791-image-1"],"disabled":true,"settings":{"height":"350","heading_size":130,"button_1_color":"btn--white","button_1_style":"btn--text","button_1_size":"btn--small","button_2_color":"btn--black","button_2_style":"btn--text","button_2_size":"btn--small","bg_color_secondary":false,"enable_slider_mobile":true,"columns_mobile":"1","width":"wrapper--full-padded","add_gutter":true,"padding_top":0,"padding_bottom":0}},"section_list_butttons_mpKANa":{"type":"section-list-butttons","blocks":{"button_TMABYW":{"type":"button","settings":{"heading":"Football","button_link":"shopify:\/\/collections\/sports-football","overlay_opacity":100,"block_text_color":"","bg_color":"","border_color":""}},"button_MJY9A8":{"type":"button","settings":{"heading":"Hockey","button_link":"shopify:\/\/collections\/sports-hockey","overlay_opacity":100,"block_text_color":"","bg_color":"","border_color":""}},"button_dtNxA4":{"type":"button","settings":{"heading":"Baseball\/Softball","button_link":"shopify:\/\/collections\/sports-baseball-softball","overlay_opacity":100,"block_text_color":"","bg_color":"","border_color":""}},"button_qMjGMc":{"type":"button","settings":{"heading":"Basketball","button_link":"shopify:\/\/collections\/sports-basketball","overlay_opacity":100,"block_text_color":"","bg_color":"","border_color":""}},"button_EwkBi4":{"type":"button","settings":{"heading":"Martial Arts\/MMA","button_link":"shopify:\/\/collections\/sports-fight","overlay_opacity":100,"block_text_color":"","bg_color":"","border_color":""}},"button_cVDY4r":{"type":"button","settings":{"heading":"Lacrosse","button_link":"shopify:\/\/collections\/sports-lacrosse","overlay_opacity":100,"block_text_color":"","bg_color":"","border_color":""}},"button_4G4WFA":{"type":"button","settings":{"heading":"Soccer","button_link":"shopify:\/\/collections\/sports-soccer","overlay_opacity":100,"block_text_color":"","bg_color":"","border_color":""}},"button_Ptr9Vx":{"type":"button","settings":{"heading":"Action\/Extreme Sports","button_link":"shopify:\/\/collections\/sports-action-sports","overlay_opacity":100,"block_text_color":"","bg_color":"","border_color":""}},"button_Mzpkm3":{"type":"button","settings":{"heading":"Running Gear","button_link":"shopify:\/\/collections\/sports-running","overlay_opacity":100,"block_text_color":"","bg_color":"","border_color":""}}},"block_order":["button_TMABYW","button_MJY9A8","button_dtNxA4","button_qMjGMc","button_EwkBi4","button_cVDY4r","button_4G4WFA","button_Ptr9Vx","button_Mzpkm3"],"settings":{"title":"","heading_size":100,"layout":"carousel","alignment":"center","collections_per_row":6,"columns_mobile":"1","type_style":"font-body","button_style":"pill","text_size":100,"letter_spacing":75,"bg_color":"#ffffff","block_text_color":"#000000","border_color":"#000000","section_bg_color":"#f7f7f7","section_text_color":"","enable_slider_mobile":true,"width":"wrapper--full-padded","padding_top":36,"padding_bottom":36}},"subcollections":{"type":"subcollections","settings":{"subcollections":[],"limit":8,"layout":"grid","image_source":"collection","image_aspect_ratio":0.6,"image_overlay_opacity":10,"bg_color":"","text_color":"text-light","padding_top":30,"padding_bottom":14}},"main":{"type":"collection","blocks":{"96343c36-f832-4740-8cd6-2a90dcf9e4d9":{"type":"promo","disabled":true,"settings":{"collection":"","position":5,"width":"half","title":"<p>Promotion title<\/p>","heading_highlight_type":"circle","highlight_color":"#fbcaff","highlight_text_color":"#ffffff","heading_size":100,"content":"Advertise a promotion or a sale","text_size":100,"text_color":"text-light","text_position":"bottom-left","layout":"stacked","overlay_opacity":10,"bg_color":"#f5f4f1","button_text":"","button_link":"","button_color":"btn--white","button_style":"btn--solid-border","button_size":"btn--small"}}},"block_order":["96343c36-f832-4740-8cd6-2a90dcf9e4d9"],"settings":{"show_breadcrumbs":true,"enable_sorting":true,"enable_filters":true,"filters_layout":"first-open","show_more":true,"filter_mode":"group","bg_color":"","padding_top":30,"padding_bottom":60}},"section_text_46zkJM":{"type":"section-text","blocks":{"heading_AaGXUn":{"type":"heading","settings":{"text":"<h2>About <em> <\/em><em>{{ collection.title }}<\/em><\/h2>","size":100,"heading_highlight_type":"underline","highlight_color":"#ff4400","highlight_text_color":"#000000"}},"text_HytNBY":{"type":"text","settings":{"text":"<p>{{ collection.metafields.custom.plptext | metafield_tag }}<\/p>","size":100}}},"block_order":["heading_AaGXUn","text_HytNBY"],"custom_css":["h2 {padding-bottom: 20px;}"],"settings":{"text_position":"center","bg_color_secondary":false,"text_color":"text-dark","width":"wrapper","padding_top":60,"padding_bottom":60}}},"order":["hero","b5058786-b763-4ab8-b375-d96e3dbab791","section_list_butttons_mpKANa","subcollections","main","section_text_46zkJM"]}