{"sections":{"section_video_wNx6Hh":{"type":"section-video","disabled":true,"custom_css":["a.btn.btn--text.btn--small.btn--white {font-size: 150%;}",".video-text-wrapper {padding-bottom: 300px;}"],"settings":{"video_height":"two-thirds-height","text_position":"bottom-left","video_link_bg":"https:\/\/cdn.shopify.com\/videos\/c\/o\/v\/daac96700bbc4a3eb297f616d7f27c70.mp4","video_link":"","image":"shopify:\/\/shop_images\/SD25_Ecomm_ThunderBolt_HPBanner.webp","overlay_opacity":15,"text_color":"text-light","title":"<p>UNLEASH YOUR GAME<\/p>","heading_highlight_type":"stroke","highlight_color":"#d43747","highlight_text_color":"#ffffff","text":"NEW THUNDER BOLT LIP GUARDS ARE HERE","heading_size":100,"button_text":"SHOP NOW","button_link":"shopify:\/\/collections\/bolt-lip-guard-collection","button_color":"btn--white","button_style":"btn--text","button_size":"btn--medium"}},"section_banner_image_9pNtQE":{"type":"section-banner-image","blocks":{"heading_XxwUU7":{"type":"heading","settings":{"text":"<h1><em>NEW<\/em> HEX®<\/h1><h1>HEADBAND<\/h1>","size":150,"heading_highlight_type":"highlight-color","highlight_color":"#ff4400","highlight_text_color":"#ff4400"}},"text_dW6h9q":{"type":"text","settings":{"text":"<p>Five-Star Rated Protection Lets You Focus On The Game - Not The Contact.<\/p>","size":90}},"button_jrtxXm":{"type":"button","settings":{"button_1_text":"GET PROTECTED","button_1_link":"shopify:\/\/products\/showtime-hex-headband","button_1_color":"btn--white","button_1_style":"btn--text","button_1_size":"btn--medium","button_2_text":"","button_2_link":"","button_2_color":"btn--black","button_2_style":"btn--solid","button_2_size":"btn--small"}}},"block_order":["heading_XxwUU7","text_dW6h9q","button_jrtxXm"],"custom_css":["hr.aos-animate {display: none;}",".site-header--has-border {border-color: #e4e4e4;}","a.banner-image__btn.btn.btn--text.btn--large.btn--white {font-size: 125%;}","hr {display: none;}"],"settings":{"height":"three-quarters-height","enable_mobile_height":true,"mobile_height":"original-height-mobile","image":"shopify:\/\/shop_images\/SD25_HP-Banner-DSK_ShowtimeHeadbandLaunch.webp","image_mobile":"shopify:\/\/shop_images\/SD25_HP-Banner-MBL_ShowtimeHeadbandLaunch.webp","overlay_opacity":20,"transition":"zoom-out","enable_zoom_animation":true,"enable_card_scrolling":false,"increase_border_radius":false,"text_width":"narrow","text_position":"bottom-left","text_color":"text-light"}},"section_marquee_Drgfg4":{"type":"section-marquee","blocks":{"image_cMqmLK":{"type":"image","settings":{"image":"shopify:\/\/shop_images\/all_shock_-_no_static.svg","link":"","image_width":150}},"image_Tk3KRh":{"type":"image","settings":{"image":"shopify:\/\/shop_images\/BOLT_icons_1.webp","link":"","image_width":40}}},"block_order":["image_cMqmLK","image_Tk3KRh"],"custom_css":["img.announcement__image.img-object-contain {border-radius: 0px;}"],"settings":{"layout":"marquee","show_top_border":false,"show_bottom_border":false,"padding":10,"marquee_speed":50,"direction":"ticker-rtl","slider_speed":5,"show_arrows":false,"text_caps":false,"type_style":"subheading-text","text_size":120,"letter_spacing":0,"message_spacing":15,"bg_color":"#ffffff","gradient":"","color":"#000000","border_color":"#000000","padding_top":10,"padding_bottom":10}},"section_grid_bgN3XX":{"type":"section-grid","blocks":{"image_iPGLjL":{"type":"image","settings":{"width":"50","image":"shopify:\/\/shop_images\/Thunder_Bolt.webp","overlay_opacity":15,"text_position":"bottom-left","subheading":"","title":"UNLEASH YOUR GAME","text":"NEW THUNDER BOLT LIP GUARDS ARE HERE","button_1_text":"SHOP NOW","button_1_link":"shopify:\/\/collections\/bolt-lip-guard-collection","button_2_text":"","button_2_link":"","text_color":"text-light"}},"image_itWB4R":{"type":"image","settings":{"width":"50","image":"shopify:\/\/shop_images\/SD_FlagFootball_Block_REVISED.webp","overlay_opacity":0,"text_position":"bottom-left","subheading":"","title":"FLAG FOOTBALL ESSENTIALS","text":"Ready to Take Over","button_1_text":"SHOP FLAG FOOTBALL","button_1_link":"shopify:\/\/pages\/flag-football","button_2_text":"","button_2_link":"","text_color":"text-light"}},"image_3Q4tWd":{"type":"image","settings":{"width":"50","image":"shopify:\/\/shop_images\/SD_HOCKEY_EDITED-SELECTS-_21.webp","overlay_opacity":10,"text_position":"bottom-left","subheading":"","title":"TOP HOCKEY GEAR","text":"Confidence and Protection on The Ice","button_1_text":"Shop Now","button_1_link":"shopify:\/\/collections\/hockey-compression-gear-cups","button_2_text":"","button_2_link":"","text_color":"text-light"}},"image_6WgHJ6":{"type":"image","settings":{"width":"50","image":"shopify:\/\/shop_images\/842-LifestyleImage.webp","overlay_opacity":10,"text_position":"bottom-left","subheading":"","title":"5-STAR PERFORMANCE","text":"Our Shoulder Support is Built To Perform","button_1_text":"Shop Now","button_1_link":"shopify:\/\/products\/ultra-shoulder-support-with-stability-control","button_2_text":"","button_2_link":"","text_color":"text-light"}}},"block_order":["image_iPGLjL","image_itWB4R","image_3Q4tWd","image_6WgHJ6"],"custom_css":["h3.mosaic__item__heading.h2.aos-animate {font-size: 400%;}",".btn--white.btn--text {font-size: 140%;}"],"settings":{"height":"550","heading_size":200,"button_1_color":"btn--white","button_1_style":"btn--text","button_1_size":"btn--small","button_2_color":"btn--black","button_2_style":"btn--text","button_2_size":"btn--small","bg_color_secondary":false,"enable_slider_mobile":false,"columns_mobile":"1","width":"wrapper--full","add_gutter":true,"padding_top":26,"padding_bottom":30}},"section_tab_collections_qcCma4":{"type":"section-tab-collections","blocks":{"collection_TVHiDD":{"type":"collection","settings":{"title":"THINK PINK","tab_collection":"show-your-support","number_of_products":6,"show_image":false,"overlay_opacity":10,"heading":"","text_color":"text-light","button_text":"View All","button_link":"","button_color":"btn--white","button_style":"btn--solid-border","button_size":"btn--small"}},"collection_6AzCTR":{"type":"collection","settings":{"title":"NEW THUNDER BOLT LIP GUARDS","tab_collection":"bolt-lip-guard-collection","number_of_products":6,"show_image":false,"overlay_opacity":10,"heading":"","text_color":"text-light","button_text":"View All","button_link":"","button_color":"btn--white","button_style":"btn--solid-border","button_size":"btn--small"}},"collection_yhKmy6":{"type":"collection","settings":{"title":"BEST SELLERS","tab_collection":"best-sellers","number_of_products":6,"show_image":false,"overlay_opacity":10,"heading":"","text_color":"text-light","button_text":"View All","button_link":"","button_color":"btn--white","button_style":"btn--solid-border","button_size":"btn--small"}}},"block_order":["collection_TVHiDD","collection_6AzCTR","collection_yhKmy6"],"name":"Tab collections","settings":{"columns_mobile":"1","image_aspect_ratio":1.3,"text_alignment":"text-left","title":"TRENDING NOW","text":"","type_style":"subheading-text","tab_heading_size":120,"show_buttons":true,"collection_button_text":"Shop Now","collection_button_color":"btn--secondary","collection_button_style":"btn--solid","collection_button_size":"btn--medium","bg_color_secondary":false,"width":"wrapper--full-padded","padding_top":30,"padding_bottom":60}},"section_video_ik6FHY":{"type":"section-video","custom_css":["section#FeaturedVideo--template--17396677705900__section_video_ik6FHY {margin: 2%;}",".text-highlight__break {font-size: 54px;}"],"settings":{"video_height":"six-fifty-height","text_position":"middle-center","video_link_bg":"https:\/\/cdn.shopify.com\/videos\/c\/o\/v\/b9f3df6a363c46c4b277fd0e8fa4c398.mp4","video_link":"","image":"shopify:\/\/shop_images\/AKR38778_1.webp","overlay_opacity":25,"text_color":"text-light","title":"<p>HEAD-TURNING STYLE,<\/p><p>GAME-READY PROTECTION.<\/p>","heading_highlight_type":"highlight-color","highlight_color":"#d43747","highlight_text_color":"#ff4400","text":"Everything you need for Flag Football.","heading_size":180,"button_text":"DISCOVER FLAG FOOTBALL","button_link":"shopify:\/\/pages\/flag-football","button_color":"btn--white","button_style":"btn--text","button_size":"btn--large"}},"section_collection_VqXnXq":{"type":"section-collection","custom_css":["img.announcement__image.img-object-contain {border-radius: 0px;}"],"settings":{"collection":"essential-flag-football-gear","products_layout":"carousel","number_of_products":8,"products_per_row_on_desktop":4,"columns_mobile":"2","text_alignment":"text-left","title":"<p>ESSENTIAL FLAG FOOTBALL GEAR<\/p>","heading_highlight_type":"circle","highlight_color":"#d43747","highlight_text_color":"#000000","heading_size":100,"text":"","text_size":100,"button_text":"","button_color":"btn--black","button_style":"btn--text","button_size":"btn--large","bg_color_secondary":false,"enable_slider_mobile":true,"width":"wrapper--full-padded","padding_top":40,"padding_bottom":60}},"section_text_4aTi7D":{"type":"section-text","blocks":{"heading_emKrze":{"type":"heading","settings":{"text":"<p>PRODUCT GUIDES<\/p>","size":140,"heading_highlight_type":"italics","highlight_color":"#d43747","highlight_text_color":"#000000"}}},"block_order":["heading_emKrze"],"settings":{"text_position":"left","bg_color_secondary":false,"text_color":"text-dark","width":"wrapper--full-padded","padding_top":60,"padding_bottom":0}},"section_grid_7ij3A7":{"type":"section-grid","blocks":{"image_dta8nz":{"type":"image","settings":{"width":"33.33","image":"shopify:\/\/shop_images\/3DBlingChain-White-Gold-Lifestyle1.webp","overlay_opacity":20,"text_position":"bottom-left","subheading":"FITTING GUIDE","title":"FIND THE RIGHT MOUTHGUARD","text":"","button_1_text":"CHECK OUT OUR GUIDE","button_1_link":"shopify:\/\/pages\/mouthguard-fit-guide","button_2_text":"","button_2_link":"","text_color":"text-light"}},"image_JwxUaD":{"type":"image","settings":{"width":"33.33","image":"shopify:\/\/shop_images\/Brace_Support_Image.webp","overlay_opacity":20,"text_position":"bottom-left","subheading":"LEVELS OF PROTECTION","title":"FIND THE RIGHT BRACE & SUPPORT","text":"","button_1_text":"EXPLORE OUR BRACE GUIDE","button_1_link":"shopify:\/\/pages\/braces-and-supports-guide","button_2_text":"","button_2_link":"","text_color":"text-light"}},"image_d3fR3y":{"type":"image","settings":{"width":"33.33","image":"shopify:\/\/shop_images\/SD_Cups_Supporters_V3.webp","overlay_opacity":20,"text_position":"bottom-left","subheading":"FITTING GUIDE","title":"FIND THE RIGHT CUP SIZE","text":"","button_1_text":"FIND THE PERFECT SIZE CUP","button_1_link":"shopify:\/\/pages\/cup-fit-guide","button_2_text":"","button_2_link":"","text_color":"text-light"}}},"block_order":["image_dta8nz","image_JwxUaD","image_d3fR3y"],"settings":{"height":"550","heading_size":130,"button_1_color":"btn--white","button_1_style":"btn--text","button_1_size":"btn--small","button_2_color":"btn--black","button_2_style":"btn--text","button_2_size":"btn--small","bg_color_secondary":false,"enable_slider_mobile":true,"columns_mobile":"1","width":"wrapper--full-padded","add_gutter":true,"padding_top":0,"padding_bottom":60}},"section_list_butttons_aBq6jT":{"type":"section-list-butttons","blocks":{"button_QBa8D3":{"type":"button","settings":{"heading":"Mouthguards","button_link":"shopify:\/\/collections\/mouthguards","overlay_opacity":100,"block_text_color":"","bg_color":"","border_color":""}},"button_AdFQeP":{"type":"button","settings":{"heading":"Braces & Supports","button_link":"shopify:\/\/collections\/braces-supports","overlay_opacity":100,"block_text_color":"","bg_color":"","border_color":""}},"button_P9cTpF":{"type":"button","settings":{"heading":"Football Gear","button_link":"shopify:\/\/collections\/sports-football","overlay_opacity":100,"block_text_color":"","bg_color":"","border_color":""}},"button_9TraBN":{"type":"button","settings":{"heading":"Hockey Gear","button_link":"shopify:\/\/collections\/hockey-compression-gear-cups","overlay_opacity":100,"block_text_color":"","bg_color":"","border_color":""}},"button_FJxAc4":{"type":"button","settings":{"heading":"Baseball\/Softball","button_link":"shopify:\/\/collections\/baseball-softball-compression-gear-cups","overlay_opacity":100,"block_text_color":"","bg_color":"","border_color":""}},"button_pwhh6t":{"type":"button","settings":{"heading":"Basketball","button_link":"shopify:\/\/collections\/sports-basketball","overlay_opacity":100,"block_text_color":"","bg_color":"","border_color":""}},"button_jAfMjY":{"type":"button","settings":{"heading":"Cups & Compression","button_link":"shopify:\/\/collections\/cups-compression","overlay_opacity":100,"block_text_color":"","bg_color":"","border_color":""}}},"block_order":["button_QBa8D3","button_AdFQeP","button_P9cTpF","button_9TraBN","button_FJxAc4","button_pwhh6t","button_jAfMjY"],"disabled":true,"custom_css":[".flickity-button {background-color: #fff;}"],"settings":{"title":"","heading_size":50,"layout":"carousel","alignment":"center","collections_per_row":6,"columns_mobile":"1","type_style":"font-body","button_style":"pill","text_size":100,"letter_spacing":0,"bg_color":"rgba(0,0,0,0)","block_text_color":"#ffffff","border_color":"#ffffff","section_bg_color":"#000000","section_text_color":"","enable_slider_mobile":true,"width":"wrapper","padding_top":36,"padding_bottom":36}},"section_banner_image_hHLPFj":{"type":"section-banner-image","blocks":{"heading_FRmmrx":{"type":"heading","settings":{"text":"<p><strong>HOCKEY<\/strong><\/p><p><em><strong>SEASON DROPS<\/strong><\/em><\/p>","size":250,"heading_highlight_type":"highlight-color","highlight_color":"#ff4400","highlight_text_color":"#ff4400"}},"text_LeeU37":{"type":"text","settings":{"text":"<p><strong>Shop Hockey Compression Gear & Cups<\/strong><\/p>","size":100}},"button_dBbgTw":{"type":"button","settings":{"button_1_text":"Shop Cups & Compression","button_1_link":"shopify:\/\/collections\/hockey-compression-gear-cups","button_1_color":"btn--white","button_1_style":"btn--outline","button_1_size":"btn--medium","button_2_text":"","button_2_link":"","button_2_color":"btn--black","button_2_style":"btn--solid","button_2_size":"btn--small"}}},"block_order":["heading_FRmmrx","text_LeeU37","button_dBbgTw"],"disabled":true,"settings":{"height":"six-fifty-height","enable_mobile_height":false,"mobile_height":"four-fifty-height-mobile","image":"shopify:\/\/shop_images\/Rectangle_45.webp","overlay_opacity":25,"transition":"zoom-out","enable_zoom_animation":true,"enable_card_scrolling":false,"increase_border_radius":true,"text_width":"normal","text_position":"center","text_color":"text-light"}},"section_split_images_apqBwV":{"type":"section-split-images","blocks":{"image_yzW3fk":{"type":"image","settings":{"image":"shopify:\/\/shop_images\/DSC07922.jpg"}},"image_LUjbJN":{"type":"image","settings":{"image":"shopify:\/\/shop_images\/DSC07933-2.jpg"}}},"block_order":["image_yzW3fk","image_LUjbJN"],"disabled":true,"settings":{"image_height":"seven-fifty-height","enable_mobile_height":false,"mobile_image_height":"five-fifty-height-mobile","mobile_layout":"split","text_position":"middle-center","overlay_opacity":35,"width":"wrapper--narrow","text_color":"text-light","title":"<h2>FALL\/WINTER<\/h2><h2><em>LOOK BOOK<\/em><\/h2>","heading_highlight_type":"highlight-color","highlight_color":"#d43747","highlight_text_color":"#ff4400","heading_size":200,"text":"Our latest lookbook has dropped is now ready to shop","button_1_text":"Explore Look Book","button_1_link":"shopify:\/\/pages\/look-book","button_1_color":"btn--white","button_1_style":"btn--outline","button_1_size":"btn--medium","button_2_text":"","button_2_link":"","button_2_color":"btn--black","button_2_style":"btn--solid","button_2_size":"btn--small"}},"section_text_cXjdaP":{"type":"section-text","blocks":{"subheading_kaNKJx":{"type":"subheading","settings":{"text":"<h5>Innovative Protection Gear<\/h5>","size":125,"margin_bottom":16}},"heading_iDyzmD":{"type":"heading","settings":{"text":"<p><strong>WE EXIST TO <\/strong><em><strong>EMPOWER ATHLETES<\/strong><\/em><strong> WITH GEAR THAT SAFEGUARDS, ENHANCES, AND SUPPORTS PEAK PERFORMANCE.<\/strong><\/p>","size":160,"heading_highlight_type":"highlight","highlight_color":"#ff4400","highlight_text_color":"#000000"}},"button_VRAe37":{"type":"button","settings":{"button_text":"ABOUT US","button_link":"shopify:\/\/pages\/about-us","button_color":"btn--black","button_style":"btn--solid-border","button_size":"btn--medium"}}},"block_order":["subheading_kaNKJx","heading_iDyzmD","button_VRAe37"],"disabled":true,"custom_css":["h5 {color: #ff4a00;}",".text-section {--text-gap: 0px;}"],"settings":{"text_position":"center","bg_color_secondary":false,"text_color":"text-dark","width":"wrapper","padding_top":100,"padding_bottom":100}},"section-press-0":{"type":"section-press","blocks":{"section-press-0-block-0":{"type":"press","settings":{"text":"<p>★★★★★ <\/p><p>\"<em>I’ve been working for years on reducing my coffee and soda intake, and Neuro helped me eliminate soda entirely and get down to one cup of brew in the morning!\" - <\/em><strong>Kevin Lin - <\/strong>Co-founder & COO at Twitch<\/p>","link":"","press_logo":"shopify:\/\/shop_images\/Mask_group.webp","logo_width":80}},"section-press-0-block-1":{"type":"press","settings":{"text":"<p>★★★★★ <em>\"Impressed with how well the texture and flavor stays throughout my workouts. I chew the same piece for hours with the same great minty flavor!\" - <\/em><\/p><p><strong>Jen Smith - <\/strong>6x Crossfit Games Athlete<\/p>","link":"","press_logo":"shopify:\/\/shop_images\/avatar_1.webp","logo_width":80}},"section-press-0-block-2":{"type":"press","settings":{"text":"<p>★★★★★ \"<em>Impressed with how well the texture and flavor stays throughout my workouts. I chew the same piece for hours with the same great<br\/>minty flavor!\" - <\/em><strong>Apolo Ohno <\/strong>8x Olympic Medalist<\/p>","link":"","press_logo":"shopify:\/\/shop_images\/Mask_group-1.webp","logo_width":80}}},"block_order":["section-press-0-block-0","section-press-0-block-1","section-press-0-block-2"],"disabled":true,"custom_css":["h4 {font-size: 32px; font-weight: 300px; color: #fff;}","p {color: #fff;}"],"settings":{"title":"What people are saying","show_quotations":true,"show_rounded_corners":false,"autoplay":true,"duration":4,"bg_color_secondary":true,"width":"wrapper--narrow","padding_top":40,"padding_bottom":60}},"section_testimonials_JWe6Tr":{"type":"section-testimonials","blocks":{"text_FyEYft":{"type":"text","settings":{"star_rating":5,"enable_border":false,"heading":"We let our reviews speak for themselves.","text_size":125,"subheading":"<p>4.75 average<br\/>15,600 reviews<\/p>","block_color":"#fafbfc","text_color":"text-dark","text_alignment":"text-left"}},"testimonial_y7qG3U":{"type":"testimonial","settings":{"star_rating":5,"enable_border":true,"heading":"Highly Recommended","text_size":125,"text":"<p>I purchased 2 more of the knee compression sleeves because the first two I purchased worked great and helped me to increase the frequency of my running as well as the distance.<\/p>","customer_name":"Jwhit","subheading":"<p>Happy customer<\/p>"}},"testimonial_H4CA8y":{"type":"testimonial","settings":{"star_rating":5,"enable_border":true,"heading":"Best Mouthguard in Town","text_size":125,"text":"<p>Got these for a birthday he loves them incredible material and fit will get again<\/p>","customer_name":"Lindsay Smith","subheading":"<p>Los Angeles, CA<\/p>"}},"testimonial_nxKPcT":{"type":"testimonial","settings":{"star_rating":5,"enable_border":true,"heading":"Best Brace I've Ever Had","text_size":125,"text":"<p>I put this brace on and immediately my knee stabilized! I've been unable to walk more than a few blocks lately, and I knew I needed help. Walking is now pain-free...<\/p>","customer_name":"Eric Lopez","subheading":"<p>12 days ago<\/p>"}},"testimonial_pVEtBM":{"type":"testimonial","settings":{"star_rating":5,"enable_border":true,"heading":"Great Knee Brace","text_size":125,"text":"<p>Works great! Lost my ACL, doctor didn’t recommend surgery as I had that done years ago on other knee and that knee has end stage arthritis. This brace keeps my knee secure.<\/p>","customer_name":"The Joe","subheading":"<p>Verified customer<\/p>"}},"testimonial_pMmBz3":{"type":"testimonial","settings":{"star_rating":5,"enable_border":true,"heading":"Love The Gel Fit!","text_size":125,"text":"<p>I loved this mouth guard, so easy to use and mold for my daughter. The gel is a game changer for her as much more true fit. Love it!<\/p>","customer_name":"Sports Mom of 2","subheading":"<p>Verified customer<\/p>"}},"testimonial_KMyW9c":{"type":"testimonial","settings":{"star_rating":5,"enable_border":true,"heading":"Must have for any QB","text_size":125,"text":"<p>Works great! Stays cold far longer than actually needed (our doctor says not to ice longer than 20 mins), and the fact that the gel packs are fairly soft and flexible even when frozen, makes it really comfortable and conforming to the shoulder.<\/p>","customer_name":"Jenny Sanders","subheading":"<p>Verified customer<\/p>"}},"testimonial_hWFxHU":{"type":"testimonial","settings":{"star_rating":5,"enable_border":true,"heading":"Best Football Mouthguard","text_size":125,"text":"<p>This was the best mouth guard I used my whole football season. I definitely recommend this to anyone who like a mouth guard that will last and late is pretty good looking.<\/p>","customer_name":"John Edmonson","subheading":"<p>Loyal Customer<\/p>"}}},"block_order":["text_FyEYft","testimonial_y7qG3U","testimonial_H4CA8y","testimonial_nxKPcT","testimonial_pVEtBM","testimonial_pMmBz3","testimonial_KMyW9c","testimonial_hWFxHU"],"custom_css":[],"settings":{"subheading":"","subheading_size":100,"title":"OVER 10,000 FIVE STAR REVIEWS","heading_size":100,"text_alignment":"text-left","bg_color":"#ffffff","testimonial_block_color":"#ffffff","star_color":"","testimonial_text_color":"text-dark","width":"wrapper--full-padded","padding_top":60,"padding_bottom":60}},"section-newsletter-0":{"type":"section-newsletter","disabled":true,"settings":{"flex_align":"align--middle-split","text_color":"text-dark","title":"Newsletter","text":"<p>Sign up for exclusive deals and early access to new products.<\/p>","extra_fields":"name","button_text":"","bg_color":"","image_height":"three-fifty-height","overlay_opacity":10,"width":"wrapper","padding_top":60,"padding_bottom":60}},"section_icons_row_eMJRMj":{"type":"section-icons-row","blocks":{"text_NaMpeW":{"type":"text","settings":{"icon_name":"package","title":"Free Shipping On Orders $45+","text":""}},"text_9bmeDb":{"type":"text","settings":{"icon_name":"star","title":"Over 10,000 <br>Five Star Reviews","text":""}},"text_Aya3Ec":{"type":"text","settings":{"icon_name":"shield","title":"60 Day Money <br>Back Guarantee","text":""}},"text_3yHezb":{"type":"text","settings":{"icon_name":"award","title":"Trusted By Collegiate and Professional Athletes","text":""}}},"block_order":["text_NaMpeW","text_9bmeDb","text_Aya3Ec","text_3yHezb"],"settings":{"alignment":"center","columns":4,"icons_width":40,"heading":"","subheading":"","bg_color":"#ffffff","text_color":"#141414","box_color":"#ffffff","button_text":"","button_link":"","button_color":"btn--black","button_style":"btn--solid","button_size":"btn--small","enable_slider_mobile":true,"padding_top":60,"padding_bottom":60}}},"order":["section_video_wNx6Hh","section_banner_image_9pNtQE","section_marquee_Drgfg4","section_grid_bgN3XX","section_tab_collections_qcCma4","section_video_ik6FHY","section_collection_VqXnXq","section_text_4aTi7D","section_grid_7ij3A7","section_list_butttons_aBq6jT","section_banner_image_hHLPFj","section_split_images_apqBwV","section_text_cXjdaP","section-press-0","section_testimonials_JWe6Tr","section-newsletter-0","section_icons_row_eMJRMj"]}