{"sections":{"shogun-helper":{"type":"shogun-helper","disabled":true,"settings":{}},"main":{"type":"main-page","disabled":true,"settings":{"show_page_title":true,"bg_color_secondary":false,"padding_top":60,"padding_bottom":60}},"shogun-optimizer":{"type":"shogun-optimizer","disabled":true,"settings":{}},"section_video_kBFc7F":{"type":"section-video","name":"Video","settings":{"video_height":"seven-fifty-height","text_position":"middle-center","video_link_bg":"https:\/\/cdn.shopify.com\/videos\/c\/o\/v\/b9f3df6a363c46c4b277fd0e8fa4c398.mp4","video_link":"","image":"shopify:\/\/shop_images\/AKR38778_1.webp","overlay_opacity":10,"text_color":"text-light","title":"<p>HEAD-TURNING STYLE, <\/p><p>GAME-READY PROTECTION.<\/p>","heading_highlight_type":"italics","highlight_color":"#d43747","highlight_text_color":"#000000","text":"Everything you need for Flag Football.","heading_size":120,"button_text":"SHOP ALL MOUTHGUARDS","button_link":"shopify:\/\/collections\/flag-football-mouthguards-and-lip-guards","button_color":"btn--white","button_style":"btn--solid","button_size":"btn--small"}},"ss_collection_5_diERY3":{"type":"ss-collection-5","blocks":{"collection_T3twkG":{"type":"collection","settings":{"collection":"flavored-mouthguards","image":"shopify:\/\/shop_images\/SD25_FF_SBS_FlavoredMouthguards.jpg","sub_heading":"Exclusive collections","heading":"FLAVORED MOUTHGUARDS","button":""}},"collection_HnRh6B":{"type":"collection","settings":{"collection":"mouthguards-sport-football","image":"shopify:\/\/shop_images\/SD25_FF_SBS_Lipguards_1.jpg","sub_heading":"Let your game do the talking","heading":"LIP GUARDS","button":""}},"collection_afbtye":{"type":"collection","settings":{"collection":"mouthguards-fit-slim","image":"shopify:\/\/shop_images\/SD25_FF_SBS_SlimFitMouthguards.jpg","sub_heading":"Call your shots","heading":"SLIM FIT MOUTHGUARDS","button":""}},"collection_8U9HqK":{"type":"collection","settings":{"collection":"mouthguards-fit-classic","image":"shopify:\/\/shop_images\/SD25_FF_SBS_ClassicFitMouthguards_77092bd4-af5e-48e4-97e7-0cdd83999f99.jpg","sub_heading":"All-around performance","heading":"CLASSIC FIT MOUTHGUARDS","button":""}},"collection_CHTAUR":{"type":"collection","settings":{"collection":"mouthguards-fit-braces","image":"shopify:\/\/shop_images\/SD25_Braces_Mouthguards.jpg","sub_heading":"Made for orthodontics","heading":"BRACES MOUTHGUARDS","button":""}}},"block_order":["collection_T3twkG","collection_HnRh6B","collection_afbtye","collection_8U9HqK","collection_CHTAUR"],"name":"SS - Collection #5","settings":{"icon_size":30,"icon_size_mobile":30,"icon_align":"center","icon_align_mobile":"center","hide_icon":true,"heading":"<h3>SHOP BY STYLE<\/h3>","heading_custom":true,"heading_font":"inter_n7","heading_size":32,"heading_size_mobile":24,"heading_height":50,"heading_mt":16,"heading_align":"left","heading_align_mobile":"center","text":"","text_custom":false,"text_font":"josefin_sans_n4","text_size":16,"text_size_mobile":15,"text_height":150,"text_mt":20,"text_width":80,"text_align":"center","text_align_mobile":"center","slider_view":4,"slider_view_mobile":1.2,"slider_gap":24,"slider_gap_mobile":16,"slider_mt":36,"autoplay":false,"autoplay_delay":2,"card_padding_vertical":20,"card_padding_vertical_mobile":20,"card_padding_horizontal":20,"card_padding_horizontal_mobile":20,"card_radius":10,"card_border_thickness":0,"card_overlay":0.1,"card_ratio":"portrait","card_ratio_mobile":"portrait","card_shadow":false,"content_vertical_position":"end","content_vertical_position_mobile":"end","content_horizontal_position":"start","content_horizontal_position_mobile":"start","sub_heading_custom":false,"sub_heading_font":"inter_n4","sub_heading_size":14,"sub_heading_size_mobile":14,"sub_heading_height":160,"title_custom":false,"title_font":"inter_n6","title_size":28,"title_size_mobile":28,"title_height":100,"title_mt":20,"button_custom":false,"button_font":"josefin_sans_n4","button_size":13,"button_size_mobile":13,"button_height":100,"button_padding_vertical":16,"button_padding_vertical_mobile":16,"button_padding_horizontal":24,"button_padding_horizontal_mobile":24,"button_radius":40,"button_border_thickness":0,"button_mt":24,"arrow_size":50,"arrow_size_mobile":50,"arrow_icon_size":28,"arrow_icon_size_mobile":28,"arrow_border_thickness":0,"arrow_show_desktop":true,"arrow_show_mobile":false,"dots_size":8,"dots_size_mobile":12,"dots_show_desktop":true,"dots_show_mobile":false,"arrow_color":"#121212","arrow_hover_color":"#121212","arrow_bg_color":"#ffffff","arrow_bg_hover_color":"#ffffff","arrow_border_color":"#ffffff","arrow_border_hover_color":"#ffffff","dots_color":"#121212","button_color":"#121212","button_hover_color":"#ffffff","button_bg_color":"#ffffff","button_bg_hover_color":"#121212","button_border_color":"#121212","button_border_hover_color":"#121212","sub_heading_color":"#ffffff","title_color":"#ffffff","card_bg_color":"#dddddd","card_border_color":"#121212","card_overlay_color":"#121212","card_shadow_color":"#121212","icon_color":"#858585","heading_color":"#121212","text_color":"#121212","background_color":"#ffffff","background_gradient":"","border_color":"#121212","margin_top":0,"margin_bottom":0,"padding_top":36,"padding_bottom":24,"padding_horizontal":2,"padding_horizontal_mobile":1.5,"full_width":false,"content_width":1600,"border_thickness":0,"lazy":true}},"section_custom_html_HhcT6w":{"type":"section-custom-html","name":"Custom code","settings":{"custom_code":"<span id=\"ff-video\"><\/span>","width":"wrapper","padding_top":0,"padding_bottom":0}},"section_text_DV3zA8":{"type":"section-text","blocks":{"heading_M49JeR":{"type":"heading","settings":{"text":"<p>READY TO TAKE OVER<\/p>","size":140,"heading_highlight_type":"italics","highlight_color":"#d43747","highlight_text_color":"#000000"}}},"block_order":["heading_M49JeR"],"name":"Text","settings":{"text_position":"center","bg_color_secondary":false,"text_color":"text-dark","width":"wrapper--narrow","padding_top":60,"padding_bottom":0}},"section_custom_html_agjQXc":{"type":"section-custom-html","name":"Custom code","settings":{"custom_code":"<style>\n video {\n width: 95%;\n height: auto;\n display: block;\n margin: 0 auto;\n border-radius: 10px;\n}\n<\/style>\n<video muted autoplay playsinline loop controls>\n   <source src=\"https:\/\/cdn.shopify.com\/videos\/c\/o\/v\/58249d46234c4f9ba3ddbe5d45cf2c06.mp4\" type=\"video\/mp4\">\n   <source src=\"https:\/\/cdn.shopify.com\/videos\/c\/o\/v\/62fc718cf02c49e6b31ab08cb913aacb.mp4\" type=\"video\/mp4\">\n<\/video>","width":"wrapper","padding_top":20,"padding_bottom":60}},"ss_video_with_text_LqQdh4":{"type":"ss-video-with-text","blocks":{"caption_4KEqT6":{"type":"caption","settings":{"caption":"GIRLS FLAG FOOTBALL","text_style":"caption-with-letter-spacing","text_size":"medium"}},"heading_87cJQE":{"type":"heading","settings":{"heading":"WE'RE REWRITING THE GAME","heading_custom":false,"heading_font":"assistant_n4","header_size":66,"font_weight":"600","heading_height":90,"heading_mt":0,"heading_color":"#000000"}},"text_HxYQPj":{"type":"text","settings":{"text":"<p>We’re trailblazing a new path in partnership<br\/>with Makena Cook, QB1\/WR for Orange Lutheran and a rising star in Girls Flag Football with a growing list of accolades: USA <em>Jr. National Flag Football <\/em>MVP & 2x Trinity League MVP. <\/p><p><\/p><p>This is only the beginning. The only way is up—the only way is <em>together<\/em>.<\/p>","text_custom":true,"text_font":"inter_n4","text_size":18,"text_height":150,"text_mt":0,"text_color":"#121212"}}},"block_order":["caption_4KEqT6","heading_87cJQE","text_HxYQPj"],"disabled":true,"custom_css":["div#image-with-text-template--18107763818668__ss_video_with_text_LqQdh4-media-template--18107763818668__ss_video_with_text_LqQdh4 {height: 40vh;}"],"name":"SS - Video with text #1","settings":{"media":"video","image_height":"adapt","desktop_image_width":"66","image_radius":10,"layout":"text_first","video":"shopify:\/\/files\/videos\/SD_GIRLS FLAG TEASER_V1 (1).mp4","video_url":"","icon_play_size":30,"video_controls":true,"video_autoplay":true,"video_loop":true,"desktop_content_alignment":"left","mobile_content_alignment":"center","content_padding_top":36,"content_padding_bottom":36,"content_padding_horizontal":5,"content_padding_horizontal_mobile":1.5,"content_spacing":18,"wrapper_border":false,"content_border_thickness":1,"border_radius":20,"padding_inside":40,"shadow":false,"background_color":"#ffffff","background_gradient":"","border_color":"#121212","content_background_color":"#f5f5f5","content_border_color":"#d3d3d3","margin_top":0,"margin_bottom":0,"padding_top":40,"padding_bottom":40,"padding_horizontal":2,"padding_horizontal_mobile":1.5,"content_layout":false,"content_width":1600,"border_thickness":0,"lazy":true}},"section_banner_image_z9DP3D":{"type":"section-banner-image","blocks":{"heading_4zYz3f":{"type":"heading","settings":{"text":"<p>MAKENA'S <\/p><p>TOP PICKS<\/p>","size":160,"heading_highlight_type":"italics","highlight_color":"#d43747","highlight_text_color":"#000000"}},"text_LryE9g":{"type":"text","settings":{"text":"<p>QB1. WR1.\u2028NATIONAL PLAYER OF THE YEAR<\/p>","size":100}}},"block_order":["heading_4zYz3f","text_LryE9g"],"custom_css":["hr {display: none;}"],"name":"Banner image","settings":{"height":"five-fifty-height","enable_mobile_height":true,"mobile_height":"five-fifty-height-mobile","image":"shopify:\/\/shop_images\/SD25_Makena_Hero_DSK.webp","image_mobile":"shopify:\/\/shop_images\/AKR37759_1.webp","overlay_opacity":0,"transition":"zoom-out","enable_zoom_animation":true,"enable_card_scrolling":false,"increase_border_radius":true,"text_width":"narrow","text_position":"bottom-left","text_color":"text-light"}},"section_collection_yYyqXX":{"type":"section-collection","custom_css":["section {background: #ffffff;}"],"name":"Featured collection","settings":{"collection":"makenas-top-picks","products_layout":"carousel","number_of_products":8,"products_per_row_on_desktop":4,"columns_mobile":"2","text_alignment":"text-left","title":"","heading_highlight_type":"circle","highlight_color":"#d43747","highlight_text_color":"#000000","heading_size":100,"text":"","text_size":100,"button_text":"","button_color":"btn--black","button_style":"btn--text","button_size":"btn--large","bg_color_secondary":false,"enable_slider_mobile":true,"width":"wrapper--full-padded","padding_top":20,"padding_bottom":60}},"ss_video_with_text_jpyRbJ":{"type":"ss-video-with-text","blocks":{"caption_dYMRCC":{"type":"caption","settings":{"caption":"BOYS FLAG FOOTBALL","text_style":"caption-with-letter-spacing","text_size":"medium"}},"heading_bDREVM":{"type":"heading","settings":{"heading":"GEAR UP. LOCK IT DOWN.","heading_custom":false,"heading_font":"assistant_n4","header_size":66,"font_weight":"600","heading_height":90,"heading_mt":0,"heading_color":"#121212"}},"text_BgHC4U":{"type":"text","settings":{"text":"<p>Show up and show out with gear that keeps you locked in and ready to dominate everyone.<\/p>","text_custom":true,"text_font":"inter_n4","text_size":18,"text_height":150,"text_mt":0,"text_color":"#000000"}}},"block_order":["caption_dYMRCC","heading_bDREVM","text_BgHC4U"],"disabled":true,"custom_css":["div#image-with-text-template--18107763818668__ss_video_with_text_jpyRbJ-media-template--18107763818668__ss_video_with_text_jpyRbJ {height: 68vh;}"],"name":"SS - Video with text #1","settings":{"media":"video","image_height":"adapt","desktop_image_width":"66","image_radius":10,"layout":"image_first","video":"shopify:\/\/files\/videos\/SD_LEGENDS SLIDER VIDEO_V2.mp4","video_url":"https:\/\/www.youtube.com\/watch?v=_9VUPq3SxOc","icon_play_size":30,"video_controls":true,"video_autoplay":true,"video_loop":true,"desktop_content_alignment":"left","mobile_content_alignment":"center","content_padding_top":40,"content_padding_bottom":40,"content_padding_horizontal":5,"content_padding_horizontal_mobile":1.5,"content_spacing":18,"wrapper_border":false,"content_border_thickness":1,"border_radius":20,"padding_inside":40,"shadow":false,"background_color":"#ffffff","background_gradient":"","border_color":"#121212","content_background_color":"#f5f5f5","content_border_color":"#d3d3d3","margin_top":0,"margin_bottom":0,"padding_top":40,"padding_bottom":40,"padding_horizontal":2,"padding_horizontal_mobile":1.5,"content_layout":false,"content_width":1600,"border_thickness":0,"lazy":true}},"section_products_with_image_b6hNMD":{"type":"section-products-with-image","custom_css":["hr {display: none;}"],"name":"Products with image","settings":{"collection":"essential-flag-football-gear","product_list":[],"products_layout":"split-right","number_of_products":4,"products_per_row_on_desktop":"2","columns_mobile":"2","image":"shopify:\/\/shop_images\/SO104474_2.jpg","overlay_opacity":0,"text_position":"bottom-left","text_color":"text-light","title":"<p>ESSENTIAL FLAG <\/p><p>FOOTBALL GEAR<\/p>","heading_highlight_type":"circle","highlight_color":"#d43747","highlight_text_color":"#000000","heading_size":165,"text":"","text_size":80,"button_text":"Shop Essential Gear","button_link":"shopify:\/\/collections\/essential-flag-football-gear","button_color":"btn--white","button_style":"btn--text","button_size":"btn--large","bg_color_secondary":false,"enable_slider_mobile":true,"width":"wrapper--full-padded","padding_top":60,"padding_bottom":60}},"section_look_HTbckJ":{"type":"section-look","blocks":{"product_eQM3UK":{"type":"product","settings":{"product":"kool-aid-cherry-gel-max-power-flavor-fusion-mouthguard","position_x":18,"position_y":54}},"product_3KbKCJ":{"type":"product","settings":{"product":"icee-gel-max-power-flavor-fusion-mouthguard","position_x":35,"position_y":51}},"product_KzGnfT":{"type":"product","settings":{"product":"warheads-sour-watermelon-gel-max-power-flavor-fusion-mouthguard","position_x":90,"position_y":63}}},"block_order":["product_eQM3UK","product_3KbKCJ","product_KzGnfT"],"custom_css":["section {background: #fff;}","hr {display: none;}"],"name":"Shop the look ","settings":{"image":"shopify:\/\/shop_images\/AKR38969_1.jpg","enable_aspect_ratio":true,"main_image_aspect_ratio":1.2,"title":"SHOP THE LOOK","text":"","text_alignment":"text-center","show_hotspots":true,"content_color":"text-dark","hotspot_color":"","bg_color_secondary":false,"width":"wrapper--full-padded","padding_top":80,"padding_bottom":80}},"section_products_with_image_6aAVPQ":{"type":"section-products-with-image","disabled":true,"name":"Products with image","settings":{"collection":"","product_list":[],"products_layout":"split-left","number_of_products":4,"products_per_row_on_desktop":"2","columns_mobile":"2","overlay_opacity":10,"text_position":"middle-center","text_color":"text-dark","title":"<p>Best Sellers<\/p>","heading_highlight_type":"circle","highlight_color":"#d43747","highlight_text_color":"#000000","heading_size":100,"text":"<p>Use this text to share information about your collection with your customers.<\/p>","text_size":100,"button_text":"Shop Now","button_link":"","button_color":"btn--black","button_style":"btn--text","button_size":"btn--large","bg_color_secondary":false,"enable_slider_mobile":true,"width":"wrapper--full-padded","padding_top":60,"padding_bottom":60}}},"order":["shogun-helper","main","shogun-optimizer","section_video_kBFc7F","ss_collection_5_diERY3","section_custom_html_HhcT6w","section_text_DV3zA8","section_custom_html_agjQXc","ss_video_with_text_LqQdh4","section_banner_image_z9DP3D","section_collection_yYyqXX","ss_video_with_text_jpyRbJ","section_products_with_image_b6hNMD","section_look_HTbckJ","section_products_with_image_6aAVPQ"]}