{"sections":{"main":{"type":"main-page","disabled":true,"settings":{"show_page_title":true,"bg_color_secondary":false,"padding_top":60,"padding_bottom":60}},"section_video_FmiQVW":{"type":"section-video","settings":{"video_height":"two-thirds-height","text_position":"middle-center","video_link_bg":"https:\/\/cdn.shopify.com\/videos\/c\/o\/v\/4ac72782aa274e388c4ffee7cb4147c3.mp4","video_link":"","image":"shopify:\/\/shop_images\/SD_Legends_placholder_imageV2.webp","overlay_opacity":45,"text_color":"text-light","title":"<p>LEGENDS <\/p><p>SHOWCASE<\/p>","heading_highlight_type":"italics","highlight_color":"#d43747","highlight_text_color":"#000000","text":"","heading_size":180,"button_text":"","button_link":"","button_color":"btn--white","button_style":"btn--solid-border","button_size":"btn--small"}},"section_banner_image_tJKftB":{"type":"section-banner-image","blocks":{"heading_WMtfEH":{"type":"heading","settings":{"text":"","size":180,"heading_highlight_type":"italics","highlight_color":"#d43747","highlight_text_color":"#000000"}}},"block_order":["heading_WMtfEH"],"disabled":true,"settings":{"height":"three-quarters-height","enable_mobile_height":false,"mobile_height":"four-fifty-height-mobile","image":"shopify:\/\/shop_images\/SD_hero_dsk.jpg","image_mobile":"shopify:\/\/shop_images\/SD_legends_hero_MBl_2.jpg","overlay_opacity":0,"transition":"zoom-out","enable_zoom_animation":true,"enable_card_scrolling":false,"increase_border_radius":true,"text_width":"normal","text_position":"center","text_color":"text-light"}},"section_marquee_4VHHyC":{"type":"section-marquee","blocks":{"image_DiQtiJ":{"type":"image","settings":{"image":"shopify:\/\/shop_images\/SD_icon_gray_1.svg","link":"","image_width":30}},"image_Qy49WF":{"type":"image","settings":{"image":"shopify:\/\/shop_images\/belegendary_icon_a8aa8843-c2f8-47a6-8641-46c74fd5ddb0.svg","link":"","image_width":140}}},"block_order":["image_DiQtiJ","image_Qy49WF"],"custom_css":["img.announcement__image.img-object-contain {border-radius: 0px;}"],"settings":{"layout":"marquee","show_top_border":false,"show_bottom_border":false,"padding":20,"marquee_speed":100,"direction":"ticker-ltr","slider_speed":7,"show_arrows":false,"text_caps":false,"type_style":"subheading-text","text_size":120,"letter_spacing":0,"message_spacing":15,"bg_color":"#000000","gradient":"","color":"#000000","border_color":"#000000","padding_top":0,"padding_bottom":0}},"section_text_Wz7E8P":{"type":"section-text","blocks":{"heading_7LWLPL":{"type":"heading","settings":{"text":"<h2>THE <em>PREMIER 7V7<\/em><\/h2><h2>FOOTBALL CIRCUIT<\/h2>","size":250,"heading_highlight_type":"highlight-color","highlight_color":"#d43747","highlight_text_color":"#ff4400"}},"text_prNt46":{"type":"text","settings":{"text":"<p>Legendary moments are made from great opportunities and that opportunity is now. Shock Doctor’s Legends Showcase is the premier national 7v7 football series for high school and youth athletes — and we’re going big for 2025. Premium national venues, elite exposure, live entertainment and surprises, and the top competition in the game.<\/p>","size":85}}},"block_order":["heading_7LWLPL","text_prNt46"],"custom_css":["h2 {color: #fff;}","p {color: #fff;}"],"settings":{"text_position":"center","bg_color_secondary":true,"text_color":"text-light","width":"wrapper--narrow","padding_top":60,"padding_bottom":20}},"section_list_butttons_9a3yYC":{"type":"section-list-butttons","blocks":{"button_TnhMPU":{"type":"button","settings":{"heading":"EVENT REGISTRATOIN","button_link":"#events","overlay_opacity":100,"block_text_color":"","bg_color":"","border_color":""}},"button_KMtGBd":{"type":"button","settings":{"heading":"MEDIA REGISTRATION","button_link":"shopify:\/\/pages\/legends-showcase-media-registration","overlay_opacity":100,"block_text_color":"","bg_color":"","border_color":""}},"button_XgPdp4":{"type":"button","settings":{"heading":"RULES & REGULATIONS","button_link":"https:\/\/www.shockdoctor.com\/pages\/legends-showcase-rules-regulations","overlay_opacity":100,"block_text_color":"","bg_color":"","border_color":""}},"button_DcJcWK":{"type":"button","settings":{"heading":"Uniform request","button_link":"shopify:\/\/pages\/legends-showcase-uniform-sales-registration","overlay_opacity":100,"block_text_color":"","bg_color":"","border_color":""}}},"block_order":["button_TnhMPU","button_KMtGBd","button_XgPdp4","button_DcJcWK"],"settings":{"title":"","heading_size":100,"layout":"carousel","alignment":"center","collections_per_row":6,"columns_mobile":"1","type_style":"button-typography","button_style":"pill","text_size":115,"letter_spacing":75,"bg_color":"#ff4400","block_text_color":"#ffffff","border_color":"rgba(0,0,0,0)","section_bg_color":"#000000","section_text_color":"","enable_slider_mobile":false,"width":"wrapper","padding_top":10,"padding_bottom":36}},"section_custom_html_qkfFNa":{"type":"section-custom-html","custom_css":["section {background: #000;}"],"settings":{"custom_code":"<center>\n<iframe width=\"1000\" height=\"500\" src=\"https:\/\/player.vimeo.com\/video\/741194186?autoplay=1&muted=1&loop=1&playlist=&transparent=0\" frameborder=\"0\" allowfullscreen><\/iframe>\n<\/center>","width":"wrapper","padding_top":20,"padding_bottom":20}},"section_marquee_BBArjL":{"type":"section-marquee","blocks":{"image_U6XiJN":{"type":"image","settings":{"image":"shopify:\/\/shop_images\/SD_icon_gray_1.svg","link":"","image_width":30}},"image_dA7aF3":{"type":"image","settings":{"image":"shopify:\/\/shop_images\/belegendary_icon_a8aa8843-c2f8-47a6-8641-46c74fd5ddb0.svg","link":"","image_width":140}}},"block_order":["image_U6XiJN","image_dA7aF3"],"custom_css":["img.announcement__image.img-object-contain {border-radius: 0px;}"],"settings":{"layout":"marquee","show_top_border":false,"show_bottom_border":false,"padding":20,"marquee_speed":100,"direction":"ticker-rtl","slider_speed":7,"show_arrows":false,"text_caps":false,"type_style":"subheading-text","text_size":120,"letter_spacing":0,"message_spacing":15,"bg_color":"#000000","gradient":"","color":"#000000","border_color":"#000000","padding_top":0,"padding_bottom":0}},"section_text_ipXkpi":{"type":"section-text","blocks":{"heading_8NJaGF":{"type":"heading","settings":{"text":"<h2>EVENT REGISTRATION<\/h2>","size":250,"heading_highlight_type":"italics","highlight_color":"#d43747","highlight_text_color":"#000000"}},"text_ye7TXj":{"type":"text","settings":{"text":"<p>Please sign up and register for the locations and dates listed below, and remember to book your hotel accommodations using the provided links.<\/p>","size":85}}},"block_order":["heading_8NJaGF","text_ye7TXj"],"settings":{"text_position":"center","bg_color_secondary":true,"text_color":"text-light","width":"wrapper--narrow","padding_top":100,"padding_bottom":60}},"section_custom_html_zTWUHj":{"type":"section-custom-html","settings":{"custom_code":"<span id=\"events\"><\/span>","width":"wrapper","padding_top":0,"padding_bottom":0}},"section_grid_dPPzAY":{"type":"section-grid","blocks":{"image_PUiJL7":{"type":"image","settings":{"width":"50","image":"shopify:\/\/shop_images\/SD_location_dallas_1.jpg","overlay_opacity":55,"text_position":"left","subheading":"January 25 - 26 2025","title":"DALLAS, TEXAS","text":"REGISTRATION CLOSED","button_1_text":"","button_1_link":"","button_2_text":"","button_2_link":"","text_color":"text-light"}},"image_3RbBrL":{"type":"image","settings":{"width":"50","image":"shopify:\/\/shop_images\/SD_location_houston_1.jpg","overlay_opacity":55,"text_position":"left","subheading":"February 15 - 16 2025","title":"HOUSTON, TEXAS","text":"REGISTRATION CLOSED","button_1_text":"","button_1_link":"","button_2_text":"","button_2_link":"","text_color":"text-light"}},"image_pPkhzf":{"type":"image","settings":{"width":"50","image":"shopify:\/\/shop_images\/SD_location_navada.jpg","overlay_opacity":55,"text_position":"left","subheading":"March 8 - 9 2025","title":"MESQUITE, NEVADA","text":"REGISTRATION CLOSED","button_1_text":"","button_1_link":"","button_2_text":"","button_2_link":"","text_color":"text-light"}},"image_xGe3fL":{"type":"image","settings":{"width":"50","image":"shopify:\/\/shop_images\/SD_location_atlanta.jpg","overlay_opacity":55,"text_position":"left","subheading":"March 22 - 23 2025","title":"ATLANTA, GEORGIA","text":"REGISTRATION CLOSED","button_1_text":"","button_1_link":"","button_2_text":"","button_2_link":"","text_color":"text-light"}},"image_q3rrwP":{"type":"image","settings":{"width":"50","image":"shopify:\/\/shop_images\/SD_location_orlando.jpg","overlay_opacity":10,"text_position":"left","subheading":"April 5 - 6 2025","title":"ORLANDO, FLORIDA","text":"REGISTRATION CLOSED","button_1_text":"","button_1_link":"","button_2_text":"","button_2_link":"","text_color":"text-light"}}},"block_order":["image_PUiJL7","image_3RbBrL","image_pPkhzf","image_xGe3fL","image_q3rrwP"],"settings":{"height":"250","heading_size":150,"button_1_color":"btn--secondary","button_1_style":"btn--solid","button_1_size":"btn--small","button_2_color":"btn--white","button_2_style":"btn--outline","button_2_size":"btn--small","bg_color_secondary":true,"enable_slider_mobile":false,"columns_mobile":"1","width":"wrapper","add_gutter":true,"padding_top":0,"padding_bottom":100}},"section_banner_image_XzCqEh":{"type":"section-banner-image","blocks":{"subheading_Dgcy7m":{"type":"subheading","settings":{"text":"<h4>GET THE BAG<\/h4>","size":100}},"heading_RGjCRP":{"type":"heading","settings":{"text":"<p>WIN @ LEGENDS<\/p>","size":250,"heading_highlight_type":"italics","highlight_color":"#d43747","highlight_text_color":"#000000"}},"text_LFmdCV":{"type":"text","settings":{"text":"<p>Legendary moments are made from great opportunities and that opportunity is now. Shock Doctor’s Legends Showcase is the premier national 7v7 football series for high school and youth athletes — and we’re back for 2024. Premium national venues, elite exposure, live entertainment and surprises, and the top competition in the game.<\/p>","size":85}}},"block_order":["subheading_Dgcy7m","heading_RGjCRP","text_LFmdCV"],"custom_css":["H4 {color: #ff4400;}",".text-reveal__cropper {overflow: visible;}"],"settings":{"height":"five-fifty-height","enable_mobile_height":false,"mobile_height":"four-fifty-height-mobile","image":"shopify:\/\/shop_images\/sd_winat_legends.jpg","overlay_opacity":0,"transition":"zoom-out","enable_zoom_animation":true,"enable_card_scrolling":false,"increase_border_radius":true,"text_width":"normal","text_position":"center","text_color":"text-light"}},"section_list_collection_bT37ar":{"type":"section-list-collection","blocks":{"collection_CATHxt":{"type":"collection","settings":{"collection":"","custom_collection_image":"shopify:\/\/shop_images\/SD_18U_51d20be0-8c7a-41aa-a90f-0e469f322c86.svg","heading":"","block_text_color":"","bg_color":"","overlay_opacity":30}},"collection_jX3KUX":{"type":"collection","settings":{"collection":"","custom_collection_image":"shopify:\/\/shop_images\/SD_15U_d8486dc5-bf2d-455b-9f9e-ac090635b399.svg","heading":"","block_text_color":"","bg_color":"","overlay_opacity":30}},"collection_B7KNLT":{"type":"collection","settings":{"collection":"","custom_collection_image":"shopify:\/\/shop_images\/SD_14U_e7654388-9f8d-4cb9-ab63-aabc54aa7687.svg","heading":"","block_text_color":"","bg_color":"","overlay_opacity":30}},"collection_JHTMbB":{"type":"collection","settings":{"collection":"","custom_collection_image":"shopify:\/\/shop_images\/SD_12U_e5d06251-a0fe-4cb2-80a4-b6335efe5f9c.svg","heading":"Hi","block_text_color":"","bg_color":"","overlay_opacity":30}},"collection_8PF6z7":{"type":"collection","settings":{"collection":"","custom_collection_image":"shopify:\/\/shop_images\/SD_10U_1b90d1fc-c668-4d1b-9d04-4675637d12d3.svg","heading":"","block_text_color":"","bg_color":"","overlay_opacity":30}}},"block_order":["collection_CATHxt","collection_jX3KUX","collection_B7KNLT","collection_JHTMbB","collection_8PF6z7"],"custom_css":[".list-collections__item__image.aos-animate {border: 1px solid #fff;}"],"settings":{"title":"","heading_size":100,"layout":"grid","alignment":"center","collections_per_row":5,"columns_mobile":"2","image_shape":"square","image_aspect_ratio":1.2,"text_size":75,"overlay_text":false,"enable_slider_mobile":true,"section_bg_color":"#000000","section_text_color":"","width":"wrapper","padding_top":60,"padding_bottom":60}},"section_sticky_images_and_text_mMGD43":{"type":"section-sticky-images-and-text","blocks":{"slide_VWrErV":{"type":"slide","settings":{"image":"shopify:\/\/shop_images\/SD_More_Thana_Game.png","truncate_text":false,"title_length":20,"content_length":30,"subheading":"","title":"<p>MORE THAN <\/p><p>A GAME<\/p>","heading_size":180,"content":"<p>Expanding beyond the gridiron, every event promotes personal growth through motivation, sportsmanship and mentorship.<\/p>","text_size":95,"button_text":"","button_link":"","button_color":"btn--black","button_style":"btn--solid","button_size":"btn--small","video_link":"","video_text":"Play video"}},"slide_9RJWgJ":{"type":"slide","settings":{"image_mobile":"shopify:\/\/shop_images\/SD_shock_experience.jpg","truncate_text":false,"title_length":10,"content_length":15,"subheading":"","title":"<p>THE SHOCK EXPERIENCE<\/p>","heading_size":180,"content":"<p>Unlike any other series, Shock Doctor’s Legends Showcase events feature legendary competition, exposure, venues, entertainment, accommodations, prizes and so much more. You don’t want to miss this.<\/p>","text_size":95,"button_text":"","button_link":"","button_color":"btn--black","button_style":"btn--solid","button_size":"btn--small","video_link":"","video_text":""}},"slide_3hwkHe":{"type":"slide","settings":{"image":"shopify:\/\/shop_images\/SD_stay_drippy_1.jpg","truncate_text":false,"title_length":10,"content_length":15,"subheading":"","title":"<p>STAY DRIPPY <\/p><p>FOR 25' SZN<\/p>","heading_size":180,"content":"<p>Explore our 7v7szn team catalog for the best deals on performance apparel, protective gear and the latest <\/p><p>drops for 2025.<\/p>","text_size":95,"button_text":"DOWNLOAD CATALOG","button_link":"","button_color":"btn--white","button_style":"btn--solid","button_size":"btn--small","video_link":"","video_text":""}}},"block_order":["slide_VWrErV","slide_9RJWgJ","slide_3hwkHe"],"custom_css":["H3 {color: #ff4400;}"],"settings":{"scroll_direction":"horizontal","text_alignment":"left","image_position":"","space_around_images":true,"image_width":"wide","aspect_ratio_desktop":0.9,"aspect_ratio_mobile":1.4,"show_single_text":false,"text_color":"text-light","bg_color":"#000000","gradient":"linear-gradient(180deg, rgba(12, 12, 15, 1) 3%, rgba(12, 12, 15, 1) 100%)","width":"wrapper","padding_top":0,"padding_bottom":0}},"section_grid_PTW9mU":{"type":"section-grid","blocks":{"image_TWCmyR":{"type":"image","settings":{"width":"33.33","image":"shopify:\/\/shop_images\/sd_media_reg_1.jpg","overlay_opacity":10,"text_position":"center","subheading":"","title":"MEDIA REGISTRATION","text":"Register and submit your application to get granted media access to Legends Showcase.","button_1_text":"REGISTER HERE","button_1_link":"https:\/\/www.shockdoctor.com\/pages\/legends-showcase-media-registration","button_2_text":"","button_2_link":"","text_color":"text-light"}},"image_dqgUFa":{"type":"image","settings":{"width":"33.33","image":"shopify:\/\/shop_images\/sd_rules_regs.jpg","overlay_opacity":10,"text_position":"center","subheading":"","title":"RULES & REGULATIONS","text":"Explore the rule & regulations before attending Legends Showcase.","button_1_text":"LEARN MORE","button_1_link":"https:\/\/www.shockdoctor.com\/pages\/legends-showcase-rules-and-regulations","button_2_text":"","button_2_link":"","text_color":"text-light"}},"image_MiMEyb":{"type":"image","settings":{"width":"33.33","image":"shopify:\/\/shop_images\/sd_uniform_request.jpg","overlay_opacity":10,"text_position":"center","subheading":"","title":"UNIFORM REQUEST","text":"Completely customize your team's look on the field.","button_1_text":"uniform request","button_1_link":"https:\/\/www.shockdoctor.com\/pages\/legends-showcase-uniform-sales-registration","button_2_text":"","button_2_link":"","text_color":"text-light"}}},"block_order":["image_TWCmyR","image_dqgUFa","image_MiMEyb"],"settings":{"height":"350","heading_size":200,"button_1_color":"btn--secondary","button_1_style":"btn--solid","button_1_size":"btn--small","button_2_color":"btn--black","button_2_style":"btn--text","button_2_size":"btn--small","bg_color_secondary":true,"enable_slider_mobile":false,"columns_mobile":"1","width":"wrapper","add_gutter":true,"padding_top":60,"padding_bottom":60}},"section_custom_html_hrFdHV":{"type":"section-custom-html","custom_css":["#CustomCode--template--17774043529388__section_custom_html_hrFdHV {background-color: black;}"],"settings":{"custom_code":"<a href=\"https:\/\/www.kttape.com\/?utm_source=ShockDoctor&utm_medium=website\" alt=\"KT Tape\">\n<img style=\"display:block; margin: 0px auto;\" src=\"https:\/\/cdn.shopify.com\/s\/files\/1\/0080\/4719\/8261\/files\/powerby_KT_Tape_6.png?v=1741203889\" alt=\"Girl in a jacket\" width=\"300\" height=\"auto\"><\/a>","width":"wrapper","padding_top":0,"padding_bottom":0}},"section_text_twLnNQ":{"type":"section-text","blocks":{"subheading_P7NxVG":{"type":"subheading","settings":{"text":"<p>FOLLOW US ON SOCIAL<\/p>","size":180,"margin_bottom":0}},"heading_n8EUVL":{"type":"heading","settings":{"text":"<p>#BELEGENDARY<\/p>","size":180,"heading_highlight_type":"italics","highlight_color":"#d43747","highlight_text_color":"#000000"}}},"block_order":["subheading_P7NxVG","heading_n8EUVL"],"settings":{"text_position":"center","bg_color_secondary":true,"text_color":"text-light","width":"wrapper--narrow","padding_top":20,"padding_bottom":0}},"section_columns_M8AFYk":{"type":"section-columns","blocks":{"text_block_DGfAXf":{"type":"text_block","settings":{"image":"shopify:\/\/shop_images\/SD-LegendsShowcase_lockup-vert_165c_6fb349b5-2059-47c7-9d06-b37e2eeea8b1.svg","title":"@legendsshowcase","text":"<p><a href=\"https:\/\/www.instagram.com\/legendsshowcase\" title=\"https:\/\/www.instagram.com\/legendsshowcase\"><strong>Follow Us On Instagram<\/strong><\/a><\/p><p><a href=\"https:\/\/x.com\/sdlegends7v7?lang=en\" title=\"https:\/\/x.com\/sdlegends7v7?lang=en\"><strong>Follow Us On X<\/strong><\/a><\/p><p><\/p>","button_text":"","button_link":"","button_color":"btn--white","button_style":"btn--outline","button_size":"btn--small","button_2_text":"Follow Us On Instagram","button_2_link":"","button_2_color":"btn--white","button_2_style":"btn--outline","button_2_size":"btn--small","video_link_popup":"","video_link_color":"text-light"}},"text_block_inDM7J":{"type":"text_block","settings":{"image":"shopify:\/\/shop_images\/SD_logo-vert_ff671f.svg","title":"@shockdoctor","text":"<p><a href=\"https:\/\/www.instagram.com\/shockdoctor\/\" title=\"https:\/\/www.instagram.com\/shockdoctor\/\"><strong>Follow Us On Instagram<\/strong><\/a><\/p><p><a href=\"https:\/\/www.tiktok.com\/@shockdoctor?lang=en\" title=\"https:\/\/www.tiktok.com\/@shockdoctor?lang=en\">Follow Us On TikTok<\/a><\/p>","button_text":"Learn More","button_link":"","button_color":"btn--black","button_style":"btn--text","button_size":"btn--small","button_2_text":"","button_2_link":"","button_2_color":"btn--black","button_2_style":"btn--solid","button_2_size":"btn--small","video_link_popup":"","video_link_color":"text-light"}}},"block_order":["text_block_DGfAXf","text_block_inDM7J"],"custom_css":[".column-item__inner {width: 260px; margin: auto;}","figure.lazy-image.background-size-cover.column-item__image {height: 145px;}","h3 {color: #fff; margin-bottom: 20px;}","p {color: #fff; font-size: 16px; margin-top: 20px;}"],"settings":{"title":"","align_text":"text-center","columns":2,"columns_mobile":"2","show_images":true,"show_borders":false,"equalize_height":true,"desktop_aspect_ratio":0.5,"mobile_aspect_ratio":0.5,"heading_size":180,"text_size":100,"bg_color_secondary":true,"color_borders":"#000000","layout_mobile":"stacked","width":"wrapper","padding_top":60,"padding_bottom":60}},"section_tab_collections_rAFBJi":{"type":"section-tab-collections","blocks":{"collection_4EwzHf":{"type":"collection","settings":{"title":"Mouthguards","tab_collection":"mouthguards","number_of_products":6,"show_image":false,"overlay_opacity":10,"heading":"","text_color":"text-light","button_text":"View All","button_link":"","button_color":"btn--white","button_style":"btn--solid-border","button_size":"btn--small"}},"collection_Vq6nPh":{"type":"collection","settings":{"title":"apparel","tab_collection":"mens-hoodies-jackets","number_of_products":6,"show_image":false,"overlay_opacity":10,"heading":"","text_color":"text-light","button_text":"View All","button_link":"","button_color":"btn--white","button_style":"btn--solid-border","button_size":"btn--small"}},"collection_8G9dQa":{"type":"collection","settings":{"title":"accessories","tab_collection":"football-accessories","number_of_products":6,"show_image":false,"overlay_opacity":10,"heading":"","text_color":"text-light","button_text":"View All","button_link":"","button_color":"btn--white","button_style":"btn--solid-border","button_size":"btn--small"}}},"block_order":["collection_4EwzHf","collection_Vq6nPh","collection_8G9dQa"],"custom_css":["h2 {color: #fff;}","li {color: #fff;}",".product-grid-item__title {color: #fff;}",".custom-scrollbar {background: #fff;}",".flickity-button {background: #fff;}",".product-grid-item__price,.plus-more {color: #fff; text-align: left;}"],"settings":{"columns_mobile":"1","image_aspect_ratio":1.3,"text_alignment":"text-center","title":"GEAR UP FOR THE SZN","text":"","type_style":"subheading-text","tab_heading_size":120,"show_buttons":true,"collection_button_text":"","collection_button_color":"btn--black","collection_button_style":"btn--solid","collection_button_size":"btn--small","bg_color_secondary":true,"width":"wrapper--full-padded","padding_top":60,"padding_bottom":60}}},"order":["main","section_video_FmiQVW","section_banner_image_tJKftB","section_marquee_4VHHyC","section_text_Wz7E8P","section_list_butttons_9a3yYC","section_custom_html_qkfFNa","section_marquee_BBArjL","section_text_ipXkpi","section_custom_html_zTWUHj","section_grid_dPPzAY","section_banner_image_XzCqEh","section_list_collection_bT37ar","section_sticky_images_and_text_mMGD43","section_grid_PTW9mU","section_custom_html_hrFdHV","section_text_twLnNQ","section_columns_M8AFYk","section_tab_collections_rAFBJi"]}