{"sections":{"slideshow":{"type":"section-slideshow","blocks":{"slideshow-0":{"type":"image","settings":{"image":"shopify:\/\/shop_images\/Desktop-AboutUs.webp","image_mobile":"shopify:\/\/shop_images\/Mobile-AboutUs_1.webp","overlay_opacity":10,"text_width":"normal","text_position":"center","text_color":"text-light","subheading":"About","title":"<h1>OUR STORY<\/h1>","heading_highlight_type":"circle","highlight_color":"#d43747","highlight_text_color":"#000000","text":"","button_1_text":"","button_1_link":"","button_1_color":"btn--white","button_1_style":"btn--solid-border","button_1_size":"btn--large","button_2_text":"","button_2_link":"","button_2_color":"btn--black","button_2_style":"btn--solid","button_2_size":"btn--large","video_text":"","video_link":""}}},"block_order":["slideshow-0"],"settings":{"slide_height":"six-fifty-height","enable_mobile_height":false,"mobile_slide_height":"five-fifty-height-mobile","show_nav_dots":true,"show_nav_arrows":true,"show_arrow_down":false,"autoplay":false,"duration":4,"transition":"fade","enable_zoom_animation":true,"enable_card_scrolling":false,"increase_border_radius":true,"heading_size":120}},"text":{"type":"section-text","blocks":{"subheading_8KwXKK":{"type":"subheading","settings":{"text":"<p>Our Purpose<\/p>","size":100,"margin_bottom":16}},"text":{"type":"text","settings":{"text":"<p><strong>Shock Doctor, the undisputed leader in mouthguard technology and the #1 mouthguard in the world, has become a leader in sports protection and performance around the globe. Our continual innovation in performance-driven and protective equipment is trusted by fearless pro and youth athletes. Shock Doctor products are worn by hundreds of professional and college athletes and available in more than 10,000 retail locations.<\/strong><\/p>","size":140}}},"block_order":["subheading_8KwXKK","text"],"disabled":true,"settings":{"text_position":"center","bg_color_secondary":false,"text_color":"text-dark","width":"wrapper--narrow","padding_top":60,"padding_bottom":60}},"section_overlapping_images_JEfwBt":{"type":"section-overlapping-images","settings":{"text_position":"right","text_alignment":"center","images_width":750,"images_offset":60,"image_link_1":"","image_2":"shopify:\/\/shop_images\/DSC07905_RedCompressionSleeve2.jpg","image_link_2":"","hide_image_2":false,"title":"<h2>We Take Athletic Performance<em> <\/em>and Protection to an Elevated<em> <\/em>Level of <em>Excellence<\/em><\/h2>","heading_highlight_type":"highlight","highlight_color":"#ff4400","highlight_text_color":"#000000","description":"<p>Not only do we lead the world in mouthguard technology, but we tenaciously extend that dominance every season -- providing advanced protective gear that helps you advance your game. Hundreds of thousands of athletes around the world gear up with Shock Doctor every day. It’s all about being fearlessly intelligent.<\/p>","heading_size":100,"button_text":"Shop Now","button_link":"shopify:\/\/collections\/best-sellers","button_color":"btn--black","button_style":"btn--solid","button_size":"btn--medium","video_text":"","video_link":"","bg_color_secondary":false,"gradient":"","animation":"horizontal","animation_intensity":50,"width":"wrapper--full-padded","padding_top":60,"padding_bottom":60}},"section_press_U3MWkP":{"type":"section-press","blocks":{"press_P3AqC3":{"type":"press","settings":{"text":"<p>Game-changing mouthguards and accessories that make you never look back.<\/p>","link":"","logo_width":100}},"press_dePRLJ":{"type":"press","settings":{"text":"<p>The #1 Mouthguard in the world for a reason  - best in class protection and performance.<\/p>","link":"","logo_width":100}},"press_FpA3DK":{"type":"press","settings":{"text":"<p>Can't beat Shock Doctor's performance and quality - will keep you in the game!<\/p>","link":"","logo_width":70}}},"block_order":["press_P3AqC3","press_dePRLJ","press_FpA3DK"],"disabled":true,"settings":{"title":"Press","show_quotations":true,"show_rounded_corners":false,"autoplay":true,"duration":4,"bg_color_secondary":false,"width":"wrapper--narrow","padding_top":60,"padding_bottom":60}},"section_overlapping_images_XWXtHk":{"type":"section-overlapping-images","settings":{"text_position":"left","text_alignment":"center","images_width":750,"images_offset":60,"image_1":"shopify:\/\/shop_images\/UNITEDSPB_240606_SDPST_458.jpg","image_link_1":"","image_2":"shopify:\/\/shop_images\/sd_hero_image_mbl.jpg","image_link_2":"","hide_image_2":false,"title":"<p><em><strong>Protection. Courage. Swagger<\/strong><\/em><\/p>","heading_highlight_type":"highlight","highlight_color":"#ff4400","highlight_text_color":"#000000","description":"<p><strong>Shock Doctor, the undisputed leader in mouthguard technology and the #1 mouthguard in the world, has become a leader in sports protection and performance around the globe. Our continual innovation in performance-driven and protective equipment is trusted by fearless pro and youth athletes. Shock Doctor products are worn by hundreds of professional and college athletes and available in more than 10,000 retail locations.<\/strong><\/p>","heading_size":100,"button_text":"","button_link":"","button_color":"btn--black","button_style":"btn--solid","button_size":"btn--medium","video_text":"","video_link":"","bg_color_secondary":false,"gradient":"","animation":"horizontal","animation_intensity":50,"width":"wrapper--full-padded","padding_top":60,"padding_bottom":60}},"section_image_GyNhKL":{"type":"section-image","settings":{"image":"shopify:\/\/shop_images\/Be_Legendary.webp","height":"original-height","enable_mobile_height":false,"mobile_height":"original-height-mobile","enable_stretch":true,"image_position":"center","bg_color_secondary":false,"width":"wrapper--full-padded","padding_top":100,"padding_bottom":100}},"main":{"type":"main-page","disabled":true,"settings":{"show_page_title":true,"bg_color_secondary":false,"padding_top":60,"padding_bottom":60}},"section_accordions_LbHMt7":{"type":"section-accordions","blocks":{"text_byEh4R":{"type":"text","settings":{"title":"1993 - EZ Guard Industries (First Sale)","text":"<p>EZ Guard Industries (Shock Doctor) sells the first fully engineered mouthguard for $20<\/p>"}},"text_yPJETW":{"type":"text","settings":{"title":"2002 - Gel Max Launches","text":"<p>Shock Doctor launches the original version of our flagship mouthguard: The Gel Max<\/p>"}},"text_qqcYWD":{"type":"text","settings":{"title":"2003 - Braces Compatible Mouthguard Launches","text":"<p>Shock Doctor launches braces compatible mouthguard<\/p>"}},"text_7riRYa":{"type":"text","settings":{"title":"2004 - Shock Doctor Enters Into Core Protective Equipment","text":"<p>Shock Doctor enters new category, core protective equipment, with the Ultra Carbon Flex Cup<\/p>"}},"text_NGrMVB":{"type":"text","settings":{"title":"2005 - Core Protective Line Extension","text":"<p>Shock Doctor extends core protective line in apparel, launching core compression shorts and padded sliding shorts<\/p>"}},"text_6LTG3J":{"type":"text","settings":{"title":"2007 - Introduction of Gel Nano and Ultra Carbon Chin Straps","text":"<p>Shock Doctor introduces the next revolution in mouthguards, the Gel Nano, as well as Ultra Carbon Chin Straps<\/p>"}},"text_xTFRYP":{"type":"text","settings":{"title":"2010 - Custom Mouthguard\/ShockSkin Apparel Launch","text":"<p>Shock Doctor Launches Custom Mouthguard and ShockSkin Apparel<\/p>"}},"text_fkjhNC":{"type":"text","settings":{"title":"2011  - Performance Sports Therapy","text":"<p>Shock Doctor enters yet another new category, introducing Performance Sports Therapy.<\/p>"}},"text_4Erae8":{"type":"text","settings":{"title":"2013 - Shock Doctor Acquires Cutters Brand","text":"<p>Shock Doctor Acquires Cutters Brand<\/p>"}},"text_R7ij8J":{"type":"text","settings":{"title":"2014 - Recovery Compression Launch","text":"<p>Shock Doctor launches Recovery Compression and Ice Recovery Compression Wraps<\/p>"}},"text_PdN3xf":{"type":"text","settings":{"title":"2015  - Merger of Shock Doctor and McDavid Inc.","text":"<p>Shock Doctor and McDavid Inc. Finalize Merger<\/p>"}},"text_t8NQFH":{"type":"text","settings":{"title":"2016 - Max AirFlow Lip Guard Launch","text":"<p>Shock Doctor launches Max AirFlow Lip Guard<\/p>"}},"text_bwTrBF":{"type":"text","settings":{"title":"2016 - New Global Headquarters","text":"<p>United Sports Brands relocates global headquarters to Fountain Valley, California<\/p>"}},"text_EAzXxX":{"type":"text","settings":{"title":"2019 - New Logo\/Rebrand","text":"<p>Shock Doctor rebranded\/refreshed with new look<\/p>"}},"text_RydaqR":{"type":"text","settings":{"title":"2021 - Kool Aid Collaboration","text":"<p>Shock Doctor begins licensed collaboration with Kool-Aid for flavored mouthguards and lip guards<\/p>"}},"text_BxGA6k":{"type":"text","settings":{"title":"2022 - Legends 7v7 Showcase Launch","text":"<p>Shock Doctor launches Legends Showcase 7v7 youth and high school football tournaments series<\/p>"}}},"block_order":["text_byEh4R","text_yPJETW","text_qqcYWD","text_7riRYa","text_NGrMVB","text_6LTG3J","text_xTFRYP","text_fkjhNC","text_4Erae8","text_R7ij8J","text_PdN3xf","text_t8NQFH","text_bwTrBF","text_EAzXxX","text_RydaqR","text_BxGA6k"],"settings":{"layout":"one-column","show_accordion_divider":false,"title":"History Making","subheading":"","text":"<p>Shock Doctor is about putting the athlete first. To that end, we have many gleaming first place trophies in our corporate showcase. Here are a few from our highlight reel.<\/p>","tabs_bg_color":"#fafafa","bg_color_secondary":false,"text_color":"text-dark","width":"wrapper","padding_top":60,"padding_bottom":60}},"columns":{"type":"section-columns","blocks":{"column-0":{"type":"text_block","settings":{"image":"shopify:\/\/shop_images\/SD24_KoolAid-MAF-Grape_Lifestyle1.jpg","title":"#1 MOUTHGUARD IN THE WORLD","text":"<p>Our Mouthguards and lipguards are covered by a $30-$50K dental warranty.<\/p>","button_text":"Shop Now","button_link":"shopify:\/\/collections\/mouthguards","button_color":"btn--black","button_style":"btn--text","button_size":"btn--small","button_2_text":"","button_2_link":"","button_2_color":"btn--black","button_2_style":"btn--solid","button_2_size":"btn--small","video_link_popup":"","video_link_color":"text-dark"}},"column-1":{"type":"text_block","settings":{"title":"LEVELS OF PROTECTION","text":"<p>We can help you find the right brace or support that works for you and aids in your recovery<\/p>","button_text":"Learn More","button_link":"https:\/\/www.shockdoctor.com\/pages\/braces-and-supports-finder","button_color":"btn--black","button_style":"btn--text","button_size":"btn--small","button_2_text":"","button_2_link":"","button_2_color":"btn--black","button_2_style":"btn--solid","button_2_size":"btn--small","video_link_popup":"","video_link_color":"text-dark"}},"column-2":{"type":"text_block","settings":{"image":"shopify:\/\/shop_images\/SD24_Ecomm_Nav_Cups-Compression.webp","title":"REVOLUTIONARY COMFORT","text":"<p>Protective Cups Designed for athletes who prioritize protection without compromising on performance. <\/p>","button_text":"Shop Now","button_link":"https:\/\/shdo-dev.myshopify.com\/collections\/cups-and-supporters-cups","button_color":"btn--black","button_style":"btn--text","button_size":"btn--small","button_2_text":"","button_2_link":"","button_2_color":"btn--black","button_2_style":"btn--solid","button_2_size":"btn--small","video_link_popup":"","video_link_color":"text-dark"}},"column-3":{"type":"text_block","disabled":true,"settings":{"title":"Add a title or tagline","text":"<p>Use this text to describe products, share details on availability and style, or as a space to display recent reviews or FAQs.<\/p>","button_text":"","button_link":"","button_color":"btn--black","button_style":"btn--text","button_size":"btn--small","button_2_text":"","button_2_link":"","button_2_color":"btn--black","button_2_style":"btn--solid","button_2_size":"btn--small","video_link_popup":"","video_link_color":"text-dark"}}},"block_order":["column-0","column-1","column-2","column-3"],"disabled":true,"settings":{"title":"","align_text":"text-left","columns":3,"columns_mobile":"1","show_images":true,"show_borders":false,"equalize_height":true,"desktop_aspect_ratio":0.8,"mobile_aspect_ratio":0.8,"heading_size":120,"text_size":100,"bg_color_secondary":false,"color_borders":"#000000","layout_mobile":"carousel","width":"wrapper","padding_top":60,"padding_bottom":60}},"section_sticky_images_and_text_4ri6bM":{"type":"section-sticky-images-and-text","blocks":{"slide_GFPczy":{"type":"slide","settings":{"image":"shopify:\/\/shop_images\/66cf946670b5d0e37d6a9922_usb_brand_sd_newimage2-p-1600.webp","truncate_text":false,"title_length":10,"content_length":15,"subheading":"","title":"<p>#1 MOUTHGUARD IN THE WORLD<\/p>","heading_size":130,"content":"<p>Our Mouthguards and lipguards are covered by a $30-$50K dental warranty.<\/p>","text_size":125,"button_text":"","button_link":"","button_color":"btn--black","button_style":"btn--solid","button_size":"btn--small","video_link":"https:\/\/www.youtube.com\/watch?v=_9VUPq3SxOc","video_text":"Play video"}},"slide_TGMbVX":{"type":"slide","settings":{"image":"shopify:\/\/shop_images\/66cf948130da89143f67a319_usb_brand_sd_newimage3-p-1600.webp","truncate_text":false,"title_length":10,"content_length":15,"subheading":"","title":"<p>LEVELS OF PROTECTION<\/p>","heading_size":130,"content":"<p>We can help you find the right brace or support that works for you and aids in your recovery<\/p>","text_size":125,"button_text":"Learn more","button_link":"https:\/\/www.shockdoctor.com\/pages\/braces-and-supports-guide","button_color":"btn--black","button_style":"btn--solid","button_size":"btn--small","video_link":"","video_text":""}},"slide_QEzfKn":{"type":"slide","settings":{"image":"shopify:\/\/shop_images\/66cf9493d1274fd23aa583ba_usb_brand_sd_newimage4-p-1600.webp","truncate_text":false,"title_length":10,"content_length":15,"subheading":"","title":"<p>ADVANCED COMFORT<\/p>","heading_size":130,"content":"<p>Shock Doctor’s advanced cups and supporters elevate core protection with cutting-edge technology. Paired with integrated supporters, briefs, and shorts, these products offer top-notch protection for all athletes. Shock Doctor ensures a comfortable fit for every athlete, helping prevent painful injuries.<\/p>","text_size":125,"button_text":"Learn More","button_link":"https:\/\/www.shockdoctor.com\/pages\/cup-fit-guide","button_color":"btn--black","button_style":"btn--solid","button_size":"btn--small","video_link":"","video_text":""}}},"block_order":["slide_GFPczy","slide_TGMbVX","slide_QEzfKn"],"settings":{"scroll_direction":"horizontal","text_alignment":"left","image_position":"","space_around_images":true,"image_width":"standard","aspect_ratio_desktop":1.5,"aspect_ratio_mobile":1.5,"show_single_text":false,"text_color":"text-dark","bg_color":"","gradient":"linear-gradient(180deg, rgba(255, 255, 255, 1) 3%, rgba(223, 223, 223, 1) 100%)","width":"wrapper--full","padding_top":0,"padding_bottom":0}},"51e7d4e9-f6b0-466d-bd09-84d7da4cdcb5":{"type":"section-icons-row","blocks":{"template--18952593965377__51e7d4e9-f6b0-466d-bd09-84d7da4cdcb5-1683134998a2f033f1-0":{"type":"text","settings":{"icon_name":"package","title":"Free Shipping On Orders $45+","text":""}},"template--18952593965377__51e7d4e9-f6b0-466d-bd09-84d7da4cdcb5-1683134998a2f033f1-2":{"type":"text","settings":{"icon_name":"star","title":"Over 10,000 Five Star Reviews","text":""}},"template--18952593965377__51e7d4e9-f6b0-466d-bd09-84d7da4cdcb5-1683134998a2f033f1-1":{"type":"text","settings":{"icon_name":"shield","title":"60 Day Money Back Guarantee","text":""}},"text_apWCJW":{"type":"text","settings":{"icon_name":"shield","title":"Trusted By Collegiate and Professional Athletes","text":""}}},"block_order":["template--18952593965377__51e7d4e9-f6b0-466d-bd09-84d7da4cdcb5-1683134998a2f033f1-0","template--18952593965377__51e7d4e9-f6b0-466d-bd09-84d7da4cdcb5-1683134998a2f033f1-2","template--18952593965377__51e7d4e9-f6b0-466d-bd09-84d7da4cdcb5-1683134998a2f033f1-1","text_apWCJW"],"settings":{"alignment":"center","columns":4,"icons_width":40,"heading":"","subheading":"","bg_color":"#ffffff","text_color":"#141414","box_color":"#ffffff","button_text":"","button_link":"","button_color":"btn--black","button_style":"btn--solid","button_size":"btn--small","enable_slider_mobile":true,"padding_top":60,"padding_bottom":60}}},"order":["slideshow","text","section_overlapping_images_JEfwBt","section_press_U3MWkP","section_overlapping_images_XWXtHk","section_image_GyNhKL","main","section_accordions_LbHMt7","columns","section_sticky_images_and_text_4ri6bM","51e7d4e9-f6b0-466d-bd09-84d7da4cdcb5"]}