{"sections":{"main":{"type":"main-page","disabled":true,"settings":{"show_page_title":true,"bg_color_secondary":false,"padding_top":60,"padding_bottom":60}},"59699d9d-c66c-4bd5-a248-64f1b1587cd5":{"type":"section-banner-image","blocks":{"template--18952593998145__59699d9d-c66c-4bd5-a248-64f1b1587cd5-16831285413c69ee80-0":{"type":"subheading","settings":{"text":"<p>Contact Us<\/p>","size":100}},"template--18952593998145__59699d9d-c66c-4bd5-a248-64f1b1587cd5-16831285413c69ee80-1":{"type":"heading","settings":{"text":"<p>Tell Us How We Can Help<\/p>","size":130,"heading_highlight_type":"italics","highlight_color":"rgba(0,0,0,0)","highlight_text_color":"#000000"}},"template--18952593998145__59699d9d-c66c-4bd5-a248-64f1b1587cd5-16831285413c69ee80-2":{"type":"text","settings":{"text":"<p>Email: cs@shockdoctor.com<\/p>","size":100}},"text_ty6f9a":{"type":"text","settings":{"text":"<p>Phone Number:<a href=\"tel:1-800-233-6956\" target=\"_self\"> 855-655-8979<\/a> (Monday-Friday 8am-5pm PST)<\/p>","size":100}},"template--18952593998145__59699d9d-c66c-4bd5-a248-64f1b1587cd5-16831285413c69ee80-3":{"type":"button","disabled":true,"settings":{"button_1_text":"Shop All","button_1_link":"shopify:\/\/collections\/all","button_1_color":"btn--white","button_1_style":"btn--solid-border","button_1_size":"btn--small","button_2_text":"","button_2_link":"","button_2_color":"btn--black","button_2_style":"btn--solid","button_2_size":"btn--small"}}},"block_order":["template--18952593998145__59699d9d-c66c-4bd5-a248-64f1b1587cd5-16831285413c69ee80-0","template--18952593998145__59699d9d-c66c-4bd5-a248-64f1b1587cd5-16831285413c69ee80-1","template--18952593998145__59699d9d-c66c-4bd5-a248-64f1b1587cd5-16831285413c69ee80-2","text_ty6f9a","template--18952593998145__59699d9d-c66c-4bd5-a248-64f1b1587cd5-16831285413c69ee80-3"],"settings":{"height":"one-third-height","enable_mobile_height":true,"mobile_height":"four-fifty-height-mobile","image":"shopify:\/\/shop_images\/SD19_HP-BannersHP_Banners_2000x_331f1ec0-83ad-438f-861d-d1a9bf8cf3a3.jpg","overlay_opacity":10,"transition":"zoom-out","enable_zoom_animation":true,"enable_card_scrolling":false,"increase_border_radius":true,"text_width":"normal","text_position":"center","text_color":"text-light"}},"contact-form":{"type":"section-contact-form","blocks":{"contact-form-0":{"type":"heading","settings":{"title":"Contact us"}},"contact-form-2":{"type":"email","settings":{"title":"Email","required":true}},"contact-form-1":{"type":"text","settings":{"title":"First Name","required":true}},"text_caMCiJ":{"type":"text","settings":{"title":"Last Name","required":false}},"radio_APLnKR":{"type":"radio","settings":{"title":"Case Type","required":true,"label-one":"Order Issue","label-two":"Returns","label-three":"Product Information","label-four":"Warranty Issue","label-five":"Privacy Requests","label-six":""}},"contact-form-3":{"type":"body","settings":{"title":"Message","required":true}}},"block_order":["contact-form-0","contact-form-2","contact-form-1","text_caMCiJ","radio_APLnKR","contact-form-3"],"settings":{"button_color":"btn--black","button_style":"btn--solid","button_size":"btn--large","width":"wrapper--narrow","padding_top":60,"padding_bottom":60}},"section_accordions_rhA4nR":{"type":"section-accordions","blocks":{"text_DRYPL3":{"type":"text","settings":{"title":"How Do I Return Items From My Order?","text":"<p>If you wish to return or exchange your order for a different size, color or style, please reference the following processes and steps:<\/p><ol><li>Visit our <a href=\"https:\/\/returns.shockdoctor.com\/#\/\"><span style=\"text-decoration:underline\"><strong>Return Portal<\/strong><\/span><\/a> to process your return<\/li><li>Regular priced items can be returned or exchanged within <strong>60 days from the date of shipment<\/strong>, provided the item is unworn with tags attached and accompanied by an invoice.<\/li><li>Refunds may only be issued to the credit card or PayPal account used to make the original purchase.<\/li><li>All returns and exchanges are assessed on a case-by-case basis. Only items that have been purchased directly from ShockDoctor.com can be returned to us. (no third party retailer returns).<\/li><li>Certain products that are marked \"Final Sale\" are not eligible for return, refund or exchange.<\/li><\/ol><p><em>*Please Note That the Initial Shipping Cost Will NOT be Refunded*<\/em><\/p>"}},"text_r3BLAe":{"type":"text","settings":{"title":"I Want To Edit or Cancel My Order","text":"<p>We know you want your order fast so as soon as it is placed, we are on it! Regrettably, this means that we have limited ability to cancel or make any changes to your order if it has been more than 2 hours since it was placed (or over the weekend). This can include but is not limited to:<\/p><ul><li>Billing or shipping address update<\/li><li>Addition or removal of items<\/li><li>Change in color\/size of items<\/li><li>Addition or removal of a discount code<\/li><li>Order cancellation request<\/li><li>Shipping method change<\/li><\/ul>"}},"text_VJULVj":{"type":"text","settings":{"title":"How Long Will It Take My Order To Process For Shipment?","text":"<p>All orders are subject to processing time that is separate and apart from the time it takes for a shipment to reach its destination once it has been picked up from our fulfillment center by the applicable carrier. Depending on a number of factors, standard domestic orders may take up to 2 business days (excluding Saturdays, Sundays, and Holidays) to process.<\/p><p>After your payment is authorized and verified, Standard orders can still take up to 2 business days, Expedited orders (UPS Ground) can still take 3-5 business days, and Rush orders can still take up to 2 business day to process. This is just an estimate and doesn't include weekends or holidays.<\/p>"}},"text_R7TJVr":{"type":"text","settings":{"title":"What Are Your Accepted Payment Methods?","text":"<p>Currently we accept the following forms of payment:<\/p><ul><li>Visa<\/li><li>Mastercard<\/li><li>Discover<\/li><li>American Express<\/li><li>PayPal<\/li><li>Venmo<\/li><li>Apple Pay (iOS only)<\/li><li>Google Pay (Android OS only)<\/li><\/ul>"}},"text_kYCU7e":{"type":"text","settings":{"title":"What Are Your Shipping Methods & Timeframes?","text":"<p>Please note the following:<\/p><p><br\/>We will only accept shipments to a valid street address.<\/p><p>Orders shipping to P.O. Box addresses will be shipped via USPS Priority standard shipping. We are unable to offer expedited shipping options for P.O. Box addresses.<\/p><p>Orders shipping to Hawaii & Alaska via Two-Day or One-Day Shipping may need one additional day for delivery.<\/p><p>Orders shipping to APO\/FPO addresses will be shipped via USPS. Please note that transit times may take up to 45 days.<\/p><p><span style=\"text-decoration:underline\"><strong>Shipping Rates<\/strong><\/span><\/p><p><span style=\"text-decoration:underline\">Free Ground<\/span> - US Contiguous States Orders on $45+ 7-10 Business Days) <\/p><p><span style=\"text-decoration:underline\">Ground Shipping<\/span> - 7-10 Business Days - $5.00<\/p><p><span style=\"text-decoration:underline\">Expedited Shipping<\/span> - 3-5 Business Days - $7.50<\/p><p><span style=\"text-decoration:underline\">2-Day Shipping<\/span> (Orders Placed Monday - Friday by 12:00 PM PST Ship Same Day) - 2 Business Days$15.00<\/p><p><span style=\"text-decoration:underline\">One-Day Shipping<\/span> (Orders Placed Monday - Friday by 12:00 PM PST Ship Same Day) 1-2 Business Days - $25.00<\/p>"}}},"block_order":["text_DRYPL3","text_r3BLAe","text_VJULVj","text_R7TJVr","text_kYCU7e"],"settings":{"layout":"two-columns","show_accordion_divider":false,"title":"Frequently Asked Questions","subheading":"","text":"","tabs_bg_color":"#fafafa","bg_color_secondary":false,"text_color":"text-dark","width":"wrapper","padding_top":60,"padding_bottom":60}}},"order":["main","59699d9d-c66c-4bd5-a248-64f1b1587cd5","contact-form","section_accordions_rhA4nR"]}