{"sections":{"main":{"type":"main-page","disabled":true,"settings":{"show_page_title":true,"bg_color_secondary":false,"padding_top":60,"padding_bottom":60}},"section_divider_6Wnf4T":{"type":"section-divider","settings":{"show_line":false,"width":"wrapper","padding_top":0,"padding_bottom":0}},"section_banner_image_ywYtU4":{"type":"section-banner-image","blocks":{"subheading_WbTgMh":{"type":"subheading","settings":{"text":"","size":100}}},"block_order":["subheading_WbTgMh"],"settings":{"height":"original-height","enable_mobile_height":false,"mobile_height":"four-fifty-height-mobile","image":"shopify:\/\/shop_images\/Cups_Guide_Hero_2.jpg","overlay_opacity":0,"transition":"zoom-out","enable_zoom_animation":true,"enable_card_scrolling":false,"increase_border_radius":true,"text_width":"normal","text_position":"left","text_color":"text-light"}},"section_text_F9R8Yh":{"type":"section-text","blocks":{"subheading_yzmUw8":{"type":"subheading","settings":{"text":"<p>CUP FIT GUIDE<\/p>","size":150,"margin_bottom":16}},"heading_gkQGcQ":{"type":"heading","settings":{"text":"<p><em>PERFECT <\/em>PROTECTION BELOW THE BELT<\/p><p><\/p>","size":250,"heading_highlight_type":"highlight-color","highlight_color":"#d43747","highlight_text_color":"#ff4400"}},"text_KmQM47":{"type":"text","settings":{"text":"<p>At Shock Doctor, we prioritize your safety and performance on the field. Discover the perfect fit for our compression shorts and cup protection to elevate your game.<\/p>","size":100}}},"block_order":["subheading_yzmUw8","heading_gkQGcQ","text_KmQM47"],"settings":{"text_position":"center","bg_color_secondary":false,"text_color":"text-dark","width":"wrapper--narrow","padding_top":60,"padding_bottom":60}},"section_marquee_enF3TR":{"type":"section-marquee","blocks":{"image_P8KiNf":{"type":"image","settings":{"image":"shopify:\/\/shop_images\/SD_tech-word_Aircore_4.svg","link":"","image_width":140}},"image_awCiMH":{"type":"image","settings":{"image":"shopify:\/\/shop_images\/SD_tech-word_UltraPro_1.svg","link":"","image_width":180}},"image_Fy89Ni":{"type":"image","settings":{"image":"shopify:\/\/shop_images\/SD_tech-word_Core_1.svg","link":"","image_width":90}}},"block_order":["image_P8KiNf","image_awCiMH","image_Fy89Ni"],"settings":{"layout":"marquee","show_top_border":false,"show_bottom_border":false,"padding":10,"marquee_speed":100,"direction":"ticker-ltr","slider_speed":20,"show_arrows":false,"text_caps":false,"type_style":"subheading-text","text_size":120,"letter_spacing":0,"message_spacing":30,"bg_color":"#ffffff","gradient":"","color":"#000000","border_color":"#000000","padding_top":100,"padding_bottom":100}},"section_text_gMqdr6":{"type":"section-text","blocks":{"subheading_eYRjfD":{"type":"subheading","settings":{"text":"<p>CHOOSE YOUR SIZE<\/p>","size":150,"margin_bottom":16}},"heading_GrYJmY":{"type":"heading","settings":{"text":"<p>DISCOVER THE PERFECT FIT FOR ULTIMATE PROTECTION IN EVERY GAME<\/p>","size":175,"heading_highlight_type":"italics","highlight_color":"#d43747","highlight_text_color":"#000000"}},"text_WbY84P":{"type":"text","settings":{"text":"<p>As an athlete, your performance hinges on comfort and safety. Shock Doctor's compression shorts and protective cups ensure you stay secure and focused on the field.<\/p>","size":100}}},"block_order":["subheading_eYRjfD","heading_GrYJmY","text_WbY84P"],"custom_css":["section#Text--template--18843745648876__section_text_gMqdr6 {background: #f7f7f7;}","div#Text--subheading_eYRjfD {color: #ff4400;}"],"settings":{"text_position":"center","bg_color_secondary":false,"text_color":"text-dark","width":"wrapper--narrow","padding_top":60,"padding_bottom":0}},"section_grid_CNecKy":{"type":"section-grid","blocks":{"image_jAHDGP":{"type":"image","settings":{"width":"50","image":"shopify:\/\/shop_images\/BOYS_CHARTS_SIZE_1.png","overlay_opacity":0,"text_position":"center","subheading":"","title":"","text":"","button_1_text":"","button_1_link":"","button_2_text":"","button_2_link":"","text_color":"text-light"}},"image_awh3k9":{"type":"image","settings":{"width":"50","image":"shopify:\/\/shop_images\/ADULT_CHARTS_SIZE_1.png","overlay_opacity":0,"text_position":"center","subheading":"","title":"","text":"","button_1_text":"","button_1_link":"","button_2_text":"","button_2_link":"","text_color":"text-light"}}},"block_order":["image_jAHDGP","image_awh3k9"],"custom_css":["section#sectionMosaicGrid--template--18843745648876__section_grid_CNecKy {background: #f7f7f7;}"],"settings":{"height":"450","heading_size":130,"button_1_color":"btn--white","button_1_style":"btn--text","button_1_size":"btn--small","button_2_color":"btn--black","button_2_style":"btn--text","button_2_size":"btn--small","bg_color_secondary":false,"enable_slider_mobile":false,"columns_mobile":"1","width":"wrapper","add_gutter":true,"padding_top":0,"padding_bottom":60}},"section_text_M3kyK4":{"type":"section-text","blocks":{"subheading_KNCDkU":{"type":"subheading","settings":{"text":"<p>CHOOSE YOUR CUP<\/p>","size":150,"margin_bottom":16}},"heading_YWkddU":{"type":"heading","settings":{"text":"<p>DISCOVER OUR INNOVATIVE CUP PROTECTION OPTIONS<\/p>","size":175,"heading_highlight_type":"italics","highlight_color":"#d43747","highlight_text_color":"#000000"}},"text_WzQtCh":{"type":"text","settings":{"text":"<p>Choosing the right cup is crucial for your safety and performance. Our range of products is designed to provide maximum protection without sacrificing comfort.<\/p>","size":100}}},"block_order":["subheading_KNCDkU","heading_YWkddU","text_WzQtCh"],"custom_css":["div#Text--subheading_KNCDkU {color: #ff4400;}"],"settings":{"text_position":"center","bg_color_secondary":false,"text_color":"text-dark","width":"wrapper--narrow","padding_top":60,"padding_bottom":0}},"section_text_kCXEXi":{"type":"section-text","blocks":{"text_HKwjPt":{"type":"text","settings":{"text":"<p>*All cups can be purchased individually or as part of a set that includes compression shorts.<\/p>","size":100}}},"block_order":["text_HKwjPt"],"settings":{"text_position":"center","bg_color_secondary":false,"text_color":"text-dark","width":"wrapper--narrow","padding_top":0,"padding_bottom":60}},"section_image_with_text_PhU4hR":{"type":"section-image-with-text","custom_css":[".subheading-text.main-subheading.aos-animate {font-size: 1.2rem;}"],"settings":{"section_height":"seven-fifty-height","layout":"inline","image_location":"left","image_width":"standard","image":"shopify:\/\/shop_images\/FindTheRightCup_Aircore_2.png","subheading":"AIRCORE","title":"<p>PATENTED 3-LAYER FUSION TECHNOLOGY<\/p>","heading_highlight_type":"circle","highlight_color":"#d43747","highlight_text_color":"#000000","heading_size":130,"content":"<p>Its unique outer layers combine a compressed foam and fabric shell, ensuring you stay protected while feeling great.<\/p><p>STARTING AT $22.99<\/p>","text_alignment":"left","button_text":"SHOP AIRCORE","button_link":"https:\/\/www.shockdoctor.com\/collections\/aircore-protective-cups-and-shorts","button_color":"btn--black","button_style":"btn--solid","button_size":"btn--small","button_2_text":"Button text","button_2_link":"","button_2_color":"btn--black","button_2_style":"btn--solid","button_2_size":"btn--small","video_link":"","text_color":"text-dark","bg_color":"","gradient":"","section_width":"wrapper","padding_top":60,"padding_bottom":60}},"section_image_with_text_qLYmYE":{"type":"section-image-with-text","custom_css":[".subheading-text.main-subheading.aos-animate {font-size: 1.2rem;}"],"settings":{"section_height":"seven-fifty-height","layout":"inline","image_location":"right","image_width":"standard","image":"shopify:\/\/shop_images\/FindTheRightCup_Ultra_3.png","subheading":"ULTRA PRO","title":"<p>3-PIECE IMPACT SHIELD PROTECTION<\/p>","heading_highlight_type":"circle","highlight_color":"#d43747","highlight_text_color":"#ff4400","heading_size":130,"content":"<p>Offers multi-layer protection designed to shield and transfer shock away from areas where protection is most needed. <\/p><p><\/p><p>STARTING AT $14.99<\/p>","text_alignment":"left","button_text":"SHOP ULTRA PRO","button_link":"https:\/\/www.shockdoctor.com\/collections\/ultra-pro-protective-cups-and-shorts","button_color":"btn--black","button_style":"btn--solid","button_size":"btn--small","button_2_text":"Button text","button_2_link":"","button_2_color":"btn--black","button_2_style":"btn--solid","button_2_size":"btn--small","video_link":"","text_color":"text-dark","bg_color":"","gradient":"","section_width":"wrapper","padding_top":60,"padding_bottom":60}},"section_image_with_text_e6t8aw":{"type":"section-image-with-text","custom_css":[".subheading-text.main-subheading.aos-animate {font-size: 1.2rem;}"],"settings":{"section_height":"seven-fifty-height","layout":"inline","image_location":"left","image_width":"standard","image":"shopify:\/\/shop_images\/FindTheRightCup_Core_3.png","subheading":"Core","title":"<p>IDEAL FOR ATHLETES OF ALL AGES AND ABILITIES<\/p>","heading_highlight_type":"circle","highlight_color":"#ff4400","highlight_text_color":"#000000","heading_size":130,"content":"<p>The BioFlex Athletic Cup protects all the vital areas with a vented bio-shaped design, offering a comfortable fit and superior protection.<\/p><p><\/p><p>STARTING AT $11.99<\/p>","text_alignment":"left","button_text":"Shop Core","button_link":"https:\/\/www.shockdoctor.com\/collections\/core-collection","button_color":"btn--black","button_style":"btn--solid","button_size":"btn--small","button_2_text":"Button text","button_2_link":"","button_2_color":"btn--black","button_2_style":"btn--solid","button_2_size":"btn--small","video_link":"","text_color":"text-dark","bg_color":"","gradient":"","section_width":"wrapper","padding_top":60,"padding_bottom":100}},"section_text_3ttnki":{"type":"section-text","blocks":{"subheading_gUQrAw":{"type":"subheading","settings":{"text":"<p>CHOOSE YOUR GARMENT<\/p>","size":150,"margin_bottom":16}},"heading_Jr44rd":{"type":"heading","settings":{"text":"<p>FIND THE PERFECT HOME FOR YOUR SHOCK DOCTOR CUP<\/p>","size":175,"heading_highlight_type":"italics","highlight_color":"#d43747","highlight_text_color":"#000000"}},"text_rk7mfj":{"type":"text","settings":{"text":"<p>Whether you need straightforward support or cutting-edge compression, we’ve got the perfect home for your Shock Doctor Cup<\/p>","size":100}}},"block_order":["subheading_gUQrAw","heading_Jr44rd","text_rk7mfj"],"custom_css":["section#Text--template--18843745648876__section_text_3ttnki {background: #f7f7f7;}","div#Text--subheading_gUQrAw {color: #ff4400;}"],"settings":{"text_position":"center","bg_color_secondary":false,"text_color":"text-dark","width":"wrapper--narrow","padding_top":60,"padding_bottom":0}},"section_grid_NXndGX":{"type":"section-grid","blocks":{"image_BQQiV9":{"type":"image","settings":{"width":"50","image":"shopify:\/\/shop_images\/Compression_Aircore_3.jpg","overlay_opacity":10,"text_position":"bottom-left","subheading":"","title":"Compression Shorts with AirCore™ Cup","text":"Move effortlessly with the most advanced protection -breathable, lightweight, and comfortable","button_1_text":"Shop Now","button_1_link":"shopify:\/\/products\/compression-short-with-aircore-cup-black","button_2_text":"","button_2_link":"","text_color":"text-dark"}},"image_pxjrce":{"type":"image","settings":{"width":"50","image":"shopify:\/\/shop_images\/Compression_Bioflex_2.jpg","overlay_opacity":0,"text_position":"bottom-left","subheading":"","title":"Compression Short with BioFlex™ Cup","text":"Natural fit and trusted protection","button_1_text":"Shop Now","button_1_link":"shopify:\/\/products\/core-compression-short-with-bio-flex-cup","button_2_text":"","button_2_link":"","text_color":"text-dark"}},"image_DJT4Nx":{"type":"image","settings":{"width":"50","image":"shopify:\/\/shop_images\/Compression_Hex_UltraCup_1.jpg","overlay_opacity":0,"text_position":"bottom-left","subheading":"","title":"HEX® Compression Fit Impact Short with Ultra Carbon Flex Cup","text":"Experience a secure, comfortable and supportive compression fit with four-way stretch fabric that wicks moisture away from skin.","button_1_text":"Shop Now","button_1_link":"shopify:\/\/products\/hex-compression-fit-impact-short-with-ultra-carbon-flex-cup","button_2_text":"","button_2_link":"","text_color":"text-dark"}},"image_phNHQa":{"type":"image","settings":{"width":"50","image":"shopify:\/\/shop_images\/Compression_UltraPro_1.jpg","overlay_opacity":0,"text_position":"bottom-left","subheading":"","title":"Ultra Pro Compression Short with Ultra Cup","text":"Ideal for elite athletes seeking the best combination of premium comfort and maximum protection. ","button_1_text":"Shop Now","button_1_link":"shopify:\/\/products\/ultra-pro-compression-short-with-carbon-flex-cup","button_2_text":"","button_2_link":"","text_color":"text-dark"}},"image_wbYcRN":{"type":"image","settings":{"width":"50","image":"shopify:\/\/shop_images\/Supporter_Bioflex_1.jpg","overlay_opacity":10,"text_position":"bottom-left","subheading":"AVAILABLE WITHOUT CUP","title":"Supporter with BioFlex™ Cup","text":"4-way stretch mesh for retention and comfort","button_1_text":"Shop Now","button_1_link":"shopify:\/\/products\/core-supporter-with-bio-flex-cup","button_2_text":"","button_2_link":"","text_color":"text-dark"}},"image_DehHqK":{"type":"image","settings":{"width":"50","image":"shopify:\/\/shop_images\/Brief_Bioflex_3.jpg","overlay_opacity":10,"text_position":"bottom-left","subheading":"","title":"Brief with BioFlex™ Cup","text":"Moisture wicking fabric and mesh cup pocket for ventilation","button_1_text":"Shop Now","button_1_link":"shopify:\/\/products\/core-brief-with-bio-flex-cup","button_2_text":"","button_2_link":"","text_color":"text-dark"}}},"block_order":["image_BQQiV9","image_pxjrce","image_DJT4Nx","image_phNHQa","image_wbYcRN","image_DehHqK"],"custom_css":["section#sectionMosaicGrid--template--18843745648876__section_grid_NXndGX {background: #f7f7f7;}"],"settings":{"height":"750","heading_size":130,"button_1_color":"btn--black","button_1_style":"btn--solid","button_1_size":"btn--small","button_2_color":"btn--black","button_2_style":"btn--solid","button_2_size":"btn--small","bg_color_secondary":false,"enable_slider_mobile":true,"columns_mobile":"1","width":"wrapper","add_gutter":true,"padding_top":60,"padding_bottom":60}}},"order":["main","section_divider_6Wnf4T","section_banner_image_ywYtU4","section_text_F9R8Yh","section_marquee_enF3TR","section_text_gMqdr6","section_grid_CNecKy","section_text_M3kyK4","section_text_kCXEXi","section_image_with_text_PhU4hR","section_image_with_text_qLYmYE","section_image_with_text_e6t8aw","section_text_3ttnki","section_grid_NXndGX"]}