{"sections":{"main":{"type":"main-page","disabled":true,"settings":{"show_page_title":true,"bg_color_secondary":false,"padding_top":60,"padding_bottom":60}},"section_image_7UYpDW":{"type":"section-image","name":"Image","settings":{"height":"five-fifty-height","enable_mobile_height":false,"mobile_height":"original-height-mobile","enable_stretch":true,"image_position":"center","bg_color_secondary":false,"width":"wrapper--full-padded","padding_top":0,"padding_bottom":0}},"section_text_44CaAj":{"type":"section-text","blocks":{"subheading_DiNDKW":{"type":"subheading","disabled":true,"settings":{"text":"<p>Subheading<\/p>","size":100,"margin_bottom":16}},"heading_nyagQU":{"type":"heading","settings":{"text":"<p>OUR LATEST LOOKBOOK HAS DROPPED & IS NOW <em>READY TO SHOP<\/em><\/p>","size":170,"heading_highlight_type":"highlight-color","highlight_color":"#D43747","highlight_text_color":"#ff4400"}},"text_khLeqT":{"type":"text","settings":{"text":"<p>Share details about a promotion, welcome customers, describe a product, <\/p><p>or talk about your brand.<\/p>","size":100}}},"block_order":["subheading_DiNDKW","heading_nyagQU","text_khLeqT"],"name":"Text","settings":{"text_position":"center","bg_color_secondary":false,"text_color":"text-dark","width":"wrapper--narrow","padding_top":60,"padding_bottom":60}},"section_grid_HrthcE":{"type":"section-grid","blocks":{"image_xyie66":{"type":"image","settings":{"width":"50","overlay_opacity":10,"text_position":"bottom-left","subheading":"","title":"White\/Sprinkle Drip MAF","text":"Isaac is wearing the White\/Sprinkle Drip Max AirFlow Football Lipguard.","button_1_text":"Shop Now","button_1_link":"","button_2_text":"","button_2_link":"","text_color":"text-light"}},"image_LQjJiY":{"type":"image","settings":{"width":"50","overlay_opacity":10,"text_position":"bottom-left","subheading":"","title":"3D Ice Chain MAF","text":"Deonte is wearing the 3D Ice Chain Max AirFlow Football Lipguard","button_1_text":"Shop Now","button_1_link":"","button_2_text":"","button_2_link":"","text_color":"text-light"}}},"block_order":["image_xyie66","image_LQjJiY"],"name":"Grid","settings":{"height":"650","heading_size":130,"button_1_color":"btn--white","button_1_style":"btn--text","button_1_size":"btn--small","button_2_color":"btn--black","button_2_style":"btn--text","button_2_size":"btn--small","bg_color_secondary":false,"enable_slider_mobile":true,"columns_mobile":"1","width":"wrapper","add_gutter":true,"padding_top":60,"padding_bottom":0}},"section_image_with_text_jDBdDQ":{"type":"section-image-with-text","disabled":true,"settings":{"section_height":"six-fifty-height","layout":"inline","image_location":"right","image_width":"standard","image":"shopify:\/\/shop_images\/DSC07905_RedCompressionSleeve2.jpg","subheading":"Fall\/Winter","title":"<p>Our latest lookbook has dropped is now <em>ready to shop<\/em><\/p>","heading_highlight_type":"stroke","highlight_color":"#d43747","highlight_text_color":"#000000","heading_size":130,"content":"<p>Share details about a promotion, welcome customers, describe a product, or talk about your brand.<\/p>","text_alignment":"left","button_text":"","button_link":"","button_color":"btn--black","button_style":"btn--solid","button_size":"btn--small","button_2_text":"Button text","button_2_link":"","button_2_color":"btn--black","button_2_style":"btn--solid","button_2_size":"btn--small","video_link":"","text_color":"text-dark","bg_color":"","gradient":"","section_width":"wrapper","padding_top":60,"padding_bottom":60}},"section_grid_chKVU9":{"type":"section-grid","blocks":{"image_qYBHDq":{"type":"image","settings":{"width":"33.33","overlay_opacity":10,"text_position":"center","subheading":"","title":"Performance Sleeveless Hoodie","text":"David is wearing the Performance Sleeveless Hoodie in Red","button_1_text":"Shop Now","button_1_link":"","button_2_text":"","button_2_link":"","text_color":"text-light"}},"image_naCzGw":{"type":"image","settings":{"width":"33.33","overlay_opacity":10,"text_position":"center","subheading":"","title":"Stars and Stripes Bolt Lip Guard","text":"Preston is wearing the Stars and Stripes Bolt Lip Guard","button_1_text":"Shop Now","button_1_link":"","button_2_text":"","button_2_link":"","text_color":"text-light"}},"image_tQ8kA9":{"type":"image","settings":{"width":"33.33","overlay_opacity":10,"text_position":"center","subheading":"","title":"Performance Sleeveless Hoodie","text":"Add more info or delete this text","button_1_text":"Shop Now","button_1_link":"","button_2_text":"","button_2_link":"","text_color":"text-light"}}},"block_order":["image_qYBHDq","image_naCzGw","image_tQ8kA9"],"name":"Grid","settings":{"height":"450","heading_size":130,"button_1_color":"btn--white","button_1_style":"btn--text","button_1_size":"btn--small","button_2_color":"btn--black","button_2_style":"btn--text","button_2_size":"btn--small","bg_color_secondary":false,"enable_slider_mobile":true,"columns_mobile":"1","width":"wrapper","add_gutter":true,"padding_top":60,"padding_bottom":0}},"section_columns_84hjUw":{"type":"section-columns","blocks":{"text_block_b8NnWh":{"type":"text_block","settings":{"image":"shopify:\/\/shop_images\/SprinkleDrip.jpg","title":"White\/Sprinkle Drip MAF","text":"<p>Isaac is wearing the White\/Sprinkle Drip Max AirFlow Football Lipguard.<\/p>","button_text":"SHOP NOW","button_link":"shopify:\/\/products\/white-pink-sprinkle-drip-max-airflow-football-mouthguard","button_color":"btn--black","button_style":"btn--text","button_size":"btn--small","button_2_text":"","button_2_link":"","button_2_color":"btn--black","button_2_style":"btn--solid","button_2_size":"btn--small","video_link_popup":"","video_link_color":"text-dark"}},"text_block_awCG4y":{"type":"text_block","settings":{"image":"shopify:\/\/shop_images\/DSC07465_ICECHAIN_SILVER-OPT_1.webp","title":"3D Ice Chain MAF","text":"<p>Deonte is wearing the 3D Ice Chain Max AirFlow Football Lipguard<\/p>","button_text":"SHOP NOW","button_link":"shopify:\/\/products\/3d-ice-chain-silver-max-airflow-football-mouthguard","button_color":"btn--black","button_style":"btn--text","button_size":"btn--small","button_2_text":"","button_2_link":"","button_2_color":"btn--black","button_2_style":"btn--solid","button_2_size":"btn--small","video_link_popup":"","video_link_color":"text-dark"}}},"block_order":["text_block_b8NnWh","text_block_awCG4y"],"disabled":true,"settings":{"title":"","align_text":"text-left","columns":2,"columns_mobile":"1","show_images":true,"show_borders":false,"equalize_height":true,"desktop_aspect_ratio":0.8,"mobile_aspect_ratio":0.8,"heading_size":120,"text_size":100,"bg_color_secondary":false,"color_borders":"#000000","layout_mobile":"carousel","width":"wrapper","padding_top":60,"padding_bottom":60}},"section_columns_Fz4X9U":{"type":"section-columns","blocks":{"text_block_YTMBmn":{"type":"text_block","settings":{"image":"shopify:\/\/shop_images\/7dcca813-bb14-50fd-8551-3ac79526db23_1.jpg","title":"Performance Sleeveless Hoodie","text":"<p>David is wearing the Performance Sleeveless Hoodie in Red<\/p>","button_text":"SHOP NOW","button_link":"shopify:\/\/products\/performance-sleeveless-athletic-hoodie-red","button_color":"btn--black","button_style":"btn--text","button_size":"btn--small","button_2_text":"","button_2_link":"","button_2_color":"btn--black","button_2_style":"btn--solid","button_2_size":"btn--small","video_link_popup":"","video_link_color":"text-dark"}},"text_block_iqj6CF":{"type":"text_block","settings":{"image":"shopify:\/\/shop_images\/SD23_Lifestyle_Showtime-ChinStrapCover-StarsAndStripes_2.png","title":"Stars and Stripes Bolt Lip Guard","text":"<p>Preston is wearing the Stars and Stripes Bolt Lip Guard<\/p>","button_text":"Shop Now","button_link":"shopify:\/\/products\/stars-and-stripes-bolt-lip-guard","button_color":"btn--black","button_style":"btn--text","button_size":"btn--small","button_2_text":"","button_2_link":"","button_2_color":"btn--black","button_2_style":"btn--solid","button_2_size":"btn--small","video_link_popup":"","video_link_color":"text-dark"}}},"block_order":["text_block_YTMBmn","text_block_iqj6CF"],"disabled":true,"settings":{"title":"","align_text":"text-left","columns":2,"columns_mobile":"1","show_images":true,"show_borders":false,"equalize_height":true,"desktop_aspect_ratio":0.8,"mobile_aspect_ratio":0.8,"heading_size":120,"text_size":100,"bg_color_secondary":false,"color_borders":"#000000","layout_mobile":"carousel","width":"wrapper","padding_top":60,"padding_bottom":60}},"section_text_dfhFwN":{"type":"section-text","blocks":{"subheading_q9U8ef":{"type":"subheading","settings":{"text":"<p>PERFECT FOR ANY SEASON<\/p>","size":100,"margin_bottom":16}},"heading_KxnDBU":{"type":"heading","settings":{"text":"<p>NEW FALL DROPS<\/p>","size":100,"heading_highlight_type":"italics","highlight_color":"#d43747","highlight_text_color":"#000000"}},"text_WFtkYT":{"type":"text","disabled":true,"settings":{"text":"<p>Use this text to share information about your brand with your customers. Describe a product, share announcements, or welcome customers to your store.<\/p>","size":100}},"button_MyhVVx":{"type":"button","disabled":true,"settings":{"button_text":"Read More","button_link":"","button_color":"btn--black","button_style":"btn--solid","button_size":"btn--small"}}},"block_order":["subheading_q9U8ef","heading_KxnDBU","text_WFtkYT","button_MyhVVx"],"settings":{"text_position":"center","bg_color_secondary":false,"text_color":"text-dark","width":"wrapper--narrow","padding_top":60,"padding_bottom":0}},"section_collection_ajLiya":{"type":"section-collection","settings":{"collection":"new-releases","products_layout":"grid","number_of_products":4,"products_per_row_on_desktop":4,"columns_mobile":"2","text_alignment":"text-center","title":"","heading_highlight_type":"circle","highlight_color":"#d43747","highlight_text_color":"#000000","heading_size":100,"text":"","text_size":100,"button_text":"","button_color":"btn--black","button_style":"btn--text","button_size":"btn--large","bg_color_secondary":false,"enable_slider_mobile":true,"width":"wrapper--full-padded","padding_top":60,"padding_bottom":0}},"section_look_hR8P4U":{"type":"section-look","blocks":{"product_Q6CwhM":{"type":"product","settings":{"product":"performance-heavyweight-hoodie-black","position_x":49,"position_y":48}},"product_JLqwjJ":{"type":"product","settings":{"product":"core-compression-short-with-bio-flex-cup-checker","position_x":71,"position_y":78}}},"block_order":["product_Q6CwhM","product_JLqwjJ"],"settings":{"image":"shopify:\/\/shop_images\/Option1.jpg","enable_aspect_ratio":true,"main_image_aspect_ratio":1.3,"title":"Shop the Look","text":"<p>Our most popular looks of the season<\/p>","text_alignment":"text-left","show_hotspots":true,"content_color":"text-dark","hotspot_color":"","bg_color_secondary":false,"width":"wrapper--full-padded","padding_top":60,"padding_bottom":60}},"section_columns_kkrVfw":{"type":"section-columns","blocks":{"text_block_wP7tdL":{"type":"text_block","settings":{"image":"shopify:\/\/shop_images\/BazookaJoeLP-Lifestyle3.jpg","title":"Bazooka Joe MAF","text":"<p>Preston is wearing the Bazooka Joe Max AirFlow Football Lipguard.<\/p>","button_text":"SHOP NOW","button_link":"shopify:\/\/products\/bazooka-joe-bubble-gum-max-airflow-football-flavor-fusion-mouthguard","button_color":"btn--black","button_style":"btn--text","button_size":"btn--small","button_2_text":"","button_2_link":"","button_2_color":"btn--black","button_2_style":"btn--solid","button_2_size":"btn--small","video_link_popup":"","video_link_color":"text-dark"}},"text_block_p3tM9q":{"type":"text_block","settings":{"image":"shopify:\/\/shop_images\/ChainJewelDollarV2.jpg","title":"3D Jewel MAF","text":"<p>Michael is wearing the 3D Jewel Dollar Max AirFlow Football Mouthguard.<\/p>","button_text":"SHOP NOW","button_link":"shopify:\/\/products\/3d-chain-jewel-max-airflow-mouthguard-black-gold-money","button_color":"btn--black","button_style":"btn--text","button_size":"btn--small","button_2_text":"","button_2_link":"","button_2_color":"btn--black","button_2_style":"btn--solid","button_2_size":"btn--small","video_link_popup":"","video_link_color":"text-dark"}}},"block_order":["text_block_wP7tdL","text_block_p3tM9q"],"disabled":true,"settings":{"title":"","align_text":"text-left","columns":2,"columns_mobile":"1","show_images":true,"show_borders":false,"equalize_height":true,"desktop_aspect_ratio":0.8,"mobile_aspect_ratio":0.8,"heading_size":120,"text_size":100,"bg_color_secondary":false,"color_borders":"#000000","layout_mobile":"carousel","width":"wrapper","padding_top":60,"padding_bottom":60}},"section_text_cWY8aF":{"type":"section-text","blocks":{"subheading_y3B3gR":{"type":"subheading","settings":{"text":"<p>LOOK NO FURTHER<\/p>","size":100,"margin_bottom":16}},"heading_zMeHxH":{"type":"heading","settings":{"text":"<p>Performance Apparel to Keep You in the Game<\/p>","size":90,"heading_highlight_type":"italics","highlight_color":"#d43747","highlight_text_color":"#000000"}},"text_83CCUR":{"type":"text","disabled":true,"settings":{"text":"<p>Use this text to share information about your brand with your customers. Describe a product, share announcements, or welcome customers to your store.<\/p>","size":100}},"button_mbgxPN":{"type":"button","disabled":true,"settings":{"button_text":"Read More","button_link":"","button_color":"btn--black","button_style":"btn--solid","button_size":"btn--small"}}},"block_order":["subheading_y3B3gR","heading_zMeHxH","text_83CCUR","button_mbgxPN"],"settings":{"text_position":"center","bg_color_secondary":false,"text_color":"text-dark","width":"wrapper--narrow","padding_top":60,"padding_bottom":0}},"section_collection_twn7TC":{"type":"section-collection","settings":{"collection":"performance-apparel","products_layout":"grid","number_of_products":4,"products_per_row_on_desktop":4,"columns_mobile":"2","text_alignment":"text-center","title":"","heading_highlight_type":"circle","highlight_color":"#d43747","highlight_text_color":"#000000","heading_size":100,"text":"<p>Our latest collection has something that will suit any style both game and post game.<\/p>","text_size":100,"button_text":"","button_color":"btn--black","button_style":"btn--text","button_size":"btn--large","bg_color_secondary":false,"enable_slider_mobile":true,"width":"wrapper--full-padded","padding_top":16,"padding_bottom":60}},"section_banner_image_6ND7GN":{"type":"section-banner-image","blocks":{"subheading_FjaUCP":{"type":"subheading","settings":{"text":"<p>FALL \/ WINTER<\/p>","size":100}},"heading_JjfRBM":{"type":"heading","settings":{"text":"<p>SHOP EVERYTHING YOU NEED FOR FOOTBALL THIS SEASON<\/p>","size":180,"heading_highlight_type":"italics","highlight_color":"#d43747","highlight_text_color":"#000000"}},"text_43WNUk":{"type":"text","settings":{"text":"<p>Vibrant and Radiant. out latest collection features fun patterns in bright colors. Clothing inspired by all the beauty in the world - to help you feel joy and embrace it!<\/p>","size":100}},"button_MNVMHk":{"type":"button","settings":{"button_1_text":"Shop Now","button_1_link":"shopify:\/\/collections\/football-compression-gear-cups","button_1_color":"btn--white","button_1_style":"btn--text","button_1_size":"btn--small","button_2_text":"","button_2_link":"","button_2_color":"btn--black","button_2_style":"btn--solid","button_2_size":"btn--small"}}},"block_order":["subheading_FjaUCP","heading_JjfRBM","text_43WNUk","button_MNVMHk"],"settings":{"height":"three-quarters-height","enable_mobile_height":true,"mobile_height":"six-fifty-height-mobile","overlay_opacity":10,"transition":"zoom-out","enable_zoom_animation":true,"enable_card_scrolling":false,"increase_border_radius":true,"text_width":"normal","text_position":"center","text_color":"text-light"}}},"order":["main","section_image_7UYpDW","section_text_44CaAj","section_grid_HrthcE","section_image_with_text_jDBdDQ","section_grid_chKVU9","section_columns_84hjUw","section_columns_Fz4X9U","section_text_dfhFwN","section_collection_ajLiya","section_look_hR8P4U","section_columns_kkrVfw","section_text_cWY8aF","section_collection_twn7TC","section_banner_image_6ND7GN"]}