{"sections":{"main":{"type":"main-page","settings":{"show_page_title":false,"bg_color_secondary":false,"padding_top":60,"padding_bottom":60}},"section_banner_image_PBbXa8":{"type":"section-banner-image","blocks":{"subheading_7awBCj":{"type":"subheading","settings":{"text":"<p>Welcome to<\/p>","size":100}},"heading_6NTHAP":{"type":"heading","settings":{"text":"<p>Palo Alto<\/p>","size":180,"heading_highlight_type":"italics","highlight_color":"#d43747","highlight_text_color":"#000000"}},"text_kJt9nQ":{"type":"text","settings":{"text":"<p>Share information about your brand, describe a product, share announcements, or welcome customers to your store.<\/p>","size":100}},"button_83DBM7":{"type":"button","settings":{"button_1_text":"Shop All","button_1_link":"shopify:\/\/collections\/all","button_1_color":"btn--white","button_1_style":"btn--solid-border","button_1_size":"btn--small","button_2_text":"","button_2_link":"","button_2_color":"btn--black","button_2_style":"btn--solid","button_2_size":"btn--small"}}},"block_order":["subheading_7awBCj","heading_6NTHAP","text_kJt9nQ","button_83DBM7"],"settings":{"height":"original-height","enable_mobile_height":true,"mobile_height":"original-height-mobile","image":"shopify:\/\/shop_images\/bracefinder-header.webp","image_mobile":"shopify:\/\/shop_images\/SD22-Light-BraceFinder-MBL.webp","overlay_opacity":10,"transition":"zoom-out","enable_zoom_animation":true,"enable_card_scrolling":false,"increase_border_radius":true,"text_width":"normal","text_position":"left","text_color":"text-light"}},"section_columns_TP6Ai6":{"type":"section-columns","blocks":{"text_block_TEEhP6":{"type":"text_block","settings":{"image":"shopify:\/\/shop_images\/01-SD22-Light-BraceFinder-DSK.jpg","title":"FEATURES SLEEVES AND SUPPORTS DESIGNED TO DELIVER LIGHT PROTECTION AND SUPPORT","text":"<p><strong>IDEAL FOR<\/strong><\/p><p>Minor Pain, sprains and instabilities<\/p><p><strong>HOW IT WORKS<\/strong><\/p><p>Promotes healing through the use of neoprene thermal therapy and\/or breathable elastic<\/p>","button_text":"SHOP LIGHT","button_link":"shopify:\/\/collections\/braces-and-supports-protection-level-light","button_color":"btn--black","button_style":"btn--text","button_size":"btn--small","button_2_text":"","button_2_link":"","button_2_color":"btn--black","button_2_style":"btn--solid","button_2_size":"btn--small","video_link_popup":"","video_link_color":"text-dark"}},"text_block_qFzVAD":{"type":"text_block","settings":{"image":"shopify:\/\/shop_images\/02-SD22-Moderate-BraceFinder-DSK.jpg","title":"FEATURES WRAPS AND SUPPORTS DESIGNED TO DELIVER LIGHT TO MODERATE PROTECTION AND SUPPORT","text":"<p><strong>IDEAL FOR<\/strong><\/p><p>Swelling, recovering sprains and pain relief from chronic conditions<\/p><p><strong>HOW IT WORKS<\/strong><\/p><p>Includes features like straps, stays and buttresses for additional protection and support through compression<\/p>","button_text":"SHOP MODERATE","button_link":"shopify:\/\/collections\/braces-and-supports-protection-level-moderate","button_color":"btn--black","button_style":"btn--text","button_size":"btn--small","button_2_text":"","button_2_link":"","button_2_color":"btn--black","button_2_style":"btn--solid","button_2_size":"btn--small","video_link_popup":"","video_link_color":"text-dark"}},"text_block_WkcEfz":{"type":"text_block","settings":{"image":"shopify:\/\/shop_images\/03-SD22-Maximum-BraceFinder-DSKjpg.jpg","title":"FEATURES WRAPS, SUPPORTS AND BRACES DESIGNED TO DELIVER MODERATE TO MAXIMUM PROTECTION AND SUPPORT","text":"<p><strong>IDEAL FOR<\/strong><\/p><p>Proactive injury prevention and post-surgical joint protection<\/p><p><strong>HOW IT WORKS<\/strong><\/p><p>Includes features like hinges, splints, straps and stays for additional protection and support<\/p>","button_text":"SHOP MAXIMUM","button_link":"shopify:\/\/collections\/braces-and-supports-protection-level-maximum","button_color":"btn--black","button_style":"btn--text","button_size":"btn--small","button_2_text":"","button_2_link":"","button_2_color":"btn--black","button_2_style":"btn--solid","button_2_size":"btn--small","video_link_popup":"","video_link_color":"text-dark"}}},"block_order":["text_block_TEEhP6","text_block_qFzVAD","text_block_WkcEfz"],"settings":{"title":"LEVELS OF PROTECTION","align_text":"text-left","columns":3,"columns_mobile":"1","show_images":true,"show_borders":false,"equalize_height":false,"desktop_aspect_ratio":1.5,"mobile_aspect_ratio":0.8,"heading_size":100,"text_size":80,"bg_color_secondary":false,"color_borders":"#000000","layout_mobile":"stacked","width":"wrapper--full-padded","padding_top":60,"padding_bottom":60}},"section_columns_dLdb7Q":{"type":"section-columns","blocks":{"text_block_Y9FbCB":{"type":"text_block","settings":{"image":"shopify:\/\/shop_images\/04-SD22-Maximumplus-BraceFinder-DSK.jpg","title":"FEATURES SLEEVES AND SUPPORTS DESIGNED TO DELIVER LIGHT PROTECTION AND SUPPORT","text":"<p><strong>IDEAL FOR<\/strong><\/p><p>Major join instabilities, post-surgical joint protection and therapeutic recovery<\/p><p><strong>HOW IT WORKS<\/strong><\/p><p>Semi-rigid and lightweight braces for superior stability with advanced design for custom-like comfort ad natural range of motion.<\/p>","button_text":"SHOP MAXIMUM +","button_link":"shopify:\/\/collections\/braces-and-supports-protection-level-maximum-plus","button_color":"btn--black","button_style":"btn--text","button_size":"btn--small","button_2_text":"","button_2_link":"","button_2_color":"btn--black","button_2_style":"btn--solid","button_2_size":"btn--small","video_link_popup":"","video_link_color":"text-dark"}},"text_block_rR6RF9":{"type":"text_block","settings":{"image":"shopify:\/\/shop_images\/05-SD22-ColdTherapy-BraceFinder-DSK.jpg","title":"FEATURES WRAPS AND SUPPORTS DESIGNED TO DELIVER LIGHT TO MODERATE PROTECTION AND SUPPORT","text":"<p><strong>IDEAL FOR<\/strong><\/p><p>Reducing swelling, sprains, post activity soreness and strains<\/p><p><strong>HOW IT WORKS<\/strong><\/p><p>Restricts the blood vessels which helps eliminate swelling. Slowing down blood flow reduces the threat of injuries like cramps, spasms, and inflammation.<\/p>","button_text":"SHOP COLD THERAPY","button_link":"shopify:\/\/collections\/braces-and-supports-protection-level-cold-therapy","button_color":"btn--black","button_style":"btn--text","button_size":"btn--small","button_2_text":"","button_2_link":"","button_2_color":"btn--black","button_2_style":"btn--solid","button_2_size":"btn--small","video_link_popup":"","video_link_color":"text-dark"}},"text_block_eh6tdj":{"type":"text_block","settings":{"image":"shopify:\/\/shop_images\/06-SD22-ShopAll-BraceFinder-DSK.jpg","title":"","text":"","button_text":"","button_link":"shopify:\/\/collections\/braces-supports","button_color":"btn--black","button_style":"btn--text","button_size":"btn--small","button_2_text":"","button_2_link":"","button_2_color":"btn--black","button_2_style":"btn--solid","button_2_size":"btn--small","video_link_popup":"","video_link_color":"text-dark"}}},"block_order":["text_block_Y9FbCB","text_block_rR6RF9","text_block_eh6tdj"],"settings":{"title":"","align_text":"text-left","columns":3,"columns_mobile":"1","show_images":true,"show_borders":false,"equalize_height":false,"desktop_aspect_ratio":1.5,"mobile_aspect_ratio":0.8,"heading_size":100,"text_size":80,"bg_color_secondary":false,"color_borders":"#000000","layout_mobile":"stacked","width":"wrapper--full-padded","padding_top":100,"padding_bottom":80}}},"order":["main","section_banner_image_PBbXa8","section_columns_TP6Ai6","section_columns_dLdb7Q"]}