{"sections":{"main":{"type":"main-page","disabled":true,"settings":{"show_page_title":true,"bg_color_secondary":false,"padding_top":60,"padding_bottom":60}},"section_divider_cPEXxR":{"type":"section-divider","settings":{"show_line":false,"width":"wrapper","padding_top":0,"padding_bottom":0}},"section_banner_image_YEFGHC":{"type":"section-banner-image","blocks":{"subheading_JwDffX":{"type":"subheading","settings":{"text":"","size":100}}},"block_order":["subheading_JwDffX"],"settings":{"height":"original-height","enable_mobile_height":true,"mobile_height":"four-fifty-height-mobile","image":"shopify:\/\/shop_images\/Brace_Finder_Hero_Dsk_cf2f1c74-bdf4-49b2-829b-1af0d42c11b9.jpg","image_mobile":"shopify:\/\/shop_images\/Brace_Finder_Hero_MBL_e0cae8f7-e6ee-4ed5-b4e1-941de7659e38.jpg","overlay_opacity":0,"transition":"zoom-out","enable_zoom_animation":true,"enable_card_scrolling":false,"increase_border_radius":true,"text_width":"normal","text_position":"left","text_color":"text-light"}},"section_text_kz6MTK":{"type":"section-text","blocks":{"subheading_CqTijM":{"type":"subheading","settings":{"text":"<p>BRACES & SUPPORTS GUIDE<\/p>","size":150,"margin_bottom":16}},"heading_4ftjrt":{"type":"heading","settings":{"text":"<p><em>LEVELS<\/em> OF PROTECTION<\/p>","size":230,"heading_highlight_type":"highlight-color","highlight_color":"#d43747","highlight_text_color":"#ff4400"}},"text_XVbKAg":{"type":"text","settings":{"text":"<p>At Shock Doctor, we are dedicated to providing high-quality braces and supports tailored to your unique needs. Discover the ideal level of support to enhance your performance and protect your body.<\/p>","size":100}}},"block_order":["subheading_CqTijM","heading_4ftjrt","text_XVbKAg"],"settings":{"text_position":"center","bg_color_secondary":false,"text_color":"text-dark","width":"wrapper--narrow","padding_top":0,"padding_bottom":60}},"section_columns_YNCV3z":{"type":"section-columns","blocks":{"text_block_icCAxW":{"type":"text_block","settings":{"image":"shopify:\/\/shop_images\/Brace_Finder_Light.svg","title":"","text":"<p>Perfect for Extended <\/p><p>Daily Use<\/p>","button_text":"Learn More","button_link":"#light","button_color":"btn--black","button_style":"btn--text","button_size":"btn--small","button_2_text":"","button_2_link":"","button_2_color":"btn--black","button_2_style":"btn--solid","button_2_size":"btn--small","video_link_popup":"","video_link_color":"text-dark"}},"text_block_f9pyVt":{"type":"text_block","settings":{"image":"shopify:\/\/shop_images\/Brace_Finder_Moderate.svg","title":"","text":"<p>Manage Minor to Moderate Pain, <\/p><p>Sprains and Strains<\/p>","button_text":"Learn More","button_link":"#moderate","button_color":"btn--black","button_style":"btn--text","button_size":"btn--small","button_2_text":"","button_2_link":"","button_2_color":"btn--black","button_2_style":"btn--solid","button_2_size":"btn--small","video_link_popup":"","video_link_color":"text-dark"}},"text_block_EBTVtB":{"type":"text_block","settings":{"image":"shopify:\/\/shop_images\/Brace_Finder_Maximum.svg","title":"","text":"<p>Manage Moderate to Major Pain, <\/p><p>Sprains and Strains<\/p>","button_text":"Learn More","button_link":"#maximum","button_color":"btn--black","button_style":"btn--text","button_size":"btn--small","button_2_text":"","button_2_link":"","button_2_color":"btn--black","button_2_style":"btn--solid","button_2_size":"btn--small","video_link_popup":"","video_link_color":"text-dark"}},"text_block_HFQ39P":{"type":"text_block","settings":{"image":"shopify:\/\/shop_images\/Brace_Finder_Maximum_2e262703-21ed-43bb-973b-c281e081575c.svg","title":"","text":"<p>Post-Surgical Joint Protection & Therapeutic Recovery<\/p>","button_text":"Learn More","button_link":"#maximumplus","button_color":"btn--black","button_style":"btn--text","button_size":"btn--small","button_2_text":"","button_2_link":"","button_2_color":"btn--black","button_2_style":"btn--solid","button_2_size":"btn--small","video_link_popup":"","video_link_color":"text-dark"}}},"block_order":["text_block_icCAxW","text_block_f9pyVt","text_block_EBTVtB","text_block_HFQ39P"],"settings":{"title":"","align_text":"text-center","columns":4,"columns_mobile":"2","show_images":true,"show_borders":false,"equalize_height":true,"desktop_aspect_ratio":0.6,"mobile_aspect_ratio":0.6,"heading_size":100,"text_size":80,"bg_color_secondary":false,"color_borders":"#000000","layout_mobile":"grid","width":"wrapper","padding_top":0,"padding_bottom":60}},"section_custom_html_N6cNEt":{"type":"section-custom-html","settings":{"custom_code":"<span id=\"light\"><\/span>","width":"wrapper","padding_top":0,"padding_bottom":0}},"section_grid_teUH34":{"type":"section-grid","blocks":{"image_w7Jnrn":{"type":"image","settings":{"width":"50","image":"shopify:\/\/shop_images\/Brace_Finder_Light_Image_01.jpg","overlay_opacity":10,"text_position":"top-left","subheading":"level 1","title":"LIGHT COMPRESSION","text":"Perfect for extended daily use.","button_1_text":"SHOP LIGHT COMPRESSION","button_1_link":"shopify:\/\/collections\/braces-and-supports-protection-level-light","button_2_text":"","button_2_link":"","text_color":"text-dark"}},"image_LYYcdH":{"type":"image","settings":{"width":"25","image":"shopify:\/\/shop_images\/Light_Compression_Ankle.jpg","overlay_opacity":10,"text_position":"bottom-left","subheading":"","title":"","text":"ANKLE RELIEF FOR:<br>•Minor Ankle Instability<br>•Arthritis<br>•Swelling<br>•Tendonitis","button_1_text":"","button_1_link":"","button_2_text":"","button_2_link":"","text_color":"text-light"}},"image_agfjFn":{"type":"image","settings":{"width":"25","image":"shopify:\/\/shop_images\/Light_Compression_Knee.jpg","overlay_opacity":10,"text_position":"bottom-left","subheading":"","title":"","text":"KNEE RELIEF FOR:<br>•Arthritis<br>•Tendonitis<br>•Bursitis<br>•Patella Alignment","button_1_text":"","button_1_link":"","button_2_text":"","button_2_link":"","text_color":"text-light"}}},"block_order":["image_w7Jnrn","image_LYYcdH","image_agfjFn"],"custom_css":["h3.mosaic__item__heading.h2.aos-animate {font-size: 3rem; width: 95%; color: #ff4400;}","p.mosaic__item__subheading.subheading-text {font-size: 1rem;}"],"settings":{"height":"650","heading_size":170,"button_1_color":"btn--black","button_1_style":"btn--text","button_1_size":"btn--small","button_2_color":"btn--black","button_2_style":"btn--text","button_2_size":"btn--small","bg_color_secondary":false,"enable_slider_mobile":true,"columns_mobile":"1","width":"wrapper","add_gutter":true,"padding_top":60,"padding_bottom":60}},"section_divider_DfEhaL":{"type":"section-divider","settings":{"show_line":true,"width":"wrapper","padding_top":10,"padding_bottom":10}},"section_custom_html_DPEHyG":{"type":"section-custom-html","settings":{"custom_code":"<span id=\"moderate\"><\/span>","width":"wrapper","padding_top":0,"padding_bottom":0}},"section_grid_t4Dyeg":{"type":"section-grid","blocks":{"image_qhgViU":{"type":"image","settings":{"width":"50","image":"shopify:\/\/shop_images\/Brace_Finder_Moderate_Image_01.jpg","overlay_opacity":10,"text_position":"top-left","subheading":"LEVEL 2","title":"MODERATE SUPPORT","text":"Manage Minor to Moderate Pain, Sprains and Strains","button_1_text":"SHOP MODERATE SUPPORT","button_1_link":"shopify:\/\/collections\/braces-and-supports-protection-level-moderate","button_2_text":"","button_2_link":"","text_color":"text-dark"}},"image_gTPEkY":{"type":"image","settings":{"width":"25","image":"shopify:\/\/shop_images\/MODERATE_SUPPORT_ANKLE.jpg","overlay_opacity":10,"text_position":"bottom-left","subheading":"","title":"","text":"ANKLE RELIEF FOR:<br>•Grade 1 Ankle Sprains<br>•Minor Ankle Instability<br>•Swelling                                            <br>•Arthritis<br>•Tendonitis                                            <br>•Pain Relief from Chronic Ankle Conditions","button_1_text":"","button_1_link":"","button_2_text":"","button_2_link":"","text_color":"text-light"}},"image_t7fWFp":{"type":"image","settings":{"width":"25","image":"shopify:\/\/shop_images\/MODERATE_SUPPORT_KNEE.jpg","overlay_opacity":10,"text_position":"bottom-left","subheading":"","title":"","text":"KNEE RELIEF FOR:<br>•Medial\/Lateral Instability<br>•Minor Patella Instability<br>•Meniscus Injuries<br>•Minor Ligament Sprains<br>•Tendonitis<br>•Pain Relief from Chronic Knee Conditions","button_1_text":"","button_1_link":"","button_2_text":"","button_2_link":"","text_color":"text-light"}}},"block_order":["image_qhgViU","image_gTPEkY","image_t7fWFp"],"custom_css":["h3.mosaic__item__heading.h2.aos-animate {font-size: 3rem; width: 95%; color: #ff4400;}","p.mosaic__item__subheading.subheading-text {font-size: 1rem;}"],"settings":{"height":"650","heading_size":100,"button_1_color":"btn--black","button_1_style":"btn--text","button_1_size":"btn--small","button_2_color":"btn--black","button_2_style":"btn--text","button_2_size":"btn--small","bg_color_secondary":false,"enable_slider_mobile":true,"columns_mobile":"1","width":"wrapper","add_gutter":true,"padding_top":60,"padding_bottom":60}},"section_divider_jGhbrb":{"type":"section-divider","settings":{"show_line":true,"width":"wrapper","padding_top":10,"padding_bottom":10}},"section_custom_html_tn46Lk":{"type":"section-custom-html","settings":{"custom_code":"<span id=\"maximum\"><\/span>","width":"wrapper","padding_top":0,"padding_bottom":0}},"section_grid_tmDDrp":{"type":"section-grid","blocks":{"image_pgdcgU":{"type":"image","settings":{"width":"50","image":"shopify:\/\/shop_images\/Brace_Finder_Maximum_01.jpg","overlay_opacity":10,"text_position":"top-left","subheading":"LEVEL 3","title":"MAXIMUM <br>SUPPORT","text":"Post-Surgical Joint Protection & Therapeutic Recovery.","button_1_text":"SHOP MAXIMUM SUPPORT","button_1_link":"shopify:\/\/collections\/braces-and-supports-protection-level-maximum","button_2_text":"","button_2_link":"","text_color":"text-dark"}},"image_4ifmri":{"type":"image","settings":{"width":"25","image":"shopify:\/\/shop_images\/MAXIMUM_SUPPORT_ANKLE_1.jpg","overlay_opacity":10,"text_position":"bottom-left","subheading":"","title":"","text":"ANKLE RELIEF FOR :<br>•Grade 2 and 3 Ankle Sprains<br>•Ankle Instability<br>•Injury Prevention<br>•Post-Surgical Joint Protection","button_1_text":"","button_1_link":"","button_2_text":"","button_2_link":"","text_color":"text-light"}},"image_UVwyf7":{"type":"image","settings":{"width":"25","image":"shopify:\/\/shop_images\/MAXIMUM_SUPPORT_KNEE_1.jpg","overlay_opacity":10,"text_position":"bottom-left","subheading":"","title":"","text":"KNEE RELIEF FOR :<br>•ACL\/PCL Injuries <br>•Medial\/Lateral Instabilities <br>•Hyperextension                             <br>•Patella Instability<br>•Meniscus Injuries <br>•Ligament Sprains                                   -","button_1_text":"","button_1_link":"","button_2_text":"","button_2_link":"","text_color":"text-light"}}},"block_order":["image_pgdcgU","image_4ifmri","image_UVwyf7"],"custom_css":["h3.mosaic__item__heading.h2.aos-animate {font-size: 3rem; width: 95%; color: #ff4400;}","p.mosaic__item__subheading.subheading-text {font-size: 1rem;}"],"settings":{"height":"650","heading_size":130,"button_1_color":"btn--black","button_1_style":"btn--text","button_1_size":"btn--small","button_2_color":"btn--black","button_2_style":"btn--text","button_2_size":"btn--small","bg_color_secondary":false,"enable_slider_mobile":true,"columns_mobile":"1","width":"wrapper","add_gutter":true,"padding_top":60,"padding_bottom":60}},"section_divider_WmWKzm":{"type":"section-divider","settings":{"show_line":true,"width":"wrapper","padding_top":10,"padding_bottom":10}},"section_custom_html_qqcgVW":{"type":"section-custom-html","settings":{"custom_code":"<span id=\"maximumplus\"><\/span>","width":"wrapper","padding_top":0,"padding_bottom":0}},"section_grid_MmTVMB":{"type":"section-grid","blocks":{"image_kKaBfN":{"type":"image","settings":{"width":"50","image":"shopify:\/\/shop_images\/Brace_Finder_Maximum__01.jpg","overlay_opacity":10,"text_position":"top-left","subheading":"LEVEL 3+","title":"MAXIMUM + RECOVERY SUPPORT","text":"Post-Surgical Joint Protection & Therapeutic Recovery.","button_1_text":"SHOP MAXIMUM+ SUPPORT","button_1_link":"shopify:\/\/collections\/braces-and-supports-protection-level-maximum-plus","button_2_text":"","button_2_link":"","text_color":"text-dark"}},"image_TQ7wwP":{"type":"image","settings":{"width":"25","image":"shopify:\/\/shop_images\/MAXIMUM__SUPPORT_ANKLE.jpg","overlay_opacity":10,"text_position":"bottom-left","subheading":"","title":"","text":"","button_1_text":"","button_1_link":"","button_2_text":"","button_2_link":"","text_color":"text-light"}},"image_FNKDNi":{"type":"image","settings":{"width":"25","image":"shopify:\/\/shop_images\/MAXIMUM__SUPPORT_KNEE.jpg","overlay_opacity":10,"text_position":"bottom-left","subheading":"","title":"","text":"","button_1_text":"","button_1_link":"","button_2_text":"","button_2_link":"","text_color":"text-light"}}},"block_order":["image_kKaBfN","image_TQ7wwP","image_FNKDNi"],"custom_css":["h3.mosaic__item__heading.h2.aos-animate {font-size: 3rem; width: 95%; color: #ff4400;}","p.mosaic__item__subheading.subheading-text {font-size: 1rem;}"],"settings":{"height":"650","heading_size":130,"button_1_color":"btn--black","button_1_style":"btn--text","button_1_size":"btn--small","button_2_color":"btn--black","button_2_style":"btn--text","button_2_size":"btn--small","bg_color_secondary":false,"enable_slider_mobile":true,"columns_mobile":"1","width":"wrapper","add_gutter":true,"padding_top":60,"padding_bottom":60}}},"order":["main","section_divider_cPEXxR","section_banner_image_YEFGHC","section_text_kz6MTK","section_columns_YNCV3z","section_custom_html_N6cNEt","section_grid_teUH34","section_divider_DfEhaL","section_custom_html_DPEHyG","section_grid_t4Dyeg","section_divider_jGhbrb","section_custom_html_tn46Lk","section_grid_tmDDrp","section_divider_WmWKzm","section_custom_html_qqcgVW","section_grid_MmTVMB"]}