{"sections":{"section_image_with_text_YgyEpz":{"type":"section-image-with-text","settings":{"section_height":"six-fifty-height","layout":"inline","image_location":"left","image_width":"standard","image":"shopify:\/\/shop_images\/UNITEDSPB_240606_SDPST_124.webp","subheading":"","title":"<p>HSA\/FSA FREQUENTLY ASKED QUESTIONS<\/p>","heading_highlight_type":"circle","highlight_color":"#d43747","highlight_text_color":"#000000","heading_size":130,"content":"<p>Here are a few of our most commonly asked questions. If you don’t see your question addressed below, please reach out to our team and we’ll get back to you as soon as possible. You can reach us at 800-233-6956 or cs@shockdoctor.com<\/p>","text_alignment":"left","button_text":"","button_link":"","button_color":"btn--black","button_style":"btn--solid","button_size":"btn--small","button_2_text":"Button text","button_2_link":"","button_2_color":"btn--black","button_2_style":"btn--solid","button_2_size":"btn--small","video_link":"","text_color":"text-dark","bg_color":"","gradient":"","section_width":"wrapper","padding_top":60,"padding_bottom":60}},"main":{"type":"main-page","disabled":true,"settings":{"show_page_title":true,"bg_color_secondary":false,"padding_top":60,"padding_bottom":30}},"accordion-section-1":{"type":"section-accordions","blocks":{"accordion_block_1_1":{"type":"text","settings":{"title":"What is a Flexible Spending Account (FSA)?","text":"<p>A Flexible Spending Account (FSA) is an employer-established benefit account allowing you to set aside pre-tax dollars (up to $2,750 per year, per employer) to cover eligible medical expenses. Flexible Spending Accounts enable customers to save money on certain medical and dental costs covered by their respective plans. Your FSA dollars can be used to cover medical costs, including eligible over-the-counter (OTC) healthcare products, for you and any dependents claimed on your federal tax return.<\/p>"}},"accordion_block_1_2":{"type":"text","settings":{"title":"How do I use my FSA dollars?","text":"<p>After enrolling in an FSA or HSA plan, you can pay for FSA and HSA eligible items through reimbursements from your plan administrator. What items are FSA and HSA eligible on ShockDoctor.com? Many items that are commonly FSA and HSA eligible are offered for online purchase on Shock Doctor, available below - click <a href=\"https:\/\/www.shockdoctor.com\/pages\/fsa-hsa#eligibleproduct\"><span style=\"text-decoration:underline\">here<\/span><\/a>. For ease of purchase, only items that do not require a prescription from your doctor are included in Shock Doctor's online catalog of FSA and HSA eligible products. Please check with your plan administrator to verify that items designated as FSA and HSA eligible at Shock Doctor are also eligible for reimbursements. For a full list of qualifying healthcare products eligible for FSA and HSA reimbursement, please visit Publication 969 on the IRS website.<\/p>"}},"accordion_block_1_3":{"type":"text","settings":{"title":"What is a Health Savings Account (HSA)?","text":"<p>A Health Savings Account (HSA) is a type of savings account that allows you to set aside pre-tax dollars (up to $3,550 per individual or $7,100 per family) to cover eligible medical expenses. An HSA can be used only if you have a High Deductible Health Plan (HDHP). Please check with your plan administrator to see if your plan is eligible for an HSA.<\/p>"}},"accordion_block_1_4":{"type":"text","settings":{"title":"Deadlines and Rollovers?","text":"<p>Funds allocated to an FSA can be spent on eligible items in the calendar year that the plan covers. While FSA funds are designated to be fully spent in the same year that contributions to the account are made, select plans allow either (1) a carryover of $500 to the next calendar, or (2) a grace period of up to 2 months and 15 days at the beginning of the next calendar year to spend all unused funds in the account. For full details on your plan’s policy for unspent funds, please refer to your FSA plan agreement or contact your plan administrator. Funds allocated to an HSA account roll over year to year if you do not spend them fully. For full details on your plan’s policy, please refer to your HSA plan agreement or contact your plan administrator.<\/p>"}}},"block_order":["accordion_block_1_1","accordion_block_1_2","accordion_block_1_3","accordion_block_1_4"],"settings":{"layout":"two-columns","show_accordion_divider":false,"title":"HSA\/FSA FAQ","subheading":"","text":"","tabs_bg_color":"#fafafa","bg_color_secondary":false,"text_color":"text-dark","width":"wrapper","padding_top":60,"padding_bottom":60}},"accordion-section-2":{"type":"section-accordions","blocks":{"accordion_block_2_0":{"type":"text","settings":{"title":"How do I pay for FSA and HSA eligible items on ShockDoctor.com?","text":"<p>ShockDoctor.com currently does not accept FSA or HSA cards as a payment method. Please use a credit, debit, or gift card to pay for your order with FSA and HSA eligible items, then submit your order receipt to your plan administrator for reimbursement.<\/p>"}},"accordion_block_2_1":{"type":"text","settings":{"title":"Are FSA and HSA eligible items also eligible for reimbursement under a Health Reimbursement Account (HRA) plan?","text":"<p>Many FSA and HSA eligible items are also eligible for reimbursement through HRA plans. Please contact your plan administrator to confirm HRA eligibility.<\/p>"}},"accordion_block_2_2":{"type":"text","settings":{"title":"What happens to my money if I don't use all of my HSA dollars?","text":"<p>Funds allocated to an HSA account roll over year to year if you do not spend them fully. For full details on your plan's policy, please refer to your HSA plan agreement or contact your plan administrator. The information provided on ShockDoctor.com is provided as an educational resource only. The content is from other public sources and is reproduced here for the convenience of consumers. Shock Doctor does not guarantee the accuracy of this information.<\/p>"}},"accordion_block_2_3":{"type":"text","settings":{"title":"How do I get reimbursed for FSA and HSA eligible items that I purchase on ShockDoctor.com?","text":"<p>To receive reimbursement for eligible items, please submit your saved receipt along with an online or paper reimbursement form in accordance to your plan's policies. When submitting reimbursements, you can typically elect to receive the reimbursed payments in the form of a direct deposit to a selected bank account, or as a paper check.<\/p>"}},"accordion_block_2_4":{"type":"text","settings":{"title":"What happens to my money if I don't use all of my FSA dollars?","text":"<p>Funds allocated to an FSA can be spent on eligible items in the calendar year that the plan covers. While FSA funds are designated to be fully spent in the same year that contributions to the account are made, select plans allow either (1) a carryover of $500 to the next calendar, or (2) a grace period of up to 2 months and 15 days at the beginning of the next calendar year to spend all unused funds in the account. For full details on your plan's policy for unspent funds, please refer to your FSA plan agreement or contact your plan administrator.<\/p>"}}},"block_order":["accordion_block_2_0","accordion_block_2_1","accordion_block_2_2","accordion_block_2_3","accordion_block_2_4"],"settings":{"layout":"two-columns","show_accordion_divider":false,"title":"HSA\/FSA ELIGIBILITY","subheading":"","text":"","tabs_bg_color":"#fafafa","bg_color_secondary":false,"text_color":"text-dark","width":"wrapper","padding_top":60,"padding_bottom":60}},"accordion-section-3":{"type":"section-accordions","blocks":{"accordion_block_3_0":{"type":"text","settings":{"title":"Mouthguards\/Lip Guards","text":"<p>The following products are eligible for HSA\/FSA in certain colors\/styles - please check the description to see if a color option\/style you selected is an HSA\/FSA Eligible Product.<\/p><ul><li><a href=\"https:\/\/www.shockdoctor.com\/products\/bolt-lip-guard\" title=\"Shock Doctor Bolt Lip Guard Product Link\">Bolt Lip Guard<\/a><\/li><li><a href=\"https:\/\/www.shockdoctor.com\/products\/braces-mouthguard\" title=\"Shock Doctor Braces Mouthguard Product Link\">Braces Mouthguard<\/a><\/li><li><a href=\"https:\/\/www.shockdoctor.com\/products\/double-braces-mouthguard\" title=\"Shock Doctor Double Braces Mouthguard Product Link\">Double Braces Mouthguard<\/a><\/li><li><a href=\"https:\/\/www.shockdoctor.com\/products\/gel-max-mouthguard\" title=\"Shock Doctor Gel Max Mouthguard Product Link\">Gel Max Mouthguard (*Select Colors)<\/a><\/li><li><a href=\"https:\/\/www.shockdoctor.com\/products\/gel-max-power-flavor-fusion-mouthguard\" title=\"Shock Doctor Gel Max Flavor Fusion Mouthguard Product Link\">Gel Max Flavor Fusion Mouthguard<\/a><\/li><li><a href=\"https:\/\/www.shockdoctor.com\/products\/gel-max-power-mouthguard\" title=\"Shock Doctor Gel Max Power Mouthguard Product Link\">Gel Max Power Mouthguard (*Select Colors)<\/a><\/li><li><a href=\"https:\/\/www.shockdoctor.com\/products\/stars-and-stripes-gel-max-power-print-mouthguard\" title=\"Shock Doctor Gel Max Power Printed Mouthguard Product Link\">Gel Max Power Print Mouthguard (*Select Colors)<\/a><\/li><li><a href=\"https:\/\/www.shockdoctor.com\/products\/insta-fit-mouthguard\" title=\"Shock Doctor Insta-Fit Mouthguard Product Link\">Insta-Fit Mouthguard<\/a><\/li><li><a href=\"https:\/\/www.shockdoctor.com\/products\/insta-fit-print-mouthguard\" title=\"Shock Doctor Insta-Fit Printed Mouthguard Product Link\">Insta-Fit Print Mouthguard<\/a><\/li><li><a href=\"https:\/\/www.shockdoctor.com\/products\/max-airflow-football-mouthguard-black-white\" title=\"Shock Doctor Max AirFlow Football Mouthguard Product Link\">Max AirFlow Football Mouthguard (*Select Colors)<\/a><\/li><li><a href=\"https:\/\/www.shockdoctor.com\/products\/microfit-mouthguard\" title=\"Shock Doctor MicroFit Mouthguard Product Link\">MicroFit Mouthguard (*Select Colors)<\/a><\/li><li><a href=\"https:\/\/www.shockdoctor.com\/products\/microgel-mouthguard-black\" title=\"Shock Doctor MicroGel Mouthguard Product Link\">MicroGel Mouthguard<\/a><\/li><li><a href=\"https:\/\/www.shockdoctor.com\/products\/trash-talker-mouthguard\" title=\"Shock Doctor Trash Talker Mouthguard Product Link\">Trash Talker Mouthguard<\/a><\/li><li><a href=\"https:\/\/www.shockdoctor.com\/products\/black-trash-talker-basketball-mouthguard\" title=\"Shock Doctor Trash Talker Basketball Mouthguard Product Link\">Trash Talker Basketball Mouthguard<\/a><\/li><li><a href=\"https:\/\/www.shockdoctor.com\/products\/trash-talker-chrome-silver-mouthguard\" title=\"Shock Doctor Trash Talker Chrome Silver Mouthguard Product Link\">Trash Talker Chrome Silver Mouthguard<\/a><\/li><li><a href=\"https:\/\/www.shockdoctor.com\/products\/trash-talker-gold-chrome-mouthguard\" title=\"Shock Doctor Trash Talker Chrome Gold Mouthguard Product Link\">Trash Talker Chrome Gold Mouthguard<\/a><\/li><li><a href=\"https:\/\/www.shockdoctor.com\/collections\/mouthguards\/products\/trash-talker-stars-stripes-mouthguard\" title=\"Shock Doctor Trash Talker Stars & Stripes Product Link\">Trash Talker Stars & Stripes Mouthguard<\/a><\/li><li><a href=\"https:\/\/www.shockdoctor.com\/products\/trash-talker-printed-mouthguard\" title=\"Shock Doctor Trash Talker Printed Mouthguard Product Link\">Trash Talker Printed Mouthguard<\/a><\/li><li><a href=\"https:\/\/www.shockdoctor.com\/products\/womens-trash-talker-basketball-mouthguard\" title=\"Shock Doctor Women's Trash Talker Basketball Mouthguard Product Link\">Women's Trash Talker Basketball Mouthguard<\/a><\/li><li><a href=\"https:\/\/www.shockdoctor.com\/products\/ultra2-stc-mouthguard\" title=\"Shock Doctor Ultra 2 STC Mouthguard Product Link\">Ultra 2 STC Mouthguard<\/a><\/li><li><a href=\"https:\/\/www.shockdoctor.com\/collections\/mouthguards\/products\/blue-ultra-braces-mouthguard\" title=\"Shock Doctor Ultra Braces Mouthguard Product Link\">Ultra Braces Mouthguard<\/a><\/li><li><a href=\"https:\/\/www.shockdoctor.com\/products\/ultra-braces-flavor-fusion-mouthguard\" title=\"Shock Doctor Ultra Braces Flavor Fusion Mouthguard Product Link\">Ultra Braces Flavor Fusion Mouthguard<\/a><\/li><li><a href=\"https:\/\/www.shockdoctor.com\/products\/ultra-double-braces-mouthguard\" title=\"Shock Doctor Ultra Double Braces Mouthguard Product Link\">Ultra Double Braces Mouthguard<\/a><\/li><\/ul>"}},"accordion_block_3_1":{"type":"text","settings":{"title":"Knee Braces, Supports, Sleeves, and Wraps","text":"<p>The following products are eligible for HSA\/FSA in certain colors\/styles - please check the description to see if a color option\/style you selected is an HSA\/FSA Eligible Product.<\/p><ul><li><a href=\"https:\/\/www.shockdoctor.com\/products\/bio-logix-knee-brace\" title=\"Shock Doctor Bio-Logix Knee Brace Product Link\">Bio-Logix™ Knee Brace<\/a><\/li><li><a href=\"https:\/\/www.shockdoctor.com\/products\/compression-knit-knee-sleeve\" title=\"Shock Doctor Compression Knit Knee Sleeve Product Link\">Compression Knit Knee Sleeve<\/a><\/li><li><a href=\"https:\/\/www.shockdoctor.com\/products\/dual-strap-knee-wrap\" title=\"Shock Doctor Dual Strap Knee Wrap Product Link\">Dual Strap Knee Wrap<\/a><\/li><li><a href=\"https:\/\/www.shockdoctor.com\/products\/hyperblend-knee-brace-with-patella-gel-and-stays\" title=\"Shock Doctor Hyperblend™ Knee Brace with Patella Gel and Stays Product Link\">HyperBlend™ Knee Brace with Patella Gel and Stays<\/a><\/li><li><a href=\"https:\/\/www.shockdoctor.com\/products\/ice-recovery-knee-compression-wrap\" title=\"Shock Doctor Ice Recovery Compression Knee Wrap Product Link\">Ice Recovery Compression Knee Wrap<\/a><\/li><li><a href=\"https:\/\/www.shockdoctor.com\/products\/knee-brace-with-dual-wrap-heavy-duty-hinges\" title=\"Shock Doctor Knee Brace with Dual Wrap & Heavy-Duty Hinges Product Link\">Knee Brace w\/ Dual Wrap & Heavy-Duty Hinges<\/a><\/li><li><a href=\"https:\/\/www.shockdoctor.com\/products\/knee-compression-sleeve-with-open-patella\" title=\"Shock Doctor Knee Compression Sleeve with Open Patella Product Link\">Knee Compression Sleeve with Open Patella<\/a><\/li><li><a href=\"https:\/\/www.shockdoctor.com\/products\/knee-stabilizer-with-flexible-knee-stays\" title=\"Shock Doctor Knee Stabilizer with Flexible Support Stays Product Link\">Knee Stabilizer with Flexible Support Stays<\/a><\/li><li><a href=\"https:\/\/www.shockdoctor.com\/products\/knee-support-with-dual-hinges\" title=\"Shock Doctor Knee Support with Dual Hinges Product Link\">Knee Support with Dual Hinges<\/a><\/li><li><a href=\"https:\/\/www.shockdoctor.com\/products\/knee-patella-support-strap\" title=\"Shock Doctor Knee\/Patella Support Strap Product Link\">Knee\/Patella Support Strap<\/a><\/li><li><a href=\"https:\/\/www.shockdoctor.com\/products\/quick-on-knee-support-w-versatile-over-wrap-system\" title=\"Shock Doctor Quick-on™ Knee Support with Versatile Over Wrap System™ Product Link\">Quick-On™ Knee Support w\/ Versatile Over Wrap System™<\/a><\/li><li><a href=\"https:\/\/www.shockdoctor.com\/products\/ultra-knee-support-with-bilateral-hinges\" title=\"Shock Doctor Ultra Knee Support with Bilateral Hinges Product Link\">Ultra Knee Support with Bilateral Hinges<\/a><\/li><li><a href=\"https:\/\/www.shockdoctor.com\/products\/ultra-knit-knee-support-w-full-patella-gel-stays\" title=\"Shock Doctor Ultra Knit Knee Support with Full Patella Gel & Stays Product Link\">Ultra Knit Knee Support w\/ Full Patella Gel & Stays<\/a><\/li><\/ul>"}},"accordion_block_3_2":{"type":"text","settings":{"title":"Ankle Braces, Supports, Sleeves, and Wraps","text":"<p>The following products are eligible for HSA\/FSA in certain colors\/styles - please check the description to see if a color option\/style you selected is an HSA\/FSA Eligible Product.<\/p><ul><li><a href=\"https:\/\/www.shockdoctor.com\/products\/ankle-stabilizer\" title=\"Shock Doctor Ankle Stabilizer Product Link\">Ankle Stabilizer<\/a><\/li><li><a href=\"https:\/\/www.shockdoctor.com\/products\/compression-knit-ankle-sleeve\" title=\"Shock Doctor Compression Knit Ankle Sleeve Product Link\">Compression Knit Ankle Sleeve<\/a><\/li><li><a href=\"https:\/\/www.shockdoctor.com\/products\/compression-knit-ankle-sleeve-with-gel-support\" title=\"Shock Doctor Compression Knit Ankle Sleeve with Gel Support Product Link\">Compression Knit Ankle Sleeve with Gel Support<\/a><\/li><li><a href=\"https:\/\/www.shockdoctor.com\/products\/ice-recovery-ankle-compression-wrap\" title=\"Shock Doctor Ice Recovery Compression Ankle Wrap Product Link\">Ice Recovery Compression Ankle Wrap<\/a><\/li><li><a href=\"https:\/\/www.shockdoctor.com\/products\/laceless-cleat-ankle-brace-w-stirrup-stays-straps\" title=\"Shock Doctor Laceless Cleat Ankle Brace with Stirrup Stays & Straps Product Link\">Laceless Cleat Ankle Brace w\/ Stirrup Stays & Straps<\/a><\/li><li><a href=\"https:\/\/www.shockdoctor.com\/products\/ultra-gel-lace-ankle-support\" title=\"Shock Doctor Ultra Gel Lace Ankle Support Product Link\">Ultra Gel Lace Ankle Support<\/a><\/li><li><a href=\"https:\/\/www.shockdoctor.com\/products\/ultra-knit-ankle-brace-w-figure-6-strap-stays\" title=\"Shock Doctor Ultra Knit Ankle Brace with Figure 6 Strap & Stays Product Link\">Ultra Knit Ankle Brace w\/ Figure 6 Strap & Stays<\/a><\/li><li><a href=\"https:\/\/www.shockdoctor.com\/products\/ultra-laceless-ankle-brace-with-stirrup-stays-figure-8-straps\" title=\"Shock Doctor Ultra Laceless Ankle Brace with Stirrup Stays & Figure-8 Straps Product Link\">Ultra Laceless Ankle Brace with Stirrup Stays & Figure-8 Straps<\/a><\/li><li><a href=\"https:\/\/www.shockdoctor.com\/products\/ultra-wrap-lace-ankle-support\" title=\"Shock Doctor Ultra Wrap Lace Ankle Support Product Link\">Ultra Wrap Lace Ankle Support<\/a><\/li><\/ul>"}},"text_CmT9i6":{"type":"text","settings":{"title":"Elbow Sleeves, Supports, and Straps","text":"<p>The following products are eligible for HSA\/FSA in certain colors\/styles - please check the description to see if a color option\/style you selected is an HSA\/FSA Eligible Product.<\/p><ul><li><a href=\"https:\/\/www.shockdoctor.com\/products\/compression-knit-elbow-sleeve\" title=\"Shock Doctor Compression Knit Elbow Sleeve Product Link\">Compression Knit Elbow Sleeve<\/a><\/li><li><a href=\"https:\/\/www.shockdoctor.com\/products\/compression-knit-elbow-sleeve-with-gel-support\" title=\"Shock Doctor Compression Knit Elbow Sleeve with Gel Support Product Link\">Compression Knit Elbow Sleeve with Gel Support<\/a><\/li><li><a href=\"https:\/\/www.shockdoctor.com\/products\/compression-knit-tennis-golf-elbow-sleeve-with-gel-support-and-strap\" title=\"Shock Doctor Compression Knit Tennis\/Golf Elbow Sleeve with Gel Support & Strap Product Link\">Compression Knit Tennis\/Golf Elbow Sleeve w\/Gel Support & Strap<\/a><\/li><li><a href=\"https:\/\/www.shockdoctor.com\/products\/elbow-compression-sleeve\" title=\"Shock Doctor Elbow Compression Sleeve Product Link\">Elbow Compression Sleeve<\/a><\/li><li><a href=\"https:\/\/www.shockdoctor.com\/products\/ice-recovery-shoulder-elbow-compression-wrap\" title=\"Shock Doctor Ice Recovery Shoulder Elbow Compression Wrap Product Link\">Ice Recovery Shoulder Elbow Compression Wrap<\/a><\/li><li><a href=\"https:\/\/www.shockdoctor.com\/products\/ice-therapy-compression-elbow-wrap\" title=\"Shock Doctor Ice Therapy Compression Elbow Wrap Product Link\">Ice Therapy Compression Elbow Wrap<\/a><\/li><li><a href=\"https:\/\/www.shockdoctor.com\/products\/tennis-elbow-support-strap\" title=\"Shock Doctor Tennis Elbow Support Strap Product Link\">Tennis Elbow Support Strap<\/a><\/li><\/ul>"}},"text_K4rHDK":{"type":"text","settings":{"title":"Shoulder Wraps","text":"<p>The following products are eligible for HSA\/FSA in certain colors\/styles - please check the description to see if a color option\/style you selected is an HSA\/FSA Eligible Product.<\/p><ul><li><a href=\"https:\/\/www.shockdoctor.com\/products\/ice-recovery-shoulder-elbow-compression-wrap\" title=\"Shock Doctor Ice Recovery Shoulder Elbow Compression Wrap Product Link\">Ice Recovery Shoulder Elbow Compression Wrap<\/a><\/li><li><a href=\"https:\/\/www.shockdoctor.com\/products\/ultra-shoulder-support-with-stability-control\" title=\"Shock Doctor Ultra Shoulder Support with Stability Control Product Link\">Ultra Shoulder Support with Stability Control<\/a><\/li><\/ul>"}},"text_37cdAE":{"type":"text","settings":{"title":"Wrist Braces, Sleeves and Straps","text":"<p>The following products are eligible for HSA\/FSA in certain colors\/styles - please check the description to see if a color option\/style you selected is an HSA\/FSA Eligible Product.<\/p><ul><li><a href=\"https:\/\/www.shockdoctor.com\/products\/compression-knit-wrist-sleeve-with-strap\" title=\"Shock Doctor Compression Knit Wrist Sleeve with Strap Product Link\">Compression Knit Wrist Sleeve with Strap<\/a><\/li><li><a href=\"https:\/\/www.shockdoctor.com\/products\/wrist-3-strap-support\" title=\"Shock Doctor Wrist 3-Strap Support Product Link\">Wrist 3-Strap Support<\/a><\/li><\/ul>"}},"text_eCUXNJ":{"type":"text","settings":{"title":"Back Support","text":"<p>The following products are eligible for HSA\/FSA in certain colors\/styles - please check the description to see if a color option\/style you selected is an HSA\/FSA Eligible Product.<\/p><ul><li><a href=\"https:\/\/www.shockdoctor.com\/products\/ultra-back-support\" title=\"Shock Doctor Ultra Back Support Product Link\">Ultra Back Support<\/a><\/li><\/ul>"}},"text_XQDtkp":{"type":"text","settings":{"title":"Cups & Supporters","text":"<p>The following products are eligible for HSA\/FSA in certain colors\/styles - please check the description to see if a color option\/style you selected is an HSA\/FSA Eligible Product.<\/p><ul><li><a href=\"https:\/\/www.shockdoctor.com\/products\/bio-flex-cup\" title=\"Shock Doctor Bio-Flex Cup Product Link\">Bio-Flex Cup<\/a><\/li><li><a href=\"https:\/\/www.shockdoctor.com\/products\/core-supporter\" title=\"Shock Doctor Core Supporter Product Link\">Core Supporter<\/a><\/li><li><a href=\"https:\/\/www.shockdoctor.com\/products\/core-supporter-with-cup-pocket\" title=\"Shock Doctor Core Supporter with Cup Pocket Product Link\">Core Supporter with Cup Pocket<\/a><\/li><li><a href=\"https:\/\/www.shockdoctor.com\/products\/pelvic-protector\" title=\"Shock Doctor Pelvic Protector Product Link\">Pelvic Protector<\/a><\/li><li><a href=\"https:\/\/www.shockdoctor.com\/products\/shockskin-lax-relax-fit-5-pad-short-with-ultra-carbon-flex-cup\" title=\"Shock Doctor ShockSkin LAX Relax Fit 5-Pad Short with Ultra Carbon Flex Cup Product Link\">ShockSkin LAX Relax Fit 5-Pad Short with Ultra Carbon Flex Cup<\/a><\/li><li><a href=\"https:\/\/www.shockdoctor.com\/products\/ultra-pro-carbon-flex-cup\" title=\"Shock Doctor Ultra Carbon Flex Cup Product Link\">Ultra Carbon Flex Cup<\/a><\/li><li><a href=\"https:\/\/www.shockdoctor.com\/products\/ultra-pro-supporter-with-ultra-carbon-flex-cup\" title=\"Shock Doctor Ultra Pro Supporter Product Link\">Ultra Pro Supporter<\/a><\/li><\/ul>"}},"text_kKYLr8":{"type":"text","settings":{"title":"Miscellaneous Sport Accessories","text":"<p>The following products are eligible for HSA\/FSA in certain colors\/styles - please check the description to see if a color option\/style you selected is an HSA\/FSA Eligible Product.<\/p><ul><li><a href=\"https:\/\/www.shockdoctor.com\/products\/ice-recovery-medium-utility-compression-wrap?variant=14354326782005\" title=\"Shock Doctor Ice Recovery Compression Wrap Medium Product Link\">Ice Recovery Compression Wrap Medium<\/a><\/li><li><a href=\"https:\/\/www.shockdoctor.com\/products\/ultra-2-neck-guard\" title=\"Shock Doctor Ultra 2.0 Neck Guard Product Link\">Ultra 2.0 Neck Guard<\/a><\/li><\/ul>"}}},"block_order":["accordion_block_3_0","accordion_block_3_1","accordion_block_3_2","text_CmT9i6","text_K4rHDK","text_37cdAE","text_eCUXNJ","text_XQDtkp","text_kKYLr8"],"settings":{"layout":"one-column","show_accordion_divider":false,"title":"HSA\/FSA ELIGIBLE PRODUCTS","subheading":"","text":"","tabs_bg_color":"#fafafa","bg_color_secondary":false,"text_color":"text-dark","width":"wrapper","padding_top":60,"padding_bottom":60}}},"order":["section_image_with_text_YgyEpz","main","accordion-section-1","accordion-section-2","accordion-section-3"]}