{"sections":{"main":{"type":"main-page","disabled":true,"settings":{"show_page_title":true,"bg_color_secondary":false,"padding_top":60,"padding_bottom":60}},"section_divider_38dgJG":{"type":"section-divider","settings":{"show_line":false,"width":"wrapper","padding_top":0,"padding_bottom":0}},"section_banner_image_BRJPh8":{"type":"section-banner-image","blocks":{"heading_jKeNX8":{"type":"heading","settings":{"text":"","size":180,"heading_highlight_type":"italics","highlight_color":"#d43747","highlight_text_color":"#000000"}},"text_YLCzVQ":{"type":"text","settings":{"text":"","size":100}}},"block_order":["heading_jKeNX8","text_YLCzVQ"],"settings":{"height":"original-height","enable_mobile_height":true,"mobile_height":"one-third-height-mobile","image":"shopify:\/\/shop_images\/Group_1973.jpg","image_mobile":"shopify:\/\/shop_images\/Group_1976.jpg","overlay_opacity":0,"transition":"zoom-out","enable_zoom_animation":true,"enable_card_scrolling":false,"increase_border_radius":true,"text_width":"normal","text_position":"center","text_color":"text-light"}},"section_text_wbWNCa":{"type":"section-text","blocks":{"subheading_mXkLYf":{"type":"subheading","settings":{"text":"<p>MOUTHGUARD FIT GUIDE<\/p>","size":130,"margin_bottom":16}},"heading_TtzYYV":{"type":"heading","settings":{"text":"<h1><em>FIND<\/em> THE PERFECT <\/h1><h1>MOUTHGUARD FIT<\/h1>","size":250,"heading_highlight_type":"highlight-color","highlight_color":"#d43747","highlight_text_color":"#ff4400"}},"text_ayFpHg":{"type":"text","settings":{"text":"<p>Mouthguards are crucial for safeguarding your teeth during high-impact sports. Choose from our classic fit, slim fit, lip guard, and brace mouthguards to ensure maximum protection and comfort.<\/p>","size":100}}},"block_order":["subheading_mXkLYf","heading_TtzYYV","text_ayFpHg"],"settings":{"text_position":"center","bg_color_secondary":false,"text_color":"text-dark","width":"wrapper--narrow","padding_top":60,"padding_bottom":20}},"section_icons_row_XctG4d":{"type":"section-icons-row","blocks":{"text_jzb7BA":{"type":"text","settings":{"icon_name":"truck","icon_image":"shopify:\/\/shop_images\/Mouthguards_Classic.svg","title":"CLASSIC","text":"<p>Best All-Around Performer, <\/p><p>Ideal For Impact Sports.<\/p><p><a href=\"#classic\" title=\"#classic\">Learn More<\/a><\/p>"}},"text_FqqYMq":{"type":"text","settings":{"icon_name":"check","icon_image":"shopify:\/\/shop_images\/Slim_Fit.svg","title":"SLIM","text":"<p>Best for speaking, <\/p><p>less material<\/p><p><a href=\"#slim\" title=\"#slim\">Learn More<\/a><\/p>"}},"text_KeHdbR":{"type":"text","settings":{"icon_name":"eco-friendly","icon_image":"shopify:\/\/shop_images\/Lip_Guard_Fit.svg","title":"LIP GUARD","text":"<p>Best for football players, <\/p><p>works with braces<\/p><p><a href=\"#lipguard\" title=\"#lipguard\">Learn More<\/a><\/p>"}},"text_jMKNMe":{"type":"text","settings":{"icon_name":"clock","icon_image":"shopify:\/\/shop_images\/Braces_Fit.svg","title":"BRACES","text":"<p>Best For Braces<\/p><p><a href=\"#braces\" title=\"#braces\">Learn More<\/a><\/p>"}}},"block_order":["text_jzb7BA","text_FqqYMq","text_KeHdbR","text_jMKNMe"],"custom_css":["h3 {font-size: calc(1.63rem * var(--adjust-body));}","p {color: #000; line-height: 0.5; margin-top: 10px;}"],"settings":{"alignment":"center","columns":4,"icons_width":100,"heading":"","subheading":"","bg_color":"","text_color":"#333333","box_color":"","button_text":"","button_link":"","button_color":"btn--black","button_style":"btn--solid","button_size":"btn--small","enable_slider_mobile":false,"padding_top":20,"padding_bottom":60}},"section_custom_html_kdrAqy":{"type":"section-custom-html","settings":{"custom_code":"<span id=\"classic\"><\/span>","width":"wrapper","padding_top":0,"padding_bottom":0}},"section_text_qznXHw":{"type":"section-text","blocks":{"image_6cC4U3":{"type":"image","settings":{"image":"shopify:\/\/shop_images\/Classic_Fit_Lockup.svg","image_width":380,"image_link":""}},"heading_CX3reM":{"type":"heading","settings":{"text":"<p>COMFORT MEETS PROTECTION<\/p>","size":150,"heading_highlight_type":"italics","highlight_color":"#d43747","highlight_text_color":"#000000"}},"text_eMeNNT":{"type":"text","settings":{"text":"<p>Our Classic Fit Mouthguards provide a secure fit while ensuring maximum protection during intense activities.<\/p>","size":100}}},"block_order":["image_6cC4U3","heading_CX3reM","text_eMeNNT"],"custom_css":["section#Text--template--18735112028396__section_text_qznXHw {background-color: #f7f7f7;}"],"settings":{"text_position":"center","bg_color_secondary":false,"text_color":"text-dark","width":"wrapper--narrow","padding_top":100,"padding_bottom":20}},"section_grid_MiLYxd":{"type":"section-grid","blocks":{"image_WmKYaD":{"type":"image","settings":{"width":"33.33","image":"shopify:\/\/shop_images\/Gel_Max_Classic.jpg","overlay_opacity":0,"text_position":"bottom-left","subheading":"$35K DENTAL WARRANTY","title":"GEL MAX","text":"All-around performance with comfortable fit","button_1_text":"Shop Now","button_1_link":"shopify:\/\/products\/gel-max-mouthguard","button_2_text":"","button_2_link":"","text_color":"text-light"}},"image_AVRyzp":{"type":"image","settings":{"width":"33.33","image":"shopify:\/\/shop_images\/Group_1977.jpg","overlay_opacity":0,"text_position":"bottom-left","subheading":"$50K DENTAL WARRANTY","title":"GEL MAX POWER","text":"Toughest protection without the bulk.","button_1_text":"Shop Now","button_1_link":"shopify:\/\/products\/warheads-sour-green-apple-gel-max-power-flavor-fusion-mouthguard","button_2_text":"","button_2_link":"","text_color":"text-light"}},"image_xXFH6M":{"type":"image","settings":{"width":"33.33","image":"shopify:\/\/shop_images\/Group_1963.jpg","overlay_opacity":0,"text_position":"bottom-left","subheading":"$50k DENTAL WARRANTY","title":"ULTRA 2","text":"Advanced design maximizes impact absorption","button_1_text":"Shop Now","button_1_link":"shopify:\/\/products\/ultra2-stc-mouthguard","button_2_text":"","button_2_link":"","text_color":"text-light"}},"image_R6rxcV":{"type":"image","settings":{"width":"33.33","image":"shopify:\/\/shop_images\/InstaFit_Classic_a67b0f2e-ed79-4494-977c-9e845519f7a5.jpg","overlay_opacity":0,"text_position":"bottom-left","subheading":"$35K DENTAL WARRANTY","title":"INSTA-FIT","text":"Ideal for first-time mouthguard users ages 8 and under","button_1_text":"Shop Now","button_1_link":"shopify:\/\/products\/insta-fit-print-mouthguard-white-fang","button_2_text":"","button_2_link":"","text_color":"text-light"}},"image_YQJCRW":{"type":"image","settings":{"width":"33.33","image":"shopify:\/\/shop_images\/NanoDouble_classic_d6a3f41b-bb52-4e06-ad2c-bdc6dd865be9.jpg","overlay_opacity":0,"text_position":"bottom-left","subheading":"$50K DENTAL WARRANTY","title":"NANO DOUBLE","text":"Upper and lower breathing channels, best for fight\/MMA","button_1_text":"Shop Now","button_1_link":"shopify:\/\/products\/double-nano-mouthguard","button_2_text":"","button_2_link":"","text_color":"text-light"}}},"block_order":["image_WmKYaD","image_AVRyzp","image_xXFH6M","image_R6rxcV","image_YQJCRW"],"custom_css":["section#sectionMosaicGrid--template--18735112028396__section_grid_MiLYxd {background-color: #f7f7f7;}"],"settings":{"height":"auto","heading_size":150,"button_1_color":"btn--white","button_1_style":"btn--solid","button_1_size":"btn--small","button_2_color":"btn--white","button_2_style":"btn--text","button_2_size":"btn--small","bg_color_secondary":false,"enable_slider_mobile":true,"columns_mobile":"1","width":"wrapper","add_gutter":true,"padding_top":20,"padding_bottom":100}},"section_custom_html_JcPzUk":{"type":"section-custom-html","settings":{"custom_code":"<span id=\"slim\"><\/span>","width":"wrapper","padding_top":0,"padding_bottom":0}},"section_text_E748rj":{"type":"section-text","blocks":{"image_gyEAUK":{"type":"image","settings":{"image":"shopify:\/\/shop_images\/Slim_Fit_Lockup.svg","image_width":420,"image_link":""}},"heading_WhXmcg":{"type":"heading","settings":{"text":"<p>STREAMLINED FOR PERFORMANCE<\/p>","size":150,"heading_highlight_type":"italics","highlight_color":"#d43747","highlight_text_color":"#000000"}},"text_GbXXGj":{"type":"text","settings":{"text":"<p>Designed for athletes who prefer a low-profile option that stays secure, our Slim Fit Mouthguards offer excellent protection without the bulk.<\/p>","size":100}}},"block_order":["image_gyEAUK","heading_WhXmcg","text_GbXXGj"],"settings":{"text_position":"center","bg_color_secondary":false,"text_color":"text-dark","width":"wrapper--narrow","padding_top":100,"padding_bottom":20}},"section_grid_YxHLTb":{"type":"section-grid","blocks":{"image_YcVN9V":{"type":"image","settings":{"width":"33.33","image":"shopify:\/\/shop_images\/TrashTalker_Slim.jpg","overlay_opacity":0,"text_position":"bottom-left","subheading":"$50K DENTAL WARRANTY","title":"TRASH TALKER","text":"Speak easy. Breathe easy.","button_1_text":"Shop Now","button_1_link":"shopify:\/\/products\/trash-talker-mouthguard-white","button_2_text":"","button_2_link":"","text_color":"text-dark"}},"image_A4p8c6":{"type":"image","settings":{"width":"33.33","image":"shopify:\/\/shop_images\/TrashTalker_Microfit.jpg","overlay_opacity":0,"text_position":"bottom-left","subheading":"$50K DENTAL WARRANTY","title":"MICROFIT","text":"Ultra impact absorption shock transfer core.","button_1_text":"Shop Now","button_1_link":"shopify:\/\/products\/microfit-mouthguard-shock-green","button_2_text":"","button_2_link":"","text_color":"text-dark"}},"image_fRpUEx":{"type":"image","settings":{"width":"33.33","image":"shopify:\/\/shop_images\/Microgel_Slim.jpg","overlay_opacity":0,"text_position":"bottom-left","subheading":"$50K DENTAL WARRANTY","title":"MICROGEL","text":"Stay-in-place custom like feel","button_1_text":"Shop Now","button_1_link":"shopify:\/\/products\/microgel-mouthguard-black","button_2_text":"","button_2_link":"","text_color":"text-dark"}}},"block_order":["image_YcVN9V","image_A4p8c6","image_fRpUEx"],"settings":{"height":"auto","heading_size":130,"button_1_color":"btn--black","button_1_style":"btn--solid","button_1_size":"btn--small","button_2_color":"btn--black","button_2_style":"btn--text","button_2_size":"btn--small","bg_color_secondary":false,"enable_slider_mobile":true,"columns_mobile":"1","width":"wrapper","add_gutter":true,"padding_top":20,"padding_bottom":100}},"section_custom_html_Y9hxBX":{"type":"section-custom-html","settings":{"custom_code":"<span id=\"lipguard\"><\/span>","width":"wrapper","padding_top":0,"padding_bottom":0}},"section_text_GUMJQV":{"type":"section-text","blocks":{"image_4BiXje":{"type":"image","settings":{"image":"shopify:\/\/shop_images\/Lipguard_Fit_Lockup.svg","image_width":300,"image_link":""}},"heading_yXpjyc":{"type":"heading","settings":{"text":"<p>EXTRA COVERAGE & COMPLETE DEFENSE<\/p>","size":150,"heading_highlight_type":"italics","highlight_color":"#d43747","highlight_text_color":"#000000"}},"text_3NXWjG":{"type":"text","settings":{"text":"<p>Our Lip Guard Football Mouthguards feature shield coverage for protection on the field.<\/p>","size":100}}},"block_order":["image_4BiXje","heading_yXpjyc","text_3NXWjG"],"custom_css":["section#Text--template--18735112028396__section_text_GUMJQV {background-color: #f7f7f7;}"],"settings":{"text_position":"center","bg_color_secondary":false,"text_color":"text-dark","width":"wrapper--narrow","padding_top":100,"padding_bottom":20}},"section_grid_gTWQgV":{"type":"section-grid","blocks":{"image_KbXTHn":{"type":"image","settings":{"width":"33.33","image":"shopify:\/\/shop_images\/MaxAriflow_Lipguard.jpg","overlay_opacity":0,"text_position":"bottom-left","subheading":"$50K DENTAL WARRANTY","title":"MAX AIRFLOW","text":"Ideal for tackle, flag, and 7v7 football","button_1_text":"Shop Now","button_1_link":"shopify:\/\/products\/kool-aid-tropical-punch-max-airflow-mouthguard","button_2_text":"","button_2_link":"","text_color":"text-light"}},"image_NfD6bB":{"type":"image","settings":{"width":"33.33","image":"shopify:\/\/shop_images\/Bolt_Lipguard.jpg","overlay_opacity":0,"text_position":"bottom-left","subheading":"$50K DENTAL WARRANTY","title":"BOLT","text":"Best for tackle football, stays attaxched to your helmet","button_1_text":"Shop Now","button_1_link":"shopify:\/\/products\/bolt-lip-guard-white","button_2_text":"","button_2_link":"","text_color":"text-light"}}},"block_order":["image_KbXTHn","image_NfD6bB"],"custom_css":["section#sectionMosaicGrid--template--18735112028396__section_grid_gTWQgV {background-color: #f7f7f7;}"],"settings":{"height":"auto","heading_size":130,"button_1_color":"btn--white","button_1_style":"btn--solid","button_1_size":"btn--small","button_2_color":"btn--black","button_2_style":"btn--text","button_2_size":"btn--small","bg_color_secondary":false,"enable_slider_mobile":true,"columns_mobile":"1","width":"wrapper","add_gutter":true,"padding_top":20,"padding_bottom":100}},"section_custom_html_wTLfdE":{"type":"section-custom-html","settings":{"custom_code":"<span id=\"braces\"><\/span>","width":"wrapper","padding_top":0,"padding_bottom":0}},"section_text_hCyf3P":{"type":"section-text","blocks":{"image_QTcY9e":{"type":"image","settings":{"image":"shopify:\/\/shop_images\/BRACE_LOCKUP.svg","image_width":500,"image_link":""}},"heading_jbFrY6":{"type":"heading","settings":{"text":"<p>ULTIMATE PROTECTION FOR BRACES<\/p>","size":150,"heading_highlight_type":"italics","highlight_color":"#d43747","highlight_text_color":"#000000"}},"text_QjL8wB":{"type":"text","settings":{"text":"<p>Protect your investment and enhance comfort with specialized mouthguards designed to shield your braces from damage and your mouth from irritation.<\/p>","size":100}}},"block_order":["image_QTcY9e","heading_jbFrY6","text_QjL8wB"],"settings":{"text_position":"center","bg_color_secondary":false,"text_color":"text-dark","width":"wrapper--narrow","padding_top":100,"padding_bottom":20}},"section_grid_jhjjQM":{"type":"section-grid","blocks":{"image_br4Yt7":{"type":"image","settings":{"width":"33.33","image":"shopify:\/\/shop_images\/UltraBraces_Braces.jpg","overlay_opacity":0,"text_position":"bottom-left","subheading":"$50K DENTAL WARRANTY","title":"ULTRA BRACES","text":"Triple layer protection technology","button_1_text":"Shop Now","button_1_link":"shopify:\/\/products\/blue-raz-ultra-braces-flavor-fusion-mouthguard","button_2_text":"","button_2_link":"","text_color":"text-dark"}},"image_3TzYmh":{"type":"image","settings":{"width":"33.33","image":"shopify:\/\/shop_images\/DoubleBraces_Braces.jpg","overlay_opacity":0,"text_position":"bottom-left","subheading":"$50K DENTAL WARRANTY","title":"DOUBLE BRACES","text":"Upper & lower braces protection","button_1_text":"Shop Now","button_1_link":"shopify:\/\/products\/double-braces-mouthguard","button_2_text":"","button_2_link":"","text_color":"text-dark"}},"image_FR7mEi":{"type":"image","settings":{"width":"33.33","image":"shopify:\/\/shop_images\/Braces_Braces.jpg","overlay_opacity":0,"text_position":"bottom-left","subheading":"$50K DENTAL WARRANTY","title":"BRACES","text":"Upper braces protection","button_1_text":"Shop Now","button_1_link":"shopify:\/\/products\/pink-braces-mouthguard","button_2_text":"","button_2_link":"","text_color":"text-dark"}}},"block_order":["image_br4Yt7","image_3TzYmh","image_FR7mEi"],"settings":{"height":"auto","heading_size":130,"button_1_color":"btn--black","button_1_style":"btn--solid","button_1_size":"btn--small","button_2_color":"btn--black","button_2_style":"btn--text","button_2_size":"btn--small","bg_color_secondary":false,"enable_slider_mobile":true,"columns_mobile":"1","width":"wrapper","add_gutter":true,"padding_top":20,"padding_bottom":100}},"section_text_Y7QUY3":{"type":"section-text","blocks":{"heading_9XX6jj":{"type":"heading","settings":{"text":"<p><em>FIND<\/em> THE PERFECT MOUTHGUARD BY SPORT<\/p>","size":100,"heading_highlight_type":"highlight-color","highlight_color":"#d43747","highlight_text_color":"#ff4400"}}},"block_order":["heading_9XX6jj"],"settings":{"text_position":"center","bg_color_secondary":false,"text_color":"text-dark","width":"wrapper--narrow","padding_top":60,"padding_bottom":20}},"section_list_collection_cpzCHa":{"type":"section-list-collection","blocks":{"collection_k8fdgd":{"type":"collection","settings":{"collection":"mouthguards-sport-football","custom_collection_image":"shopify:\/\/shop_images\/SBP_FOOTBALL_73152107-f759-452d-9309-9fca9ace29c9.svg","heading":"FOOTBALL","block_text_color":"","bg_color":"","overlay_opacity":30}},"collection_ziXBpT":{"type":"collection","settings":{"collection":"mouthguards-sport-hockey","custom_collection_image":"shopify:\/\/shop_images\/SBP_HOCKEY_e8ff0e77-bb9a-4614-aef2-0e7bb1f30a34.svg","heading":"HOCKEY","block_text_color":"","bg_color":"","overlay_opacity":30}},"collection_gmDfEL":{"type":"collection","settings":{"collection":"mouthguards-sport-basketball","custom_collection_image":"shopify:\/\/shop_images\/SBP_BASKETBALL_cc047702-e08a-4dc9-bf8d-d647c8560e43.svg","heading":"BASKETBALL","block_text_color":"","bg_color":"","overlay_opacity":30}},"collection_YEWeTx":{"type":"collection","settings":{"collection":"mouthguards-sport-fight","custom_collection_image":"shopify:\/\/shop_images\/SBP_FIGHT_94e5fc5e-b03e-4d7d-9f20-e0a3c3b00f2a.svg","heading":"MARTIAL ARTS","block_text_color":"","bg_color":"","overlay_opacity":30}},"collection_6QL9VV":{"type":"collection","settings":{"collection":"mouthguards-sport-baseball-softball","custom_collection_image":"shopify:\/\/shop_images\/SBP_BASEBALL_b957fa04-6d7d-4779-8017-f8eefc82a52f.svg","heading":"BASEBALL","block_text_color":"","bg_color":"","overlay_opacity":30}},"collection_qerdwJ":{"type":"collection","settings":{"collection":"mouthguards-sport-lacrosse","custom_collection_image":"shopify:\/\/shop_images\/SBP_LACROSSE_3812a92b-e87b-49ec-bf1c-6ddad5642956.svg","heading":"LACROSSE","block_text_color":"","bg_color":"","overlay_opacity":30}},"collection_V6TBQG":{"type":"collection","settings":{"collection":"mouthguards-sport-soccer","custom_collection_image":"shopify:\/\/shop_images\/SBP_SOCCER_8aa4cd7d-b9d4-4fc3-8741-fb3d98f67dcb.svg","heading":"SOCCER","block_text_color":"","bg_color":"","overlay_opacity":30}}},"block_order":["collection_k8fdgd","collection_ziXBpT","collection_gmDfEL","collection_YEWeTx","collection_6QL9VV","collection_qerdwJ","collection_V6TBQG"],"settings":{"title":"","heading_size":150,"layout":"carousel","alignment":"center","collections_per_row":6,"columns_mobile":"2","image_shape":"square","image_aspect_ratio":1,"text_size":130,"overlay_text":false,"enable_slider_mobile":true,"section_bg_color":"","section_text_color":"","width":"wrapper--full-padded","padding_top":0,"padding_bottom":60}}},"order":["main","section_divider_38dgJG","section_banner_image_BRJPh8","section_text_wbWNCa","section_icons_row_XctG4d","section_custom_html_kdrAqy","section_text_qznXHw","section_grid_MiLYxd","section_custom_html_JcPzUk","section_text_E748rj","section_grid_YxHLTb","section_custom_html_Y9hxBX","section_text_GUMJQV","section_grid_gTWQgV","section_custom_html_wTLfdE","section_text_hCyf3P","section_grid_jhjjQM","section_text_Y7QUY3","section_list_collection_cpzCHa"]}