{"sections":{"main":{"type":"main-page","disabled":true,"settings":{"show_page_title":true,"bg_color_secondary":false,"padding_top":60,"padding_bottom":60}},"section_split_images_Y4nJMH":{"type":"section-split-images","blocks":{"image_GiEnnm":{"type":"image","settings":{"image":"shopify:\/\/shop_images\/WarheadsSourAppleMAF-LifestyleImage.jpg"}},"image_jzNDgg":{"type":"image","settings":{"image":"shopify:\/\/shop_images\/Uniform_Request_Header_V1.webp"}}},"block_order":["image_GiEnnm","image_jzNDgg"],"settings":{"image_height":"seven-fifty-height","enable_mobile_height":false,"mobile_image_height":"five-fifty-height-mobile","mobile_layout":"second-block","text_position":"middle-center","overlay_opacity":25,"width":"wrapper--narrow","text_color":"text-light","title":"<p>LEGENDS<\/p><p>SHOWCASE<\/p>","heading_highlight_type":"highlight-color","highlight_color":"#d43747","highlight_text_color":"#ff4400","heading_size":200,"text":"UNIFORM REGISTRATION","button_1_text":"","button_1_link":"","button_1_color":"btn--white","button_1_style":"btn--solid-border","button_1_size":"btn--small","button_2_text":"","button_2_link":"","button_2_color":"btn--black","button_2_style":"btn--solid","button_2_size":"btn--small"}},"section_marquee_EF4Qjp":{"type":"section-marquee","blocks":{"image_9z4qFB":{"type":"image","settings":{"image":"shopify:\/\/shop_images\/legends_media_registration.svg","link":"","image_width":180}},"image_YEwgGy":{"type":"image","settings":{"image":"shopify:\/\/shop_images\/SD_Bolt_Icon_Grey.svg","link":"","image_width":40}}},"block_order":["image_9z4qFB","image_YEwgGy"],"custom_css":["img.announcement__image.img-object-contain {border-radius: 0;}"],"settings":{"layout":"marquee","show_top_border":false,"show_bottom_border":false,"padding":10,"marquee_speed":50,"direction":"ticker-rtl","slider_speed":7,"show_arrows":false,"text_caps":false,"type_style":"subheading-text","text_size":120,"letter_spacing":0,"message_spacing":10,"bg_color":"#000000","gradient":"","color":"#000000","border_color":"#000000","padding_top":0,"padding_bottom":0}},"section_text_HtXPPk":{"type":"section-text","blocks":{"heading_eJzVbB":{"type":"heading","settings":{"text":"<p>START YOUR <em>DESIGNS<\/em> TODAY<\/p>","size":150,"heading_highlight_type":"highlight-color","highlight_color":"#d43747","highlight_text_color":"#ff4400"}},"text_D37YrW":{"type":"text","settings":{"text":"<p>Completely customize your team’s look on the field, and get right with apparel, accessories and more. Submit your information below to get started.<\/p><p><\/p>","size":100}}},"block_order":["heading_eJzVbB","text_D37YrW"],"custom_css":["p#Text--heading_eJzVbB {margin-bottom: 20px;}","hr.aos-animate {display: none;}","div#Text--text_D37YrW {margin-bottom: 40px;}"],"settings":{"text_position":"center","bg_color_secondary":true,"text_color":"text-light","width":"wrapper--narrow","padding_top":60,"padding_bottom":16}},"section_custom_html_TVXaq8":{"type":"section-custom-html","custom_css":["section#CustomCode--template--17542928826540__section_custom_html_TVXaq8 {background: #000;}"],"settings":{"custom_code":"<div class=\"klaviyo-form-RiWVGv\"><\/div>","width":"wrapper","padding_top":30,"padding_bottom":16}},"section_text_KHhe8K":{"type":"section-text","blocks":{"heading_QYtkcX":{"type":"heading","settings":{"text":"<p>EVENT SCHEDULE<\/p>","size":135,"heading_highlight_type":"italics","highlight_color":"#d43747","highlight_text_color":"#000000"}}},"block_order":["heading_QYtkcX"],"settings":{"text_position":"center","bg_color_secondary":true,"text_color":"text-light","width":"wrapper--narrow","padding_top":60,"padding_bottom":0}},"section_grid_VgHWrp":{"type":"section-grid","blocks":{"image_4MT6wD":{"type":"image","settings":{"width":"50","image":"shopify:\/\/shop_images\/SD_location_dallas_1.jpg","overlay_opacity":0,"text_position":"left","subheading":"JANUARY 25 - 26 2025","title":"DALLAS, TEXAS","text":"","button_1_text":"","button_1_link":"","button_2_text":"","button_2_link":"","text_color":"text-light"}},"image_h4wWAk":{"type":"image","settings":{"width":"50","image":"shopify:\/\/shop_images\/SD_location_houston_1.jpg","overlay_opacity":0,"text_position":"left","subheading":"FEBRUARY 15 - 16 2025","title":"HOUSTON, TEXAS","text":"","button_1_text":"","button_1_link":"","button_2_text":"","button_2_link":"","text_color":"text-light"}},"image_4YREP4":{"type":"image","settings":{"width":"50","image":"shopify:\/\/shop_images\/SD_location_navada.jpg","overlay_opacity":0,"text_position":"left","subheading":"MARCH 8 - 9 2025","title":"MESQUITE, NEVADA","text":"","button_1_text":"","button_1_link":"","button_2_text":"","button_2_link":"","text_color":"text-light"}},"image_GB6UyY":{"type":"image","settings":{"width":"50","image":"shopify:\/\/shop_images\/SD_location_atlanta_e605d251-afab-4d18-87b5-7eee49b4149a.jpg","overlay_opacity":0,"text_position":"left","subheading":"MARCH 22 - 23 2025","title":"ATLANTA, GEORGIA","text":"","button_1_text":"","button_1_link":"","button_2_text":"","button_2_link":"","text_color":"text-light"}},"image_GQjtzT":{"type":"image","settings":{"width":"50","image":"shopify:\/\/shop_images\/SD_location_orlando.jpg","overlay_opacity":0,"text_position":"left","subheading":"APRIL 5 - 6 2025","title":"ORLANDO, FLORIDA","text":"NATIONAL CHAMPIONSHIP","button_1_text":"","button_1_link":"","button_2_text":"","button_2_link":"","text_color":"text-light"}}},"block_order":["image_4MT6wD","image_h4wWAk","image_4YREP4","image_GB6UyY","image_GQjtzT"],"settings":{"height":"250","heading_size":130,"button_1_color":"btn--white","button_1_style":"btn--text","button_1_size":"btn--small","button_2_color":"btn--black","button_2_style":"btn--text","button_2_size":"btn--small","bg_color_secondary":true,"enable_slider_mobile":false,"columns_mobile":"1","width":"wrapper","add_gutter":true,"padding_top":20,"padding_bottom":60}}},"order":["main","section_split_images_Y4nJMH","section_marquee_EF4Qjp","section_text_HtXPPk","section_custom_html_TVXaq8","section_text_KHhe8K","section_grid_VgHWrp"]}