{
  "sections": {
    "section_image_with_text_YgyEpz": {
      "type": "section-image-with-text",
      "settings": {
        "section_height": "six-fifty-height",
        "layout": "inline",
        "image_location": "left",
        "image_width": "standard",
        "image": "shopify:\/\/shop_images\/SDS25_KoolAidMaxAirflow_Lifestyle_TropicalPunch.webp",
        "subheading": "",
        "title": "<p>Shock Doctor Sport Warranty<\/p>",
        "heading_highlight_type": "circle",
        "highlight_color": "#d43747",
        "highlight_text_color": "#000000",
        "heading_size": 130,
        "content": "<p>Here are a few of our most commonly asked questions. If you don’t see your question addressed below, please reach out to our team and we’ll get back to you as soon as possible. You can reach us at 800-233-6956 or cs@shockdoctor.com<\/p>",
        "text_alignment": "left",
        "button_text": "",
        "button_link": "",
        "button_color": "btn--black",
        "button_style": "btn--solid",
        "button_size": "btn--small",
        "button_2_text": "Button text",
        "button_2_link": "",
        "button_2_color": "btn--black",
        "button_2_style": "btn--solid",
        "button_2_size": "btn--small",
        "video_link": "",
        "text_color": "text-dark",
        "bg_color": "",
        "gradient": "",
        "section_width": "wrapper",
        "padding_top": 60,
        "padding_bottom": 60
      }
    },
    "main": {
      "type": "main-page",
      "disabled": true,
      "settings": {
        "show_page_title": true,
        "bg_color_secondary": false,
        "padding_top": 60,
        "padding_bottom": 30
      }
    },
    "accordion-section-1": {
      "type": "section-accordions",
      "blocks": {
        "accordion_block_1_1": {
          "type": "text",
          "settings": {
            "title": "Does My Mouthguard Qualify for Warranty?",
            "text": "<p>Shock Doctor product purchased from Shock Doctor or an authorized seller is warranted to the original owner against factory defects in materials and workmanship for one year after the date your purchased the mouthguard. If a product fails due to a manufacturing or materials defect, then Shock Doctor will replace the product or otherwise make it right.<br\/><br\/>This limited warranty does not include product failures resulting misuse, improper care, general damage, alterations, modifications or normal wear and tear.<br\/><br\/>Any alteration of Shock Doctor brand products will void warranty coverage.<br\/><br\/>Because Shock Doctor cannot control the quality of products sold by unauthorized sellers, this warranty applies only to products that were purchased from Shock Doctor or a Shock Doctor authorized seller in the United States, unless otherwise prohibited by law. Shock Doctor reserves the right to reject warranty claims for products purchased from unauthorized sellers, including unauthorized Internet sites or marketplace storefronts.<\/p>"
          }
        },
        "text_6jjqfb": {
          "type": "text",
          "settings": {
            "title": "What is Covered?",
            "text": "<p>Shock Doctor warrants that the enclosed mouthguard is free from defects in material and workmanship that could cause injury to the purchaser’s sound, natural teeth.<br\/>This limited warranty covers dental injuries sustained while using a properly fitted Shock Doctor mouthguard according to the instructions provided during a supervised<br\/>athletic contest or coach-supervised training session.<\/p>"
          }
        },
        "accordion_block_1_2": {
          "type": "text",
          "settings": {
            "title": "Do I Need to Pay to Ship The Item in For Inspection?",
            "text": "<p>Yes, our warranty department has to physically inspect the item in order to process the claim. ANY ITEMS SUBMITTED FOR WARRANTY THAT ARE NOT CLEAN OR ARE OTHERWISE DEEMED TO BE UNSANITARY WILL BE RETURNED.<\/p>"
          }
        },
        "text_jNyGgE": {
          "type": "text",
          "settings": {
            "title": "Disclaimer of Warranties and Limitations of Liability",
            "text": "<p>This warranty is made in lieu of all other express warranties. Except as is otherwise expressly provided herein, SHOCK DOCTOR DISCLAIMS ALL LIABILITY FOR LOSS, INJURY<br\/>OR DAMAGE BASED UPON NEGLIGENT DESIGN OR DEFECTS IN MATERIALS AND WORKMANSHIP FOR THE WITHIN MOUTHGUARD. Shock Doctor is not responsible for any<br\/>indirect, incidental, special, or consequential damages, including but not limited to lost wages, pain and suffering, or additional medical expenses beyond the coverage<br\/>outlined above, except where such exclusions are prohibited by law.<\/p>"
          }
        },
        "accordion_block_1_3": {
          "type": "text",
          "settings": {
            "title": "How Do I Start a Warranty Claim?",
            "text": "<p>To obtain reimbursement of qualifying dental expenses, you must:<br\/>i. Submit a complete written notice of the injury or damage to Shock Doctor within thirty (30) days of the injury;<br\/>ii. Provide a statement from a licensed dentist verifying the necessary dental treatment received. This treatment must have occurred within thirty (30) days after<br\/>the date of injury.<br\/>iii. Provide a statement from an official, coach, or superintendent verifying that the injury occurred during a supervised contest or a practice session and that the<br\/>mouthguard was in proper use at the time of injury.<br\/>iv. Return the mouthguard to Shock Doctor with the written notice of injury.<\/p>"
          }
        },
        "text_XeYGDj": {
          "type": "text",
          "settings": {
            "title": "What is Not Covered?",
            "text": "<p>This limited warranty does not provide payment or indemnity for:<br\/>• Orthodontic treatments, including braces or retainers.<br\/>• Preparation of a tooth as an anchor for a bridge.<br\/>• Any injury that occurs while the mouthguard was not properly fitted in accordance with the provided instructions.<br\/>• Incidental or consequential damages, except where prohibited by law.<\/p>"
          }
        },
        "text_nGi7AL": {
          "type": "text",
          "settings": {
            "title": "Do You Process Warranty Claims From Outside of the United States?",
            "text": "<p>We cannot accept warranty claims from outside of the United States.<br\/><br\/>REPLACEMENTS AS PROVIDED UNDER THIS WARRANTY ARE THE EXCLUSIVE REMEDY OF THE CONSUMER. SHOCK DOCTOR SHALL NOT BE LIABLE FOR ANY INCIDENTAL OR CONSEQUENTIAL DAMAGES FOR BREACH OF ANY EXPRESS OR IMPLIED WARRANTY ON THIS PRODUCT. Some States do not allow the exclusion or limitation of incidental or consequential damages, so the above limitation or exclusion may not apply to you. Any implied warranties that may be applicable to products, including implied warranties of merchantability or fitness for a particular purpose, are limited in duration to the duration of this warranty. Some States do not allow limitations on how long an implied warranty lasts, so the above limitation may not apply to you.<br\/><br\/>This warranty gives you specific legal rights, and you may also have other rights which vary from State to State.<\/p>"
          }
        },
        "accordion_block_1_4": {
          "type": "text",
          "settings": {
            "title": "Your Rights Under State Law",
            "text": "<p>This warranty gives you specific legal rights, and you may also have other rights which vary from state to state. Note: Some states do not allow limitations on the duration<br\/>of implied warranties or the exclusion of incidental or consequential damages, so these limitations may not apply to you.<\/p>"
          }
        }
      },
      "block_order": [
        "accordion_block_1_1",
        "text_6jjqfb",
        "accordion_block_1_2",
        "text_jNyGgE",
        "accordion_block_1_3",
        "text_XeYGDj",
        "text_nGi7AL",
        "accordion_block_1_4"
      ],
      "settings": {
        "layout": "two-columns",
        "show_accordion_divider": false,
        "title": "WARRANTY FAQ",
        "subheading": "",
        "text": "",
        "tabs_bg_color": "#fafafa",
        "bg_color_secondary": false,
        "text_color": "text-dark",
        "width": "wrapper",
        "padding_top": 60,
        "padding_bottom": 60
      }
    },
    "accordion-section-3": {
      "type": "section-accordions",
      "blocks": {
        "accordion_block_3_0": {
          "type": "text",
          "settings": {
            "title": "Braces Mouthguard",
            "text": "<p><a href=\"https:\/\/cdn.shopify.com\/s\/files\/1\/0080\/4719\/8261\/files\/SDS_Braces-Strapped_WARRANTY.pdf?v=1741631933\" title=\"Link to Shock Doctor Sports Braces Strapped Mouthguard  Warranty PDF\">Download Here<\/a><\/p>"
          }
        },
        "accordion_block_3_1": {
          "type": "text",
          "settings": {
            "title": "Gel Max Mouthguard",
            "text": "<p><a href=\"https:\/\/cdn.shopify.com\/s\/files\/1\/0080\/4719\/8261\/files\/SDS_GelMax_WARRANTY.pdf?v=1741631933\" title=\"Link to Shock Doctor Sports Gel Max Warranty PDF\">Download Here<\/a><\/p>"
          }
        },
        "accordion_block_3_2": {
          "type": "text",
          "settings": {
            "title": "Gel Max Flavor Mouthguard",
            "text": "<p><a href=\"https:\/\/cdn.shopify.com\/s\/files\/1\/0080\/4719\/8261\/files\/SDS_GelMaxFlavor_WARRANTY.pdf?v=1741631934\" title=\"Link to Shock Doctor Sports Gel Max Flavor Warranty PDF\">Download Here<\/a><\/p>"
          }
        },
        "text_CmT9i6": {
          "type": "text",
          "settings": {
            "title": "Gel Max Pro",
            "text": "<p><a href=\"https:\/\/cdn.shopify.com\/s\/files\/1\/0080\/4719\/8261\/files\/SDS_GelMaxPro_WARRANTY.pdf?v=1741631933\" title=\"Link to Shock Doctor Sports Gel Max Pro Warranty PDF\">Download Here<\/a><\/p>"
          }
        },
        "text_K4rHDK": {
          "type": "text",
          "settings": {
            "title": "Max AirFlow Lip Guard",
            "text": "<p><a href=\"https:\/\/cdn.shopify.com\/s\/files\/1\/0080\/4719\/8261\/files\/SDS_MaxAirFlow_WARRANTY.pdf?v=1741631933\" title=\"Link to Shock Doctor Sports Max AirFlow Lip Guard Warranty PDF\">Download Here<\/a><\/p>"
          }
        },
        "text_37cdAE": {
          "type": "text",
          "settings": {
            "title": "Max AirFlow Flavor  Lip Guard",
            "text": "<p><a href=\"https:\/\/cdn.shopify.com\/s\/files\/1\/0080\/4719\/8261\/files\/SDS_MaxAirFlowFlavor_WARRANTY.pdf?v=1741631933\" title=\"Link to Shock Doctor Sports Max AirFlow Flavor Lip Guard Warranty PDF\">Download Here<\/a><\/p>"
          }
        },
        "text_eCUXNJ": {
          "type": "text",
          "settings": {
            "title": "MicroFit Mouthguard",
            "text": "<p><a href=\"https:\/\/cdn.shopify.com\/s\/files\/1\/0080\/4719\/8261\/files\/SDS_Microfit_WARRANTY.pdf?v=1741631933\" title=\"Link to Shock Doctor Sports MicroFit Mouthguard  Warranty PDF\">Download Here<\/a><\/p>"
          }
        },
        "text_XQDtkp": {
          "type": "text",
          "settings": {
            "title": "Pro Convertible Mouthguard",
            "text": "<p><a href=\"https:\/\/cdn.shopify.com\/s\/files\/1\/0080\/4719\/8261\/files\/SDS_Pro-Convertible_WARRANTY.pdf?v=1741631933\" title=\"Link to Shock Doctor Sports Braces Pro Convertible Mouthguard  Warranty PDF\">Download Here<\/a><\/p>"
          }
        },
        "text_DBQk3f": {
          "type": "text",
          "settings": {
            "title": "EZ Guard",
            "text": "<p><a href=\"https:\/\/cdn.shopify.com\/s\/files\/1\/0080\/4719\/8261\/files\/SDS_EZGuard_WARRANTY.pdf?v=1741631933\" title=\"Link to Shock Doctor Sports EZGuard Mouthguard Warranty PDF\">Download Here<\/a><\/p>"
          }
        }
      },
      "block_order": [
        "accordion_block_3_0",
        "accordion_block_3_1",
        "accordion_block_3_2",
        "text_CmT9i6",
        "text_K4rHDK",
        "text_37cdAE",
        "text_eCUXNJ",
        "text_XQDtkp",
        "text_DBQk3f"
      ],
      "settings": {
        "layout": "one-column",
        "show_accordion_divider": false,
        "title": "MOUTHGUARD WARRANTY DOWNLOADS",
        "subheading": "",
        "text": "",
        "tabs_bg_color": "#fafafa",
        "bg_color_secondary": false,
        "text_color": "text-dark",
        "width": "wrapper",
        "padding_top": 60,
        "padding_bottom": 60
      }
    }
  },
  "order": [
    "section_image_with_text_YgyEpz",
    "main",
    "accordion-section-1",
    "accordion-section-3"
  ]
}
