{"sections":{"main":{"type":"product","blocks":{"title":{"type":"title","settings":{"subheading":"breadcrumbs","show_rating":true,"show_rating_count":false,"padding_bottom":20}},"bazaarvoice_reviews_photos_rating_summary_block_AyW43P":{"type":"shopify:\/\/apps\/bazaarvoice-reviews-photos\/blocks\/rating-summary-block\/766ed9d3-b120-48f3-8444-448f45152f47","settings":{}},"siblings_FH3NgB":{"type":"siblings","settings":{"text":"Color","siblings_product_list":"{{ product.metafields.custom.link_to_products.value.product_list.value }}","show_siblings_images":true,"padding_bottom":16}},"inventory_countdown":{"type":"inventory_countdown","settings":{"max_inventory":10,"hide_inventory_count":true,"padding_bottom":20}},"form":{"type":"form","settings":{"show_labels":true,"show_quantity":true,"show_payment_button":false,"enable_subscriptions_selectors":false,"padding_bottom":20}},"sku_qyxwzL":{"type":"sku","settings":{"padding_bottom":10}},"description":{"type":"description","settings":{"padding_bottom":20}},"icon_row_hUfpQA":{"type":"icon_row","settings":{"icon_name_1":"truck","icon_color_1":"","icon_width_1":20,"icon_text_1":"Free Shipping On Orders $45+","icon_name_2":"check","icon_color_2":"","icon_width_2":20,"icon_text_2":"Free Returns up to 60 Days","icon_name_3":"shield","icon_color_3":"","icon_width_3":20,"icon_text_3":"HSA\/FSA Eligible","icon_name_4":"none","icon_color_4":"","icon_width_4":20,"icon_text_4":"","alignment":"left","bg_color":"#ffffff","padding_bottom":20}},"product_accordion":{"type":"product_accordion","settings":{"accordion_heading":"Features & Benefits","heading_style":"font-body","accordion_text":"{{ product.metafields.custom.features_benefits.value.details | metafield_tag }}","accordion_page":"","padding_bottom":10}},"9927e90d-2ecb-4104-af67-0dadf75b2a0a":{"type":"product_accordion","settings":{"accordion_heading":"Shipping and Returns","heading_style":"font-body","accordion_text":"<p><\/p><p><strong>FedEx Ground Economy Shipping - $5.00 USD<\/strong><\/p><ul><li>Estimated Delivery 4-8<strong> <\/strong>working days. *Once your order has shipped.<\/li><li>Free Standard Delivery on orders $45<\/li><\/ul><p><strong>FedEx 2-Day Air Shipping - $20 USD<\/strong><\/p><ul><li>Estimated delivery 2-3 working days. *Once your order has shipped.<\/li><\/ul><p><strong>FedEx Standard Overnight- $25 USD<\/strong><\/p><ul><li>Estimated delivery 1-2 working days. *Once your order has shipped.<\/li><\/ul><p><strong>Returns<\/strong><\/p><ul><li>Free 60-Day Return Policy, excluding final sale items, mouthguards, cups, and supporters\/briefs.<\/li><\/ul>","accordion_page":"","padding_bottom":10}},"a42f4e7d-6a8d-42a4-80af-29ec3b3b52d9":{"type":"feature","disabled":true,"settings":{"icon_name":"support","icon_width":25,"title":"Need help with sizing?","text":"<p>This content type will accept <strong>rich text<\/strong> to help with adding styles and links to additional pages or content. Use this to add supplementary information to help your buyers.<\/p>","bg_color":"#f7f9fa","text_color":"#000000","padding_bottom":20}},"upsell":{"type":"upsell","settings":{"product_list":"{{ product.metafields.theme.upsell_list.value }}","padding_bottom":22}}},"block_order":["title","bazaarvoice_reviews_photos_rating_summary_block_AyW43P","siblings_FH3NgB","inventory_countdown","form","sku_qyxwzL","description","icon_row_hUfpQA","product_accordion","9927e90d-2ecb-4104-af67-0dadf75b2a0a","a42f4e7d-6a8d-42a4-80af-29ec3b3b52d9","upsell"],"settings":{"product_sticky_enable":true,"image_layout":"stacked","image_width":"large","product_image_aspect_ratio":true,"enable_zoom":true,"enable_video_looping":false,"bg_color":"","width":"wrapper","padding_top":30,"padding_bottom":60}},"overlapping-images-0":{"type":"section-overlapping-images","settings":{"text_position":"left","text_alignment":"left","images_width":750,"images_offset":60,"image_1":"shopify:\/\/shop_images\/OPT-PDPImage.jpg","image_link_1":"","image_2":"shopify:\/\/shop_images\/UNITEDSPB_240606_SDPST_247_196ec9b4-ca09-4faa-b527-7bd1b15a9336.jpg","image_link_2":"","hide_image_2":false,"title":"<p><em>Be Legendary<\/em><\/p>","heading_highlight_type":"underline","highlight_color":"#ff4400","highlight_text_color":"#000000","description":"<p>Shock Doctor, the undisputed leader in Mouthguard Technology and the #1 Mouthguard in the World, has become a leader in sports protection and performance around the globe. Our continual innovation in performance-driven and protective equipment is trusted by fearless pro and youth athletes.<\/p>","heading_size":100,"button_text":"","button_link":"","button_color":"btn--black","button_style":"btn--solid","button_size":"btn--small","video_text":"","video_link":"","bg_color_secondary":false,"gradient":"","animation":"horizontal","animation_intensity":50,"width":"wrapper--full-padded","padding_top":60,"padding_bottom":60}},"tabs":{"type":"section-accordions","blocks":{"acordion-0":{"type":"text","settings":{"title":"What Are Your Shipping Methods & Timeframes?","text":"<p>Please note the following:<\/p><ol><li>We will only accept shipments to a valid street address.<\/li><li>Orders shipping to P.O. Box addresses will be shipped via USPS Priority standard shipping. We are unable to offer expedited shipping options for P.O. Box addresses.<\/li><li>Orders shipping to Hawaii & Alaska via Two-Day or One-Day Shipping may need one additional day for delivery.<\/li><li>Orders shipping to APO\/FPO addresses will be shipped via USPS. Please note that transit times may take up to 45 days.<\/li><\/ol>"}},"acordion-1":{"type":"text","settings":{"title":"What Are Your Accepted Payment Methods?","text":"<p>Currently we accept the following forms of payment:<\/p><ul><li>Visa<\/li><li>Mastercard<\/li><li>Discover<\/li><li>American Express<\/li><li>PayPal<\/li><li>Venmo<\/li><li>Apple Pay (iOS only)<\/li><li>Google Pay (Android OS only)<\/li><\/ul>"}},"acordion-2":{"type":"text","settings":{"title":"How Do I Return Items From My Order?","text":"<p>If you wish to return or exchange your order for a different size, color or style, please reference the following processes and steps:<\/p><ol><li>Visit our <a href=\"https:\/\/returns.shockdoctor.com\/#\/\"><span style=\"text-decoration:underline\"><strong>Return Portal<\/strong><\/span><\/a> to process your return<\/li><li>Regular priced items can be returned or exchanged within <strong>60 days from the date of shipment<\/strong>, provided the item is unworn with tags attached and accompanied by an invoice.<\/li><li>Refunds may only be issued to the credit card or PayPal account used to make the original purchase.<\/li><li>All returns and exchanges are assessed on a case-by-case basis. Only items that have been purchased directly from ShockDoctor.com can be returned to us. (no third party retailer returns).<\/li><li>Certain products that are marked \"Final Sale\" are not eligible for return, refund or exchange.<\/li><\/ol><p><em>*Please Note That the Initial Shipping Cost Will NOT be Refunded*<\/em><\/p>"}},"d0defd0d-94c3-403c-bd36-dc2f140a104f":{"type":"text","settings":{"title":"How Long Will It Take My Order To Process For Shipment?","text":"<p>All orders are subject to processing time that is separate and apart from the time it takes for a shipment to reach its destination once it has been picked up from our fulfillment center by the applicable carrier. Depending on a number of factors, standard domestic orders may take up to 2 business days (excluding Saturdays, Sundays, and Holidays) to process.<\/p><p>After your payment is authorized and verified, Standard orders can still take up to 2 business days, Expedited orders (UPS Ground) can still take 3-5 business days, and Rush orders can still take up to 2 business day to process. This is just an estimate and doesn't include weekends or holidays.<\/p>"}}},"block_order":["acordion-0","acordion-1","acordion-2","d0defd0d-94c3-403c-bd36-dc2f140a104f"],"settings":{"layout":"two-columns","show_accordion_divider":false,"title":"Frequently Asked Questions","subheading":"","text":"","tabs_bg_color":"#fafafa","bg_color_secondary":false,"text_color":"text-dark","width":"wrapper","padding_top":60,"padding_bottom":60}},"section_grid_ignH8F":{"type":"section-grid","blocks":{"image_84rUt7":{"type":"image","settings":{"width":"50","image":"shopify:\/\/shop_images\/SD25_Ecomm_PDP-Block_FlagFootball.webp","overlay_opacity":0,"text_position":"bottom-left","subheading":"","title":"FLAG FOOTBALL","text":"Prepare to Dominate","button_1_text":"Shop Flag Football","button_1_link":"shopify:\/\/pages\/flag-football","button_2_text":"","button_2_link":"","text_color":"text-light"}},"image_6PeRVr":{"type":"image","settings":{"width":"50","image":"shopify:\/\/shop_images\/SD25_Ecomm_PDP-Block_New-Arrivals.webp","overlay_opacity":0,"text_position":"bottom-left","subheading":"","title":"NEW ARRIVALS","text":"The Freshest Drops","button_1_text":"SHOP NOW","button_1_link":"shopify:\/\/collections\/new-releases","button_2_text":"","button_2_link":"","text_color":"text-light"}},"image_rdprQJ":{"type":"image","settings":{"width":"50","image":"shopify:\/\/shop_images\/SD25_Ecomm_PDP-Block_Best-Sellers.webp","overlay_opacity":0,"text_position":"bottom-left","subheading":"","title":"BEST SELLERS","text":"Must-Haves for Every Season","button_1_text":"GET YOUR GEAR","button_1_link":"shopify:\/\/collections\/best-sellers","button_2_text":"","button_2_link":"","text_color":"text-light"}},"image_etDVRi":{"type":"image","settings":{"width":"50","image":"shopify:\/\/shop_images\/SD25_Ecomm_PDP-Block_Clearance.webp","overlay_opacity":0,"text_position":"bottom-left","subheading":"","title":"CLEARANCE","text":"Stock Up & Save","button_1_text":"SHOP CLEARANCE","button_1_link":"shopify:\/\/collections\/outlet","button_2_text":"","button_2_link":"","text_color":"text-light"}}},"block_order":["image_84rUt7","image_6PeRVr","image_rdprQJ","image_etDVRi"],"settings":{"height":"550","heading_size":130,"button_1_color":"btn--white","button_1_style":"btn--text","button_1_size":"btn--small","button_2_color":"btn--black","button_2_style":"btn--text","button_2_size":"btn--small","bg_color_secondary":false,"enable_slider_mobile":true,"columns_mobile":"1","width":"wrapper","add_gutter":true,"padding_top":60,"padding_bottom":60}},"related":{"type":"related-products","blocks":{"related":{"type":"related","settings":{"title":"You May Also Like","product_recommendations_limit":4}},"recent":{"type":"recent","settings":{"title":"Recently viewed","product_recently_limit":4}}},"block_order":["related","recent"],"settings":{"enable_tabs":true,"columns_mobile":"1","type_style":"subheading-text","tab_heading_size":120,"bg_color":"","width":"wrapper--full-padded","padding_top":60,"padding_bottom":60}},"1726511680dfa33204":{"type":"apps","blocks":{"bazaarvoice_reviews_photos_reviews_block_DeJfX7":{"type":"shopify:\/\/apps\/bazaarvoice-reviews-photos\/blocks\/reviews-block\/766ed9d3-b120-48f3-8444-448f45152f47","settings":{}}},"block_order":["bazaarvoice_reviews_photos_reviews_block_DeJfX7"],"settings":{"bg_color":"","width":"wrapper","padding_top":60,"padding_bottom":60}}},"order":["main","overlapping-images-0","tabs","section_grid_ignH8F","related","1726511680dfa33204"]}