{"sections":{"shogun-helper":{"type":"shogun-helper","settings":{}},"shogun-above":{"type":"shogun-above","settings":{}},"collection-template":{"type":"collection-template","blocks":{"item_TqizgV":{"type":"item","settings":{"collection":"all","banner_type":"image","seo_title":"","seo_content":"","cta_text_1":"","cta_url_1":"","cta_text_2":"","cta_url_2":"","cta_text_3":"","cta_url_3":"","cta_text_4":"","cta_url_4":"","cta_text_5":"","cta_url_5":"","cta_text_6":"","cta_url_6":"","tile_video_1":"","tile_title_1":"","tile_desc_1":"","tile_url_1":"","tile_video_2":"","tile_title_2":"","tile_desc_2":"","tile_url_2":"","tile_video_3":"","tile_title_3":"","tile_desc_3":"","tile_url_3":"","tile_video_4":"","tile_title_4":"","tile_desc_4":"","tile_url_4":"","tile_video_5":"","tile_title_5":"","tile_desc_5":"","tile_url_5":""}},"item_YJaRDB":{"type":"item","settings":{"collection":"mens","banner_type":"image","seo_title":"","seo_content":"","cta_text_1":"","cta_url_1":"","cta_text_2":"","cta_url_2":"","cta_text_3":"","cta_url_3":"","cta_text_4":"","cta_url_4":"","cta_text_5":"","cta_url_5":"","cta_text_6":"","cta_url_6":"","tile_video_1":"","tile_title_1":"","tile_desc_1":"","tile_url_1":"","tile_video_2":"","tile_title_2":"","tile_desc_2":"","tile_url_2":"","tile_video_3":"","tile_title_3":"","tile_desc_3":"","tile_url_3":"","tile_video_4":"","tile_title_4":"","tile_desc_4":"","tile_url_4":"","tile_video_5":"","tile_title_5":"","tile_desc_5":"","tile_url_5":""}},"item_rFWFEq":{"type":"item","settings":{"collection":"womens","banner_type":"image","seo_title":"","seo_content":"","cta_text_1":"","cta_url_1":"","cta_text_2":"","cta_url_2":"","cta_text_3":"","cta_url_3":"","cta_text_4":"","cta_url_4":"","cta_text_5":"","cta_url_5":"","cta_text_6":"","cta_url_6":"","tile_video_1":"","tile_title_1":"","tile_desc_1":"","tile_url_1":"","tile_video_2":"","tile_title_2":"","tile_desc_2":"","tile_url_2":"","tile_video_3":"","tile_title_3":"","tile_desc_3":"","tile_url_3":"","tile_video_4":"","tile_title_4":"","tile_desc_4":"","tile_url_4":"","tile_video_5":"","tile_title_5":"","tile_desc_5":"","tile_url_5":""}},"item_KGb9g4":{"type":"item","settings":{"collection":"clearance","banner_type":"image","seo_title":"","seo_content":"","cta_text_1":"","cta_url_1":"","cta_text_2":"","cta_url_2":"","cta_text_3":"","cta_url_3":"","cta_text_4":"","cta_url_4":"","cta_text_5":"","cta_url_5":"","cta_text_6":"","cta_url_6":"","tile_video_1":"","tile_title_1":"","tile_desc_1":"","tile_url_1":"","tile_video_2":"","tile_title_2":"","tile_desc_2":"","tile_url_2":"","tile_video_3":"","tile_title_3":"","tile_desc_3":"","tile_url_3":"","tile_video_4":"","tile_title_4":"","tile_desc_4":"","tile_url_4":"","tile_video_5":"","tile_title_5":"","tile_desc_5":"","tile_url_5":""}},"item_XpfbFz":{"type":"item","settings":{"collection":"mens-road-gravel-cycling","banner_type":"image","seo_title":"","seo_content":"","cta_text_1":"","cta_url_1":"","cta_text_2":"","cta_url_2":"","cta_text_3":"","cta_url_3":"","cta_text_4":"","cta_url_4":"","cta_text_5":"","cta_url_5":"","cta_text_6":"","cta_url_6":"","tile_video_1":"","tile_title_1":"","tile_desc_1":"","tile_url_1":"","tile_video_2":"","tile_title_2":"","tile_desc_2":"","tile_url_2":"","tile_video_3":"","tile_title_3":"","tile_desc_3":"","tile_url_3":"","tile_video_4":"","tile_title_4":"","tile_desc_4":"","tile_url_4":"","tile_video_5":"","tile_title_5":"","tile_desc_5":"","tile_url_5":""}},"item_YDAGXt":{"type":"item","settings":{"collection":"mens-mountain-bike","banner_type":"image","seo_title":"","seo_content":"","cta_text_1":"","cta_url_1":"","cta_text_2":"","cta_url_2":"","cta_text_3":"","cta_url_3":"","cta_text_4":"","cta_url_4":"","cta_text_5":"","cta_url_5":"","cta_text_6":"","cta_url_6":"","tile_video_1":"","tile_title_1":"","tile_desc_1":"","tile_url_1":"","tile_video_2":"","tile_title_2":"","tile_desc_2":"","tile_url_2":"","tile_video_3":"","tile_title_3":"","tile_desc_3":"","tile_url_3":"","tile_video_4":"","tile_title_4":"","tile_desc_4":"","tile_url_4":"","tile_video_5":"","tile_title_5":"","tile_desc_5":"","tile_url_5":""}},"item_XbEeGp":{"type":"item","settings":{"collection":"womens-road-gravel-cycling","banner_type":"image","seo_title":"","seo_content":"","cta_text_1":"","cta_url_1":"","cta_text_2":"","cta_url_2":"","cta_text_3":"","cta_url_3":"","cta_text_4":"","cta_url_4":"","cta_text_5":"","cta_url_5":"","cta_text_6":"","cta_url_6":"","tile_video_1":"","tile_title_1":"","tile_desc_1":"","tile_url_1":"","tile_video_2":"","tile_title_2":"","tile_desc_2":"","tile_url_2":"","tile_video_3":"","tile_title_3":"","tile_desc_3":"","tile_url_3":"","tile_video_4":"","tile_title_4":"","tile_desc_4":"","tile_url_4":"","tile_video_5":"","tile_title_5":"","tile_desc_5":"","tile_url_5":""}},"item_c7hbwt":{"type":"item","settings":{"collection":"womens-mountain-bike","banner_type":"image","seo_title":"","seo_content":"","cta_text_1":"","cta_url_1":"","cta_text_2":"","cta_url_2":"","cta_text_3":"","cta_url_3":"","cta_text_4":"","cta_url_4":"","cta_text_5":"","cta_url_5":"","cta_text_6":"","cta_url_6":"","tile_video_1":"","tile_title_1":"","tile_desc_1":"","tile_url_1":"","tile_video_2":"","tile_title_2":"","tile_desc_2":"","tile_url_2":"","tile_video_3":"","tile_title_3":"","tile_desc_3":"","tile_url_3":"","tile_video_4":"","tile_title_4":"","tile_desc_4":"","tile_url_4":"","tile_video_5":"","tile_title_5":"","tile_desc_5":"","tile_url_5":""}},"item_G9ApTb":{"type":"item","settings":{"collection":"new-arrivals","banner_type":"image","seo_title":"","seo_content":"","cta_text_1":"","cta_url_1":"","cta_text_2":"","cta_url_2":"","cta_text_3":"","cta_url_3":"","cta_text_4":"","cta_url_4":"","cta_text_5":"","cta_url_5":"","cta_text_6":"","cta_url_6":"","tile_video_1":"","tile_title_1":"","tile_desc_1":"","tile_url_1":"","tile_video_2":"","tile_title_2":"","tile_desc_2":"","tile_url_2":"","tile_video_3":"","tile_title_3":"","tile_desc_3":"","tile_url_3":"","tile_video_4":"","tile_title_4":"","tile_desc_4":"","tile_url_4":"","tile_video_5":"","tile_title_5":"","tile_desc_5":"","tile_url_5":""}},"item_TLYJKA":{"type":"item","settings":{"collection":"mens-new-arrivals","banner_type":"image","seo_title":"","seo_content":"","cta_text_1":"","cta_url_1":"","cta_text_2":"","cta_url_2":"","cta_text_3":"","cta_url_3":"","cta_text_4":"","cta_url_4":"","cta_text_5":"","cta_url_5":"","cta_text_6":"","cta_url_6":"","tile_video_1":"","tile_title_1":"","tile_desc_1":"","tile_url_1":"","tile_video_2":"","tile_title_2":"","tile_desc_2":"","tile_url_2":"","tile_video_3":"","tile_title_3":"","tile_desc_3":"","tile_url_3":"","tile_video_4":"","tile_title_4":"","tile_desc_4":"","tile_url_4":"","tile_video_5":"","tile_title_5":"","tile_desc_5":"","tile_url_5":""}},"item_JcNKT8":{"type":"item","settings":{"collection":"womens-new-arrivals","banner_type":"image","seo_title":"","seo_content":"","cta_text_1":"","cta_url_1":"","cta_text_2":"","cta_url_2":"","cta_text_3":"","cta_url_3":"","cta_text_4":"","cta_url_4":"","cta_text_5":"","cta_url_5":"","cta_text_6":"","cta_url_6":"","tile_video_1":"","tile_title_1":"","tile_desc_1":"","tile_url_1":"","tile_video_2":"","tile_title_2":"","tile_desc_2":"","tile_url_2":"","tile_video_3":"","tile_title_3":"","tile_desc_3":"","tile_url_3":"","tile_video_4":"","tile_title_4":"","tile_desc_4":"","tile_url_4":"","tile_video_5":"","tile_title_5":"","tile_desc_5":"","tile_url_5":""}},"item_n4rXiR":{"type":"item","settings":{"collection":"road-cycling","banner_type":"image","seo_title":"","seo_content":"","cta_text_1":"","cta_url_1":"","cta_text_2":"","cta_url_2":"","cta_text_3":"","cta_url_3":"","cta_text_4":"","cta_url_4":"","cta_text_5":"","cta_url_5":"","cta_text_6":"","cta_url_6":"","tile_video_1":"","tile_title_1":"","tile_desc_1":"","tile_url_1":"","tile_video_2":"","tile_title_2":"","tile_desc_2":"","tile_url_2":"","tile_video_3":"","tile_title_3":"","tile_desc_3":"","tile_url_3":"","tile_video_4":"","tile_title_4":"","tile_desc_4":"","tile_url_4":"","tile_video_5":"","tile_title_5":"","tile_desc_5":"","tile_url_5":""}},"item_Qztrfn":{"type":"item","settings":{"collection":"gravel-cycling","banner_type":"image","seo_title":"","seo_content":"","cta_text_1":"","cta_url_1":"","cta_text_2":"","cta_url_2":"","cta_text_3":"","cta_url_3":"","cta_text_4":"","cta_url_4":"","cta_text_5":"","cta_url_5":"","cta_text_6":"","cta_url_6":"","tile_video_1":"","tile_title_1":"","tile_desc_1":"","tile_url_1":"","tile_video_2":"","tile_title_2":"","tile_desc_2":"","tile_url_2":"","tile_video_3":"","tile_title_3":"","tile_desc_3":"","tile_url_3":"","tile_video_4":"","tile_title_4":"","tile_desc_4":"","tile_url_4":"","tile_video_5":"","tile_title_5":"","tile_desc_5":"","tile_url_5":""}},"item_Ej9wpW":{"type":"item","settings":{"collection":"mountain-bike","banner_type":"image","seo_title":"","seo_content":"","cta_text_1":"","cta_url_1":"","cta_text_2":"","cta_url_2":"","cta_text_3":"","cta_url_3":"","cta_text_4":"","cta_url_4":"","cta_text_5":"","cta_url_5":"","cta_text_6":"","cta_url_6":"","tile_video_1":"","tile_title_1":"","tile_desc_1":"","tile_url_1":"","tile_video_2":"","tile_title_2":"","tile_desc_2":"","tile_url_2":"","tile_video_3":"","tile_title_3":"","tile_desc_3":"","tile_url_3":"","tile_video_4":"","tile_title_4":"","tile_desc_4":"","tile_url_4":"","tile_video_5":"","tile_title_5":"","tile_desc_5":"","tile_url_5":""}}},"block_order":["item_TqizgV","item_YJaRDB","item_rFWFEq","item_KGb9g4","item_XpfbFz","item_YDAGXt","item_XbEeGp","item_c7hbwt","item_G9ApTb","item_TLYJKA","item_JcNKT8","item_n4rXiR","item_Qztrfn","item_Ej9wpW"],"settings":{"per_page":3}},"shogun-below":{"type":"shogun-below","settings":{}},"shogun-optimizer":{"type":"shogun-optimizer","settings":{}},"collection_seo_zTgiB8":{"type":"collection-seo","name":"PLP SEO section","settings":{}}},"order":["shogun-helper","shogun-above","collection-template","shogun-below","collection_seo_zTgiB8","shogun-optimizer"]}