{"sections":{"full-width-cta":{"type":"full-width-cta","settings":{"image":"shopify:\/\/shop_images\/hero2_fb2da90e-cb45-46fc-b333-64abf602a034.jpg","image_mobile":"shopify:\/\/shop_images\/heromob2.jpg","video":"","video_1":"","youtube_video":"","hero_height":"normal","text_overlay_color":"38,43,44","overlay_opacity":0.6,"title":"Gear up to Enjoy the Cold","text":"<p><span style=\"color:#FFFFFF\">When it comes to riding in the cold, there's a fine line between warm and too warm. We know because we've spent decades doing research with riders dedicated to extending the season. By engineering breathable protection into our fabrics, we're able to optimize the delicate balance of airflow and insulation, setting you up to build the perfect layering system. So, pedal with confidence into sub-freezing temps—our protection is built to keep pace, whatever the weather.<\/span><\/p>","enable_description":true,"btn_label_1":"","btn_link_1":"","btn_label_2":"","btn_link_2":"","enable_bottom_margin":true}},"full-width-cta-reversible":{"type":"full-width-cta-reversible","settings":{"image":"shopify:\/\/shop_images\/ride_365_HUB_page_F22-09.png","image_position":"left","subtitle":"","title":"","text":"<p>Ideal for winter or cool-wet conditions, AmFIB softshell fabrics combine breathable protection from wind and water with lofted fibers to retain body heat. While these fabrics provide substantial moisture protection, they emphasize breathability and are not fully waterproof. Garments made with AmFIB provide consistent comfort through a range of cool-to-cold conditions so you can minimize layering adjustments, which means more time pedaling.<\/p>","btn_label":"","btn_link":"","btn_style":"outline-dark","enable_bottom_margin":false}},"suggested-products":{"type":"suggested-products","settings":{"title":"Men's Cold Ready Outerwear","btn_label":"Shop All","btn_link":"shopify:\/\/collections\/mens-cold-weather","product_list":["attack-amfib-lite-jacket-11132102","mens-quest-amfib-jacket-11132103","amfib-cycling-bib-tight-11112020","amfib-lite-cycling-bib-tight-11112213","amfib-tight-11112212","amfib-lite-bib-tight-11112214","amfib-bib-tight-11112211","amfib-lite-shoe-cover-14382201","amfib-lobster-gel-glove-14342006","amfib-toe-cover-14381902"],"enable_bottom_margin":false}},"suggested-products-2":{"type":"suggested-products","settings":{"title":"Women's Cold Ready Outerwear","btn_label":"Shop All","btn_link":"shopify:\/\/collections\/womens-cold-weather","product_list":["womens-attack-amfib-lite-jacket-11232101","womens-quest-amfib-jacket-11231903","womens-quest-amfib-jacket-11232102","womens-amfib-tight-11212209","amfib-lobster-gel-glove-14342006","amfib-toe-cover-14381902","amfib-lite-glove-14342005","amfib-lite-shoe-cover-14382201","womens-amfib-gel-glove-14242009","amfib-shoe-cover-14382001"],"enable_bottom_margin":false}},"full-width-cta-reversible-2":{"type":"full-width-cta-reversible","settings":{"image":"shopify:\/\/shop_images\/3_a6f265d6-ab62-43eb-8422-5201f02baada.jpg","image_position":"left","subtitle":"","title":"","text":"<p>PI Dry delivers water shedding performance at the fiber level, allowing us to create knit and woven fabrics that repel water regardless of how much they stretch. Water rolls off, keeping you warmer, drier, and lighter. And the best part is, it lasts longer than DWR's, delivering full performance even after 100 washes.<\/p>","btn_label":"","btn_link":"","btn_style":"outline-dark","enable_bottom_margin":true}}},"order":["full-width-cta","full-width-cta-reversible","suggested-products","suggested-products-2","full-width-cta-reversible-2"]}