{"sections":{"full-width-cta":{"type":"full-width-cta","settings":{"image":"shopify:\/\/shop_images\/hero2new2.jpg","image_mobile":"shopify:\/\/shop_images\/hero2new.jpg","youtube_video":"","hero_height":"normal","overlay_color":"#262829","overlay_opacity":0.6,"horizontal_text_container_position_desktop":"justify-start","vertical_text_container_position_desktop":"justify-start","vertical_text_container_position_mobile":"justify-start","title":"We Support","heading_size":"h2","sub_title":"Sub Title","sub_title_size":"text-sm","text":"","text_size":"force-text-md","text_align_desktop":"text-left","text_align_mobile":"text-left","text_color_desktop":"force-white","text_color_mobile":"force-white","enable_below_image":true,"layout_space":2,"enable_description":true,"btn_label_1":"","btn_link_1":"","btn_label_2":"","btn_link_2":"","cta_style":"fill_background","enable_overlay_desktop":true,"enable_overlay_mobile":false}},"text-block":{"type":"text-block","settings":{"bg_color":"#fff","svg":"","svg_mobile":"","text_color":"#000","heading":"The causes we're helping affect.","body":"<p>We support these likeminded, non-profit organizations because we not only believe in what they do, we believe in creating a better world for endurance athletes for generations to come.<\/p>","enable_bottom_margin":false}},"full-width-cta-2":{"type":"full-width-cta","settings":{"image":"shopify:\/\/shop_images\/P4P.jpg","image_mobile":"shopify:\/\/shop_images\/mob1.jpg","youtube_video":"","hero_height":"normal","overlay_color":"#262829","overlay_opacity":0.6,"horizontal_text_container_position_desktop":"justify-start","vertical_text_container_position_desktop":"justify-start","vertical_text_container_position_mobile":"justify-start","title":"Craig Hospital-Pedal 4 Possible","heading_size":"h2","sub_title":"Sub Title","sub_title_size":"text-sm","text":"<p>Craig Hospital in Denver, Colorado, is a world-renowned rehabilitation hospital that exclusively specializes in the neuro-rehabilitation and research of patients with spinal cord injury (SCI) and brain injury (BI).\n\nPedal 4 Possible is a charity ride benefiting Craig Hospital patients and programs. All money raised will fund innovative therapy programs that help Craig Hospital patients experiencing spinal cord and brain injury.<\/p>","text_size":"force-text-md","text_align_desktop":"text-left","text_align_mobile":"text-left","text_color_desktop":"force-white","text_color_mobile":"force-white","enable_below_image":true,"layout_space":2,"enable_description":true,"btn_label_1":"Learn more","btn_link_1":"https:\/\/secure3.convio.net\/craig\/site\/TR?fr_id=1170&pg=entry","btn_label_2":"","btn_link_2":"","cta_style":"fill_background","enable_overlay_desktop":true,"enable_overlay_mobile":false}},"full-width-cta-3":{"type":"full-width-cta","settings":{"image":"shopify:\/\/shop_images\/1_37775567-f09e-4134-b90c-4f003738cb9c.jpg","image_mobile":"shopify:\/\/shop_images\/1mob_5e1278a7-e331-4b2c-9022-302e5300e2fc.jpg","youtube_video":"","hero_height":"normal","overlay_color":"#262829","overlay_opacity":0.6,"horizontal_text_container_position_desktop":"justify-start","vertical_text_container_position_desktop":"justify-start","vertical_text_container_position_mobile":"justify-start","title":"PeopleForBikes","heading_size":"h2","sub_title":"Sub Title","sub_title_size":"text-sm","text":"<p>PeopleForBikes Coalition is a membership organization founded by bicycle industry leaders with the mission of putting more people on bikes more often.\nPeopleForBikes lobbies for bicycle friendly policy on Capital Hill, promotes bicycling to the public and distributes grants for bicycle facility projects by working with political leaders and national advocacy groups. We've supported this program since 2002.<\/p>","text_size":"force-text-md","text_align_desktop":"text-left","text_align_mobile":"text-left","text_color_desktop":"force-white","text_color_mobile":"force-white","enable_below_image":true,"layout_space":2,"enable_description":true,"btn_label_1":"Learn more","btn_link_1":"https:\/\/www.peopleforbikes.org","btn_label_2":"","btn_link_2":"","cta_style":"fill_background","enable_overlay_desktop":true,"enable_overlay_mobile":false}},"full-width-cta-4":{"type":"full-width-cta","settings":{"image":"shopify:\/\/shop_images\/2_ad260046-6de6-431d-b8c3-1fd9994f6dda.jpg","image_mobile":"shopify:\/\/shop_images\/2mob_b6ef39bf-7288-4483-952a-bc19cc96fbdb.jpg","youtube_video":"","hero_height":"normal","overlay_color":"#262829","overlay_opacity":0.6,"horizontal_text_container_position_desktop":"justify-start","vertical_text_container_position_desktop":"justify-start","vertical_text_container_position_mobile":"justify-start","title":"IMBA","heading_size":"h2","sub_title":"Sub Title","sub_title_size":"text-sm","text":"<p>IMBA creates, enhances and preserves trail opportunities for mountain bikers worldwide.\nSince 1988, IMBA has brought out the best in mountain biking by encouraging low-impact riding, volunteer trail-work participation, cooperation among different trail user groups and innovative trail management solutions.<\/p>","text_size":"force-text-md","text_align_desktop":"text-left","text_align_mobile":"text-left","text_color_desktop":"force-white","text_color_mobile":"force-white","enable_below_image":true,"layout_space":2,"enable_description":true,"btn_label_1":"Learn more","btn_link_1":"https:\/\/www.imba.com","btn_label_2":"","btn_link_2":"","cta_style":"fill_background","enable_overlay_desktop":true,"enable_overlay_mobile":false}},"full-width-cta-5":{"type":"full-width-cta","settings":{"image":"shopify:\/\/shop_images\/1_6a199a55-c1e2-498d-a971-f45d7aa40815.jpg","image_mobile":"shopify:\/\/shop_images\/mob_4abbe199-3ab2-47fd-93b4-8c435554ead7.jpg","youtube_video":"","hero_height":"normal","overlay_color":"#262829","overlay_opacity":0.5,"horizontal_text_container_position_desktop":"justify-start","vertical_text_container_position_desktop":"justify-start","vertical_text_container_position_mobile":"justify-start","title":"Trips for Kids","heading_size":"h2","sub_title":"Sub Title","sub_title_size":"text-sm","text":"<p>Trips for Kids is a non-profit that provides mountain bike outings and environmental education for inner city, low income and at-risk-youth across the U.S. and Canada.\nTFK opens the world of cycling to at-risk-youth through day-long mountain bike rides and afterschool Earn-A-Bike programs. The goal of their youth bike programs is to combine lessons in personal responsibility, achievement and environmental awareness through the development of practical skills and the simple act of having fun.<\/p>","text_size":"force-text-md","text_align_desktop":"text-left","text_align_mobile":"text-left","text_color_desktop":"force-white","text_color_mobile":"force-white","enable_below_image":true,"layout_space":2,"enable_description":true,"btn_label_1":"Learn more","btn_link_1":"https:\/\/www.tripsforkids.org","btn_label_2":"","btn_link_2":"","cta_style":"fill_background","enable_overlay_desktop":true,"enable_overlay_mobile":false}}},"order":["full-width-cta","text-block","full-width-cta-2","full-width-cta-3","full-width-cta-4","full-width-cta-5"]}