{"sections":{"sp_hero_6CJB8L":{"type":"sp-hero","custom_css":[".spro-container a.spro-cta {border: 2px solid #ffffff;}",".spro-container a.spro-cta:hover {border: 2px solid #000000; transform: translateY(0px);}",".spro-headline {padding: 0 50px 0 0;}",".spro-container > .spro-grid {margin-left: 150px;}"],"name":"🚀 Hero","settings":{"override_fonts":false,"headline_font":"sans-serif","text_font":"sans-serif","override_text_sizes":true,"text_size":16,"mobile_text_size":15,"text_line_height":"1.5","headline_size":58,"mobile_headline_size":40,"headline_line_height":"1.2","override_text_colors":true,"text_color":"#ffffff","link_color":"#005bd3","show_on_device":"desktop","section_background_color":"linear-gradient(127deg, rgba(241, 246, 251, 1) 11%, rgba(241, 246, 251, 1) 81%)","section_background_image_color":"","section_background_size":"cover","mobile_section_background_image_color":"","mobile_section_background_size":"cover","section_padding_top_bottom":0,"mobile_section_padding_top_bottom":0,"section_padding_left_right":0,"mobile_section_padding_left_right":0,"container_background_color":"","container_max_width":10000,"container_padding_top_bottom":0,"mobile_container_padding_top_bottom":10,"container_padding_left_right":0,"mobile_container_padding_left_right":10,"element_spacing":15,"container_radius":0,"container_shadow":false,"container_border_size":0,"container_border_color":"#888888","grid_padding_tb":225,"grid_padding_lr":0,"show_text_shadow":true,"cover_background":"linear-gradient(164deg, rgba(17, 17, 17, 1), rgba(0, 0, 0, 1) 100%)","cover_opacity":15,"box_alignment":"left","button_background_color":"linear-gradient(164deg, rgba(255, 255, 255, 1), rgba(255, 255, 255, 1) 100%)","button_text_color":"#000000","button_padding_tb":10,"button_padding_lr":25,"button_border_radius":50,"text_alignment":"left","mobile_text_alignment":"center","headline":"<strong>RIDE FREE. RIDE FIERCE.<\/strong>","content":"<p>Whether chasing summit views or the next coffee stop, our women’s collection delivers fit, function, and freedom in motion.<\/p>","cta":"SHOP WOMEN'S","cta_link":"shopify:\/\/collections\/womens","hero_image":"shopify:\/\/shop_images\/Rectangle_3993_1_1.png","image_size":2000,"mobile_image_size":800}},"sp_hero_FmPcjH":{"type":"sp-hero","custom_css":[".spro-container a.spro-cta {border: 2px solid #ffffff;}",".spro-container a.spro-cta:hover {border: 2px solid #000000; transform: translateY(0px);}",".spro-headline {padding: 0 0 0 10px;}",".spro-container > .spro-grid {margin-right: 100px;}"],"name":"🚀 Hero (Mobile)","settings":{"override_fonts":false,"headline_font":"sans-serif","text_font":"sans-serif","override_text_sizes":true,"text_size":16,"mobile_text_size":15,"text_line_height":"1.5","headline_size":58,"mobile_headline_size":40,"headline_line_height":"1.2","override_text_colors":true,"text_color":"#ffffff","link_color":"#005bd3","show_on_device":"mobile","section_background_color":"linear-gradient(127deg, rgba(241, 246, 251, 1) 11%, rgba(241, 246, 251, 1) 81%)","section_background_image_color":"","section_background_size":"cover","mobile_section_background_image_color":"","mobile_section_background_size":"cover","section_padding_top_bottom":0,"mobile_section_padding_top_bottom":0,"section_padding_left_right":0,"mobile_section_padding_left_right":0,"container_background_color":"","container_max_width":10000,"container_padding_top_bottom":0,"mobile_container_padding_top_bottom":0,"container_padding_left_right":0,"mobile_container_padding_left_right":0,"element_spacing":15,"container_radius":0,"container_shadow":false,"container_border_size":0,"container_border_color":"#888888","grid_padding_tb":150,"grid_padding_lr":5,"show_text_shadow":true,"cover_background":"linear-gradient(164deg, rgba(17, 17, 17, 1), rgba(0, 0, 0, 1) 100%)","cover_opacity":15,"box_alignment":"left","button_background_color":"linear-gradient(164deg, rgba(255, 255, 255, 1), rgba(255, 255, 255, 1) 100%)","button_text_color":"#000000","button_padding_tb":10,"button_padding_lr":25,"button_border_radius":50,"text_alignment":"center","mobile_text_alignment":"left","headline":"<strong>RIDE FREE. RIDE FIERCE.<\/strong>","content":"<p>Whether chasing summit views or the next coffee stop, our women’s collection delivers fit, function, and freedom in motion.<\/p>","cta":"SHOP WOMEN'S","cta_link":"shopify:\/\/collections\/womens","hero_image":"shopify:\/\/shop_images\/WOMEN_MOBILE.jpg","image_size":2000,"mobile_image_size":800}},"sp_card_grid_GtnayR":{"type":"sp-card-grid","blocks":{"feature_MxQeG3":{"type":"feature","settings":{"background_image":"shopify:\/\/shop_images\/Rectangle_4014_1.png","headline":"<strong>JERSEYS<\/strong>","description":"Breathable, quick-dry and cut for women—built to stay cool on the climb and smooth through the descent.","cta":"Shop Now","cta_link":"shopify:\/\/collections\/womens-cycling-jerseys","open_in_blank":false}},"feature_M367nx":{"type":"feature","settings":{"background_image":"shopify:\/\/shop_images\/Rectangle_4015_1.png","headline":"<strong>SHORTS & BIBS<\/strong>","description":"Women’s-first chamois, secure grip and supportive compression—comfort that holds when the pace turns up.","cta":"Shop Now","cta_link":"shopify:\/\/collections\/womens-cycling-shorts-bib-shorts-skirts","open_in_blank":false}},"feature_yPDnwV":{"type":"feature","settings":{"background_image":"shopify:\/\/shop_images\/Rectangle_4016_1.png","headline":"<strong>FOOTWEAR<\/strong>","description":"Secure fit, efficient power and confident traction—clipless or flats, built for every ride.","cta":"Shop Now","cta_link":"shopify:\/\/collections\/womens-cycling-shoes","open_in_blank":false}},"feature_Ntr9AJ":{"type":"feature","settings":{"background_image":"shopify:\/\/shop_images\/Rectangle_4017_1.png","headline":"<strong>OUTERWEAR<\/strong>","description":"Breathable, packable weather protection with women’s-specific cuts—layer up and keep rolling.","cta":"Shop Now","cta_link":"shopify:\/\/collections\/womens-cycling-jackets-vests","open_in_blank":false}}},"block_order":["feature_MxQeG3","feature_M367nx","feature_yPDnwV","feature_Ntr9AJ"],"name":"🚀 Card Grid","settings":{"override_fonts":false,"headline_font":"sans-serif","text_font":"sans-serif","override_text_sizes":true,"text_size":15,"mobile_text_size":15,"text_line_height":"1.5","headline_size":40,"mobile_headline_size":38,"headline_line_height":"1.2","override_text_colors":false,"text_color":"#111111","link_color":"#005bd3","show_on_device":"all","section_background_color":"linear-gradient(127deg, rgba(NaN, NaN, NaN, 1) 11%, rgba(241, 246, 251, 1) 81%)","section_background_image_color":"","section_background_size":"cover","mobile_section_background_image_color":"","mobile_section_background_size":"cover","section_padding_top_bottom":25,"mobile_section_padding_top_bottom":25,"section_padding_left_right":75,"mobile_section_padding_left_right":25,"container_background_color":"","container_max_width":2000,"container_padding_top_bottom":10,"mobile_container_padding_top_bottom":10,"container_padding_left_right":10,"mobile_container_padding_left_right":0,"element_spacing":15,"container_radius":0,"container_shadow":false,"container_border_size":0,"container_border_color":"#888888","columns":"auto","grid_gap":30,"card_uniform_height":true,"card_vertical_alignment":"center","make_card_clickable":true,"hide_button":true,"card_element_spacing":5,"card_padding":15,"card_text_size":13,"card_headline_size":18,"card_background_color":"rgba(0,0,0,0)","card_text_color":"#000000","card_radius":0,"card_shadow":false,"card_hover_animation":true,"show_description":true,"truncate_description":false,"truncate_length":50,"button_padding_tb":5,"button_padding_lr":5,"button_border_radius":5,"button_border_size":0,"button_border_color":"#888888","button_background_color":"linear-gradient(164deg, rgba(17, 17, 17, 1), rgba(51, 51, 51, 1) 100%)","button_text_color":"#ffffff","button_text_size":13,"media_aspect_ratio":"3 \/ 4","media_aspect_ratio_mobile":"1 \/ 1","mobile_display":"stacked","mobile_columns":"1fr","progress_background_color":"linear-gradient(177deg, rgba(17, 17, 17, .25) 3%, rgba(17, 17, 17, 0.25) 100%)","progress_foreground_color":"linear-gradient(177deg, rgba(17, 17, 17, 1) 3%, rgba(17, 17, 17, 1) 100%)","indicator_color":"#111111","enable_autoplay":true,"autoplay_time":"5000","text_alignment":"left","mobile_text_alignment":"center","headline":"<strong>TOP COLLECTIONS<\/strong>","text":"","headline_spacing":5}},"sp_card_grid_6HLXPN":{"type":"sp-card-grid","blocks":{"feature_8F9aBz":{"type":"feature","settings":{"background_image":"shopify:\/\/shop_images\/83713b108df8b236e694f13ee5ac58fc9f564d54_1000x_68c7a488-3390-4b76-a08b-73a553bea28f.webp","headline":"Women's PRO Shorts","description":"Race-tuned compression with Levitate™ PRO chamois—made to disappear on long miles.","cta":"","cta_link":"https:\/\/www.pearlizumi.com\/products\/womens-pro-shorts-11212202?variant=51773957669229","open_in_blank":false}},"feature_YUdKCw":{"type":"feature","settings":{"background_image":"shopify:\/\/shop_images\/c3b26e2e6f95eeb1143ce4730d603d1fbba361c0_1000x_891a9364-b8d7-46d1-89ee-a3d3adfa0796.webp","headline":"Women's Attack Jersey","description":"Lightweight, quick-dry and cut to move—your go-to for fast miles and hot days.","cta":"","cta_link":"https:\/\/www.pearlizumi.com\/products\/womens-attack-short-sleeve-jersey-11222404?variant=43438649573547","open_in_blank":false}},"feature_AyjDX3":{"type":"feature","settings":{"background_image":"shopify:\/\/shop_images\/fb7b843f1586fa2b44711497df7dbd9f6de565d6_1000x_4bfb51ba-a2f4-44eb-b225-3d3b9de45a88.webp","headline":"Women's Attack Bib Shorts","description":"Women’s drop-tail bibs with Levitate™ Plus chamois—supportive, breathable, all-day comfortable.","cta":"","cta_link":"https:\/\/www.pearlizumi.com\/products\/mens-expedition-bib-shorts-11112502?variant=51773893280109","open_in_blank":false}},"feature_TQE9jw":{"type":"feature","settings":{"background_image":"shopify:\/\/shop_images\/ow68z60m6mevy14zubvqdofpx6ykbldk2025-08-21_1000x_c0d06a8f-cb56-404c-85df-84dbce2d93fa.webp","headline":"Women's Quest Barrier Convertible Jacket","description":"Jacket to vest in seconds—windproof, water-resistant and ready for anything.","cta":"","cta_link":"https:\/\/www.pearlizumi.com\/products\/womens-quest-barrier-convertible-jacket-11232008?variant=52107889148269","open_in_blank":false}}},"block_order":["feature_8F9aBz","feature_YUdKCw","feature_AyjDX3","feature_TQE9jw"],"name":"🚀 Card Grid","settings":{"override_fonts":false,"headline_font":"sans-serif","text_font":"sans-serif","override_text_sizes":true,"text_size":15,"mobile_text_size":15,"text_line_height":"1.5","headline_size":40,"mobile_headline_size":38,"headline_line_height":"1.2","override_text_colors":false,"text_color":"#111111","link_color":"#005bd3","show_on_device":"all","section_background_color":"radial-gradient(rgba(248, 246, 241, 1), rgba(248, 246, 241, 1) 100%)","section_background_image_color":"","section_background_size":"cover","mobile_section_background_image_color":"","mobile_section_background_size":"cover","section_padding_top_bottom":25,"mobile_section_padding_top_bottom":25,"section_padding_left_right":75,"mobile_section_padding_left_right":25,"container_background_color":"","container_max_width":2000,"container_padding_top_bottom":10,"mobile_container_padding_top_bottom":10,"container_padding_left_right":10,"mobile_container_padding_left_right":0,"element_spacing":15,"container_radius":0,"container_shadow":false,"container_border_size":0,"container_border_color":"#888888","columns":"auto","grid_gap":30,"card_uniform_height":true,"card_vertical_alignment":"center","make_card_clickable":true,"hide_button":true,"card_element_spacing":5,"card_padding":15,"card_text_size":13,"card_headline_size":18,"card_background_color":"#ffffff","card_text_color":"#000000","card_radius":15,"card_shadow":true,"card_hover_animation":true,"show_description":true,"truncate_description":false,"truncate_length":50,"button_padding_tb":5,"button_padding_lr":5,"button_border_radius":5,"button_border_size":0,"button_border_color":"#888888","button_background_color":"linear-gradient(164deg, rgba(17, 17, 17, 1), rgba(51, 51, 51, 1) 100%)","button_text_color":"#ffffff","button_text_size":13,"media_aspect_ratio":"auto","media_aspect_ratio_mobile":"auto","mobile_display":"slideshow","mobile_columns":"1fr","progress_background_color":"linear-gradient(177deg, rgba(17, 17, 17, .25) 3%, rgba(17, 17, 17, 0.25) 100%)","progress_foreground_color":"linear-gradient(177deg, rgba(17, 17, 17, 1) 3%, rgba(17, 17, 17, 1) 100%)","indicator_color":"#111111","enable_autoplay":true,"autoplay_time":"5000","text_alignment":"left","mobile_text_alignment":"center","headline":"<strong>BEST SELLERS<\/strong>","text":"Rider-backed favorites—top picks proven on repeat miles.","headline_spacing":5}},"sp_card_grid_aqh8n6":{"type":"sp-card-grid","blocks":{"feature_7r7ria":{"type":"feature","settings":{"background_image":"shopify:\/\/shop_images\/ff55e44a7df706e91c7ad9d16482288fb88c10d9_1000x_1_3_1.png","headline":"<strong>ROAD<\/strong>","description":"Aero-tuned kits for high-output days—lightweight layers and race-ready fits that stay comfortable from intervals to centuries.","cta":"Shop Now","cta_link":"shopify:\/\/collections\/womens-road","open_in_blank":false}},"feature_LV6gD7":{"type":"feature","settings":{"background_image":"shopify:\/\/shop_images\/ff55e44a7df706e91c7ad9d16482288fb88c10d9_1000x_1_4_1.png","headline":"<strong>GRAVEL<\/strong>","description":"Rugged meets refined—breathable, quick-dry gear with smart storage for washboard, dust and big-mile adventure.","cta":"Shop Now","cta_link":"shopify:\/\/collections\/womens-gravel-cycling","open_in_blank":false}},"feature_M3zDFJ":{"type":"feature","settings":{"background_image":"shopify:\/\/shop_images\/ff55e44a7df706e91c7ad9d16482288fb88c10d9_1000x_1_6_1.png","headline":"<strong>TRAIL<\/strong>","description":"Trail-tough apparel that moves with you—stretchy, durable pieces built for climbs, corners and repeat laps.","cta":"Shop Now","cta_link":"shopify:\/\/collections\/womens-mountain-bike","open_in_blank":false}}},"block_order":["feature_7r7ria","feature_LV6gD7","feature_M3zDFJ"],"name":"🚀 Card Grid","settings":{"override_fonts":false,"headline_font":"sans-serif","text_font":"sans-serif","override_text_sizes":true,"text_size":15,"mobile_text_size":15,"text_line_height":"1.5","headline_size":40,"mobile_headline_size":40,"headline_line_height":"1.2","override_text_colors":false,"text_color":"#111111","link_color":"#005bd3","show_on_device":"all","section_background_color":"linear-gradient(127deg, rgba(NaN, NaN, NaN, 1) 11%, rgba(241, 246, 251, 1) 81%)","section_background_image_color":"","section_background_size":"cover","mobile_section_background_image_color":"","mobile_section_background_size":"cover","section_padding_top_bottom":25,"mobile_section_padding_top_bottom":25,"section_padding_left_right":200,"mobile_section_padding_left_right":25,"container_background_color":"","container_max_width":2000,"container_padding_top_bottom":10,"mobile_container_padding_top_bottom":10,"container_padding_left_right":10,"mobile_container_padding_left_right":10,"element_spacing":15,"container_radius":0,"container_shadow":false,"container_border_size":0,"container_border_color":"rgba(0,0,0,0)","columns":"auto","grid_gap":30,"card_uniform_height":true,"card_vertical_alignment":"center","make_card_clickable":true,"hide_button":true,"card_element_spacing":5,"card_padding":15,"card_text_size":13,"card_headline_size":18,"card_background_color":"rgba(0,0,0,0)","card_text_color":"#000000","card_radius":0,"card_shadow":false,"card_hover_animation":true,"show_description":true,"truncate_description":false,"truncate_length":50,"button_padding_tb":5,"button_padding_lr":5,"button_border_radius":5,"button_border_size":0,"button_border_color":"#888888","button_background_color":"linear-gradient(164deg, rgba(17, 17, 17, 1), rgba(51, 51, 51, 1) 100%)","button_text_color":"#ffffff","button_text_size":13,"media_aspect_ratio":"3 \/ 4","media_aspect_ratio_mobile":"1 \/ 1","mobile_display":"stacked","mobile_columns":"1fr","progress_background_color":"linear-gradient(177deg, rgba(17, 17, 17, .25) 3%, rgba(17, 17, 17, 0.25) 100%)","progress_foreground_color":"linear-gradient(177deg, rgba(17, 17, 17, 1) 3%, rgba(17, 17, 17, 1) 100%)","indicator_color":"#111111","enable_autoplay":true,"autoplay_time":"5000","text_alignment":"left","mobile_text_alignment":"center","headline":"","text":"","headline_spacing":5}},"sp_image_with_text_RPbVFA":{"type":"sp-image-with-text","custom_css":["a.spro-cta {border: 2px solid #000000;}","a.spro-cta:hover {color: #ffffff !important; background: #000000;}"],"name":"🚀 Image with Text","settings":{"override_fonts":false,"headline_font":"sans-serif","text_font":"sans-serif","override_text_sizes":true,"text_size":16,"mobile_text_size":15,"text_line_height":"1.5","headline_size":52,"mobile_headline_size":40,"headline_line_height":"1.2","override_text_colors":true,"text_color":"#000000","link_color":"#005bd3","show_on_device":"all","section_background_color":"linear-gradient(0deg, rgba(255, 255, 255, 1), rgba(255, 255, 255, 1) 81%)","section_background_image_color":"","section_background_size":"cover","mobile_section_background_image_color":"","mobile_section_background_size":"cover","section_padding_top_bottom":0,"mobile_section_padding_top_bottom":0,"section_padding_left_right":0,"mobile_section_padding_left_right":10,"container_background_color":"","container_max_width":10000,"container_padding_top_bottom":0,"mobile_container_padding_top_bottom":0,"container_padding_left_right":0,"mobile_container_padding_left_right":0,"element_spacing":15,"container_radius":0,"container_shadow":false,"container_border_size":0,"container_border_color":"#888888","grid_gap":0,"grid_display":"1fr 1fr","grid_vertical_alignament":"center","image_location":"left","mobile_image_location":"top","image_aspect_ratio":"4 \/ 3","border_radius":0,"media_shadow":false,"image":"shopify:\/\/shop_images\/Frame_1538232426_1_1.png","text_alignment":"left","mobile_text_alignment":"center","headline":"<strong>WINTER MILES. ZERO EXCUSES.<\/strong>","content":"<p>Women’s cold-weather essentials—thermal layers, windproof shells and weather-ready accessories to keep you moving.<\/p>","content_padding_top_bottom":0,"mobile_content_padding_top_bottom":0,"content_padding_left_right":150,"mobile_content_padding_left_right":0,"button_background_color":"radial-gradient(rgba(0, 0, 0, 0), rgba(0, 0, 0, 0) 100%)","button_text_color":"#000000","button_text_size":15,"button_padding_tb":10,"button_padding_lr":25,"button_border_radius":50,"link_text":"SHOP NOW","link":"shopify:\/\/collections\/womens-cold-weather-cycling-gear","open_in_blank":false}},"sp_image_with_text_8dEeVB":{"type":"sp-image-with-text","custom_css":["a.spro-cta {border: 2px solid #000000;}","a.spro-cta:hover {color: #ffffff !important; background: #000000;}"],"name":"🚀 Image with Text","settings":{"override_fonts":false,"headline_font":"sans-serif","text_font":"sans-serif","override_text_sizes":true,"text_size":16,"mobile_text_size":15,"text_line_height":"1.5","headline_size":52,"mobile_headline_size":40,"headline_line_height":"1.2","override_text_colors":false,"text_color":"#111111","link_color":"#005bd3","show_on_device":"all","section_background_color":"linear-gradient(0deg, rgba(255, 255, 255, 1), rgba(255, 255, 255, 1) 81%)","section_background_image_color":"","section_background_size":"cover","mobile_section_background_image_color":"","mobile_section_background_size":"cover","section_padding_top_bottom":0,"mobile_section_padding_top_bottom":50,"section_padding_left_right":0,"mobile_section_padding_left_right":0,"container_background_color":"","container_max_width":10000,"container_padding_top_bottom":0,"mobile_container_padding_top_bottom":0,"container_padding_left_right":0,"mobile_container_padding_left_right":10,"element_spacing":15,"container_radius":0,"container_shadow":false,"container_border_size":0,"container_border_color":"#888888","grid_gap":0,"grid_display":"1fr 1fr","grid_vertical_alignament":"center","image_location":"right","mobile_image_location":"top","image_aspect_ratio":"4 \/ 3","border_radius":0,"media_shadow":false,"image":"shopify:\/\/shop_images\/Screenshot_2025-04-24_at_12.30.24_PM_2_1_1.png","text_alignment":"left","mobile_text_alignment":"center","headline":"<strong>SMALL GEAR. BIG GAINS.<\/strong>","content":"<p>Complete your system with smart accessories that keep you comfortable, focused and moving.<\/p>","content_padding_top_bottom":0,"mobile_content_padding_top_bottom":0,"content_padding_left_right":150,"mobile_content_padding_left_right":0,"button_background_color":"linear-gradient(164deg, rgba(255, 255, 255, 1), rgba(255, 255, 255, 1) 100%)","button_text_color":"#000000","button_text_size":15,"button_padding_tb":10,"button_padding_lr":25,"button_border_radius":50,"link_text":"SHOP NOW","link":"shopify:\/\/collections\/womens-cycling-accessories","open_in_blank":false}},"sp_hero_ykVwa7":{"type":"sp-hero","custom_css":[".spro-container a.spro-cta {border: 2px solid #000000;}",".spro-container a.spro-cta:hover {color: #000000; background: transparent; border: 2px solid #000000; transform: translateY(0px);}"],"name":"🚀 Hero","settings":{"override_fonts":false,"headline_font":"sans-serif","text_font":"sans-serif","override_text_sizes":true,"text_size":15,"mobile_text_size":15,"text_line_height":"1.5","headline_size":42,"mobile_headline_size":40,"headline_line_height":"1.2","override_text_colors":true,"text_color":"#000000","link_color":"#005bd3","show_on_device":"all","section_background_color":"linear-gradient(0deg, rgba(248, 246, 241, 1) 49%, rgba(248, 246, 241, 1) 77%)","section_background_image_color":"","section_background_size":"cover","mobile_section_background_image_color":"","mobile_section_background_size":"cover","section_padding_top_bottom":0,"mobile_section_padding_top_bottom":0,"section_padding_left_right":0,"mobile_section_padding_left_right":0,"container_background_color":"","container_max_width":10000,"container_padding_top_bottom":0,"mobile_container_padding_top_bottom":0,"container_padding_left_right":0,"mobile_container_padding_left_right":0,"element_spacing":15,"container_radius":0,"container_shadow":false,"container_border_size":0,"container_border_color":"#888888","grid_padding_tb":75,"grid_padding_lr":0,"show_text_shadow":false,"cover_background":"linear-gradient(164deg, rgba(17, 17, 17, 1), rgba(0, 0, 0, 1) 100%)","cover_opacity":0,"box_alignment":"center","button_background_color":"linear-gradient(164deg, rgba(0, 0, 0, 1), rgba(0, 0, 0, 1) 100%)","button_text_color":"#ffffff","button_padding_tb":10,"button_padding_lr":25,"button_border_radius":50,"text_alignment":"center","mobile_text_alignment":"center","headline":"<strong>MORE MILES. MORE STORIES.<\/strong>","content":"<p>Sign up to hear about new arrivals, ride culture and inspiration from real women on bikes.<\/p>","cta":"JOIN THE RIDE","cta_link":"shopify:\/\/pages\/sms-enrollment","image_size":2000,"mobile_image_size":800}},"sp_hero_g6JDy6":{"type":"sp-hero","name":"🚀 Hero","settings":{"override_fonts":false,"headline_font":"sans-serif","text_font":"sans-serif","override_text_sizes":false,"text_size":16,"mobile_text_size":15,"text_line_height":"1.5","headline_size":58,"mobile_headline_size":40,"headline_line_height":"1.2","override_text_colors":false,"text_color":"#ffffff","link_color":"#005bd3","show_on_device":"desktop","section_background_color":"linear-gradient(127deg, rgba(241, 246, 251, 1) 11%, rgba(241, 246, 251, 1) 81%)","section_background_image_color":"","section_background_size":"cover","mobile_section_background_image_color":"","mobile_section_background_size":"cover","section_padding_top_bottom":0,"mobile_section_padding_top_bottom":0,"section_padding_left_right":0,"mobile_section_padding_left_right":0,"container_background_color":"","container_max_width":10000,"container_padding_top_bottom":0,"mobile_container_padding_top_bottom":10,"container_padding_left_right":0,"mobile_container_padding_left_right":10,"element_spacing":15,"container_radius":0,"container_shadow":false,"container_border_size":0,"container_border_color":"#888888","grid_padding_tb":150,"grid_padding_lr":0,"show_text_shadow":false,"cover_background":"linear-gradient(164deg, rgba(17, 17, 17, 1), rgba(0, 0, 0, 1) 100%)","cover_opacity":15,"box_alignment":"left","button_background_color":"linear-gradient(164deg, rgba(255, 255, 255, 1), rgba(255, 255, 255, 1) 100%)","button_text_color":"#000000","button_padding_tb":15,"button_padding_lr":30,"button_border_radius":50,"text_alignment":"left","mobile_text_alignment":"center","headline":"","content":"","cta":"","cta_link":"","hero_image":"shopify:\/\/shop_images\/Group_56_2_1.png","image_size":2000,"mobile_image_size":800}},"sp_hero_YeCDkg":{"type":"sp-hero","name":"🚀 Hero (Mobile)","settings":{"override_fonts":false,"headline_font":"sans-serif","text_font":"sans-serif","override_text_sizes":false,"text_size":16,"mobile_text_size":15,"text_line_height":"1.5","headline_size":58,"mobile_headline_size":40,"headline_line_height":"1.2","override_text_colors":false,"text_color":"#ffffff","link_color":"#005bd3","show_on_device":"mobile","section_background_color":"linear-gradient(127deg, rgba(241, 246, 251, 1) 11%, rgba(241, 246, 251, 1) 81%)","section_background_image_color":"","section_background_size":"cover","mobile_section_background_image_color":"","mobile_section_background_size":"cover","section_padding_top_bottom":0,"mobile_section_padding_top_bottom":0,"section_padding_left_right":0,"mobile_section_padding_left_right":0,"container_background_color":"","container_max_width":10000,"container_padding_top_bottom":0,"mobile_container_padding_top_bottom":10,"container_padding_left_right":0,"mobile_container_padding_left_right":10,"element_spacing":15,"container_radius":0,"container_shadow":false,"container_border_size":0,"container_border_color":"#888888","grid_padding_tb":150,"grid_padding_lr":0,"show_text_shadow":true,"cover_background":"linear-gradient(164deg, rgba(17, 17, 17, 1), rgba(0, 0, 0, 1) 100%)","cover_opacity":15,"box_alignment":"left","button_background_color":"linear-gradient(164deg, rgba(255, 255, 255, 1), rgba(255, 255, 255, 1) 100%)","button_text_color":"#000000","button_padding_tb":15,"button_padding_lr":30,"button_border_radius":50,"text_alignment":"left","mobile_text_alignment":"center","headline":"","content":"","cta":"","cta_link":"","hero_image":"shopify:\/\/shop_images\/WOMEN_BOTTOM.jpg","image_size":2000,"mobile_image_size":800}}},"order":["sp_hero_6CJB8L","sp_hero_FmPcjH","sp_card_grid_GtnayR","sp_card_grid_6HLXPN","sp_card_grid_aqh8n6","sp_image_with_text_RPbVFA","sp_image_with_text_8dEeVB","sp_hero_ykVwa7","sp_hero_g6JDy6","sp_hero_YeCDkg"]}