{"sections":{"sp_hero_6CJB8L":{"type":"sp-hero","custom_css":[".spro-container a.spro-cta {border: 2px solid #ffffff;}",".spro-container a.spro-cta:hover {border: 2px solid #000000; transform: translateY(0px);}",".spro-headline {padding: 0 50px 0 0;}",".spro-container > .spro-grid {margin-left: 100px;}","p strong {font-size: 30px;}"],"name":"🚀 Main Hero","settings":{"override_fonts":false,"headline_font":"system_ui_n4","text_font":"system_ui_n4","override_text_sizes":true,"text_size":16,"mobile_text_size":15,"text_line_height":"1.5","headline_size":58,"mobile_headline_size":40,"headline_line_height":"1.2","override_text_colors":true,"text_color":"#ffffff","link_color":"#005bd3","show_on_device":"desktop","section_background_color":"linear-gradient(127deg, rgba(241, 246, 251, 1) 11%, rgba(241, 246, 251, 1) 81%)","section_background_image_color":"","section_background_size":"cover","mobile_section_background_image_color":"","mobile_section_background_size":"cover","section_padding_top_bottom":0,"mobile_section_padding_top_bottom":0,"section_padding_left_right":0,"mobile_section_padding_left_right":0,"container_background_color":"","container_max_width":10000,"container_padding_top_bottom":0,"mobile_container_padding_top_bottom":10,"container_padding_left_right":0,"mobile_container_padding_left_right":10,"element_spacing":15,"container_radius":0,"container_shadow":false,"container_border_size":0,"container_border_color":"#888888","grid_padding_tb":225,"grid_padding_lr":0,"show_text_shadow":true,"cover_background":"linear-gradient(164deg, rgba(17, 17, 17, 1), rgba(0, 0, 0, 1) 100%)","cover_opacity":15,"box_alignment":"left","button_background_color":"linear-gradient(164deg, rgba(255, 255, 255, 1), rgba(255, 255, 255, 1) 100%)","button_text_color":"#000000","button_padding_tb":10,"button_padding_lr":25,"button_border_radius":50,"text_alignment":"left","mobile_text_alignment":"center","headline":"<strong>EXPERT ADVICE<\/strong>","content":"<p>We're a team of passionate cyclists that believe in the transformative power of riding bikes.<\/p><p>And because we believe that riding bikes makes us the best version of ourselves, we're committed to helping more people get on bikes. We've put together some tools and tips to empower you to ride more and to get you where you want to go.<\/p>","cta":"","cta_link":"","hero_image":"shopify:\/\/shop_images\/BikePI-F22-Road-Ozarks-532-2201x1467-43d37b0_788b5a1b-efc1-458e-8df1-e97b48fd2d97.webp","image_size":20000,"mobile_image_size":800}},"sp_hero_FmPcjH":{"type":"sp-hero","custom_css":[".spro-container a.spro-cta {border: 2px solid #ffffff;}",".spro-container a.spro-cta:hover {border: 2px solid #000000; transform: translateY(0px);}",".spro-headline {padding: 0 0 0 10px;}",".spro-container > .spro-grid {margin-right: 80px;}"],"name":"🚀 Main Hero (Mobile)","settings":{"override_fonts":false,"headline_font":"system_ui_n4","text_font":"system_ui_n4","override_text_sizes":true,"text_size":16,"mobile_text_size":15,"text_line_height":"1.5","headline_size":58,"mobile_headline_size":40,"headline_line_height":"1.2","override_text_colors":true,"text_color":"#ffffff","link_color":"#005bd3","show_on_device":"mobile","section_background_color":"linear-gradient(127deg, rgba(241, 246, 251, 1) 11%, rgba(241, 246, 251, 1) 81%)","section_background_image_color":"","section_background_size":"cover","mobile_section_background_image_color":"","mobile_section_background_size":"cover","section_padding_top_bottom":0,"mobile_section_padding_top_bottom":0,"section_padding_left_right":0,"mobile_section_padding_left_right":0,"container_background_color":"","container_max_width":10000,"container_padding_top_bottom":0,"mobile_container_padding_top_bottom":0,"container_padding_left_right":0,"mobile_container_padding_left_right":0,"element_spacing":15,"container_radius":0,"container_shadow":false,"container_border_size":0,"container_border_color":"#888888","grid_padding_tb":150,"grid_padding_lr":5,"show_text_shadow":true,"cover_background":"linear-gradient(164deg, rgba(17, 17, 17, 1), rgba(0, 0, 0, 1) 100%)","cover_opacity":15,"box_alignment":"left","button_background_color":"linear-gradient(164deg, rgba(255, 255, 255, 1), rgba(255, 255, 255, 1) 100%)","button_text_color":"#000000","button_padding_tb":10,"button_padding_lr":15,"button_border_radius":50,"text_alignment":"center","mobile_text_alignment":"left","headline":"<strong>EXPERT ADVICE<\/strong>","content":"<p>We're a team of passionate cyclists that believe in the transformative power of riding bikes.<\/p><p>And because we believe that riding bikes makes us the best version of ourselves, we're committed to helping more people get on bikes. We've put together some tools and tips to empower you to ride more and to get you where you want to go.<\/p>","cta":"","cta_link":"","hero_image":"shopify:\/\/shop_images\/BikePI-F22-Road-Ozarks-532-2201x1467-43d37b0_788b5a1b-efc1-458e-8df1-e97b48fd2d97.webp","image_size":0,"mobile_image_size":800}},"sp_hero_66qdwC":{"type":"sp-hero","name":"🚀 Hero (CTA)","settings":{"override_fonts":false,"headline_font":"system_ui_n4","text_font":"system_ui_n4","override_text_sizes":true,"text_size":16,"mobile_text_size":15,"text_line_height":"1.5","headline_size":58,"mobile_headline_size":40,"headline_line_height":"1.2","override_text_colors":true,"text_color":"#ffffff","link_color":"#005bd3","show_on_device":"all","section_background_color":"linear-gradient(127deg, rgba(241, 246, 251, 1) 11%, rgba(241, 246, 251, 1) 81%)","section_background_image_color":"","section_background_size":"cover","mobile_section_background_image_color":"","mobile_section_background_size":"cover","section_padding_top_bottom":0,"mobile_section_padding_top_bottom":0,"section_padding_left_right":0,"mobile_section_padding_left_right":0,"container_background_color":"","container_max_width":10000,"container_padding_top_bottom":0,"mobile_container_padding_top_bottom":10,"container_padding_left_right":0,"mobile_container_padding_left_right":10,"element_spacing":15,"container_radius":0,"container_shadow":false,"container_border_size":0,"container_border_color":"#888888","grid_padding_tb":150,"grid_padding_lr":0,"show_text_shadow":true,"cover_background":"linear-gradient(164deg, rgba(17, 17, 17, 1), rgba(0, 0, 0, 1) 100%)","cover_opacity":15,"box_alignment":"left","button_background_color":"linear-gradient(164deg, rgba(0, 0, 0, 1), rgba(0, 0, 0, 1) 100%)","button_text_color":"#ffffff","button_padding_tb":10,"button_padding_lr":25,"button_border_radius":50,"text_alignment":"left","mobile_text_alignment":"center","headline":"<strong>JERSEY GUIDE<\/strong>","content":"<p>For all riders and all weather, we've pu together a guide on how to find your perfect jersey.<\/p>","cta":"EXPLORE","cta_link":"shopify:\/\/pages\/how-to-choose-a-cycling-jersey","hero_image":"shopify:\/\/shop_images\/BikePI-S25-Gravel-TU_399-1200x800-5b2df79.jpg","image_size":20000,"mobile_image_size":800}},"sp_hero_tTwGeJ":{"type":"sp-hero","name":"🚀 Hero (CTA)","settings":{"override_fonts":false,"headline_font":"system_ui_n4","text_font":"system_ui_n4","override_text_sizes":true,"text_size":16,"mobile_text_size":15,"text_line_height":"1.5","headline_size":58,"mobile_headline_size":40,"headline_line_height":"1.2","override_text_colors":true,"text_color":"#ffffff","link_color":"#005bd3","show_on_device":"all","section_background_color":"linear-gradient(127deg, rgba(241, 246, 251, 1) 11%, rgba(241, 246, 251, 1) 81%)","section_background_image_color":"","section_background_size":"cover","mobile_section_background_image_color":"","mobile_section_background_size":"cover","section_padding_top_bottom":0,"mobile_section_padding_top_bottom":0,"section_padding_left_right":0,"mobile_section_padding_left_right":0,"container_background_color":"","container_max_width":10000,"container_padding_top_bottom":0,"mobile_container_padding_top_bottom":10,"container_padding_left_right":0,"mobile_container_padding_left_right":10,"element_spacing":15,"container_radius":0,"container_shadow":false,"container_border_size":0,"container_border_color":"#888888","grid_padding_tb":150,"grid_padding_lr":0,"show_text_shadow":true,"cover_background":"linear-gradient(164deg, rgba(17, 17, 17, 1), rgba(0, 0, 0, 1) 100%)","cover_opacity":15,"box_alignment":"right","button_background_color":"linear-gradient(164deg, rgba(0, 0, 0, 1), rgba(0, 0, 0, 1) 100%)","button_text_color":"#ffffff","button_padding_tb":10,"button_padding_lr":25,"button_border_radius":50,"text_alignment":"right","mobile_text_alignment":"center","headline":"<strong>SHORTS & BIBS GUIDE<\/strong>","content":"<p>For all riders and all weather, we've pu together a guide on how to find your perfect jersey.<\/p>","cta":"EXPLORE","cta_link":"shopify:\/\/pages\/how-to-choose-a-short","hero_image":"shopify:\/\/shop_images\/BikePI-S25-Gravel-TU_373-1200x800-5b2df79.jpg","image_size":20000,"mobile_image_size":800}},"sp_hero_DRxqgf":{"type":"sp-hero","name":"🚀 Hero (CTA)","settings":{"override_fonts":false,"headline_font":"system_ui_n4","text_font":"system_ui_n4","override_text_sizes":true,"text_size":16,"mobile_text_size":15,"text_line_height":"1.5","headline_size":58,"mobile_headline_size":40,"headline_line_height":"1.2","override_text_colors":true,"text_color":"#ffffff","link_color":"#005bd3","show_on_device":"all","section_background_color":"linear-gradient(127deg, rgba(241, 246, 251, 1) 11%, rgba(241, 246, 251, 1) 81%)","section_background_image_color":"","section_background_size":"cover","mobile_section_background_image_color":"","mobile_section_background_size":"cover","section_padding_top_bottom":0,"mobile_section_padding_top_bottom":0,"section_padding_left_right":0,"mobile_section_padding_left_right":0,"container_background_color":"","container_max_width":10000,"container_padding_top_bottom":0,"mobile_container_padding_top_bottom":10,"container_padding_left_right":0,"mobile_container_padding_left_right":10,"element_spacing":15,"container_radius":0,"container_shadow":false,"container_border_size":0,"container_border_color":"#888888","grid_padding_tb":150,"grid_padding_lr":0,"show_text_shadow":true,"cover_background":"linear-gradient(164deg, rgba(17, 17, 17, 1), rgba(0, 0, 0, 1) 100%)","cover_opacity":15,"box_alignment":"left","button_background_color":"linear-gradient(164deg, rgba(0, 0, 0, 1), rgba(0, 0, 0, 1) 100%)","button_text_color":"#ffffff","button_padding_tb":10,"button_padding_lr":25,"button_border_radius":50,"text_alignment":"left","mobile_text_alignment":"center","headline":"<strong>SHOES GUIDE<\/strong>","content":"<p>For all riders and all weather, we've pu together a guide on how to find your perfect jersey.<\/p>","cta":"EXPLORE","cta_link":"shopify:\/\/pages\/how-to-choose-cycling-shoes","hero_image":"shopify:\/\/shop_images\/BikePI-S25-Gravel-TU_397-1200x800-5b2df79.jpg","image_size":20000,"mobile_image_size":800}},"sp_hero_8WkW9a":{"type":"sp-hero","name":"🚀 Hero (CTA)","settings":{"override_fonts":false,"headline_font":"system_ui_n4","text_font":"system_ui_n4","override_text_sizes":true,"text_size":16,"mobile_text_size":15,"text_line_height":"1.5","headline_size":58,"mobile_headline_size":40,"headline_line_height":"1.2","override_text_colors":true,"text_color":"#ffffff","link_color":"#005bd3","show_on_device":"all","section_background_color":"linear-gradient(127deg, rgba(241, 246, 251, 1) 11%, rgba(241, 246, 251, 1) 81%)","section_background_image_color":"","section_background_size":"cover","mobile_section_background_image_color":"","mobile_section_background_size":"cover","section_padding_top_bottom":0,"mobile_section_padding_top_bottom":0,"section_padding_left_right":0,"mobile_section_padding_left_right":0,"container_background_color":"","container_max_width":10000,"container_padding_top_bottom":0,"mobile_container_padding_top_bottom":10,"container_padding_left_right":0,"mobile_container_padding_left_right":10,"element_spacing":15,"container_radius":0,"container_shadow":false,"container_border_size":0,"container_border_color":"#888888","grid_padding_tb":150,"grid_padding_lr":0,"show_text_shadow":true,"cover_background":"linear-gradient(164deg, rgba(17, 17, 17, 1), rgba(0, 0, 0, 1) 100%)","cover_opacity":15,"box_alignment":"right","button_background_color":"linear-gradient(164deg, rgba(0, 0, 0, 1), rgba(0, 0, 0, 1) 100%)","button_text_color":"#ffffff","button_padding_tb":10,"button_padding_lr":25,"button_border_radius":50,"text_alignment":"right","mobile_text_alignment":"center","headline":"<strong>JACKETS GUIDE<\/strong>","content":"<p>For all riders and all weather, we've pu together a guide on how to find your perfect jersey.<\/p>","cta":"EXPLORE","cta_link":"shopify:\/\/pages\/how-to-choose-a-jacket","hero_image":"shopify:\/\/shop_images\/xnew3.webp","image_size":20000,"mobile_image_size":800}},"sp_hero_wUega4":{"type":"sp-hero","name":"🚀 Hero (CTA)","settings":{"override_fonts":false,"headline_font":"system_ui_n4","text_font":"system_ui_n4","override_text_sizes":true,"text_size":16,"mobile_text_size":15,"text_line_height":"1.5","headline_size":58,"mobile_headline_size":40,"headline_line_height":"1.2","override_text_colors":true,"text_color":"#ffffff","link_color":"#005bd3","show_on_device":"all","section_background_color":"linear-gradient(127deg, rgba(241, 246, 251, 1) 11%, rgba(241, 246, 251, 1) 81%)","section_background_image_color":"","section_background_size":"cover","mobile_section_background_image_color":"","mobile_section_background_size":"cover","section_padding_top_bottom":0,"mobile_section_padding_top_bottom":0,"section_padding_left_right":0,"mobile_section_padding_left_right":0,"container_background_color":"","container_max_width":10000,"container_padding_top_bottom":0,"mobile_container_padding_top_bottom":10,"container_padding_left_right":0,"mobile_container_padding_left_right":10,"element_spacing":15,"container_radius":0,"container_shadow":false,"container_border_size":0,"container_border_color":"#888888","grid_padding_tb":150,"grid_padding_lr":0,"show_text_shadow":true,"cover_background":"linear-gradient(164deg, rgba(17, 17, 17, 1), rgba(0, 0, 0, 1) 100%)","cover_opacity":15,"box_alignment":"left","button_background_color":"linear-gradient(164deg, rgba(0, 0, 0, 1), rgba(0, 0, 0, 1) 100%)","button_text_color":"#ffffff","button_padding_tb":10,"button_padding_lr":25,"button_border_radius":50,"text_alignment":"left","mobile_text_alignment":"center","headline":"<strong>TIGHTS GUIDE<\/strong>","content":"<p>For all riders and all weather, we've pu together a guide on how to find your perfect jersey.<\/p>","cta":"EXPLORE","cta_link":"shopify:\/\/pages\/how-to-choose-tights-guide","hero_image":"shopify:\/\/shop_images\/BikePI-F24-Road_SF-134-1200x800-5b2df79.jpg","image_size":20000,"mobile_image_size":800}},"sp_hero_7iEgyz":{"type":"sp-hero","name":"🚀 Hero (CTA)","settings":{"override_fonts":false,"headline_font":"system_ui_n4","text_font":"system_ui_n4","override_text_sizes":true,"text_size":16,"mobile_text_size":15,"text_line_height":"1.5","headline_size":58,"mobile_headline_size":40,"headline_line_height":"1.2","override_text_colors":true,"text_color":"#ffffff","link_color":"#005bd3","show_on_device":"all","section_background_color":"linear-gradient(127deg, rgba(241, 246, 251, 1) 11%, rgba(241, 246, 251, 1) 81%)","section_background_image_color":"","section_background_size":"cover","mobile_section_background_image_color":"","mobile_section_background_size":"cover","section_padding_top_bottom":0,"mobile_section_padding_top_bottom":0,"section_padding_left_right":0,"mobile_section_padding_left_right":0,"container_background_color":"","container_max_width":10000,"container_padding_top_bottom":0,"mobile_container_padding_top_bottom":10,"container_padding_left_right":0,"mobile_container_padding_left_right":10,"element_spacing":15,"container_radius":0,"container_shadow":false,"container_border_size":0,"container_border_color":"#888888","grid_padding_tb":150,"grid_padding_lr":0,"show_text_shadow":true,"cover_background":"linear-gradient(164deg, rgba(17, 17, 17, 1), rgba(0, 0, 0, 1) 100%)","cover_opacity":15,"box_alignment":"right","button_background_color":"linear-gradient(164deg, rgba(0, 0, 0, 1), rgba(0, 0, 0, 1) 100%)","button_text_color":"#ffffff","button_padding_tb":10,"button_padding_lr":25,"button_border_radius":50,"text_alignment":"right","mobile_text_alignment":"center","headline":"<strong>CHAMOIS GUIDE<\/strong>","content":"<p>For all riders and all weather, we've pu together a guide on how to find your perfect jersey.<\/p>","cta":"EXPLORE","cta_link":"shopify:\/\/pages\/chamois-guide","hero_image":"shopify:\/\/shop_images\/BikePI-S24-Gravel-Monterey-6672-1200x800-5b2df79.jpg","image_size":20000,"mobile_image_size":800}},"sp_feature_grid_c9mh8b":{"type":"sp-feature-grid","blocks":{"feature_UzmitX":{"type":"feature","settings":{"background_image":"shopify:\/\/shop_images\/BikePI-S25-Gravel-TU_314-800x1200-cb6eae5.jpg","headline":"<strong>MEN'S ROAD GUIDE<\/strong>","cta":"","cta_link":"shopify:\/\/pages\/mens-road-beginners-guide","make_block_clickable":true,"show_secondary_button":false,"cta_2":"","cta_link_2":""}},"feature_9ihatD":{"type":"feature","settings":{"background_image":"shopify:\/\/shop_images\/BikePI-S25-Gravel-TU_335-800x1200-cb6eae5.jpg","headline":"<strong>WOMEN'S ROAD GUIDE<\/strong>","cta":"","cta_link":"shopify:\/\/pages\/womens-road-beginners-guide","make_block_clickable":false,"show_secondary_button":false,"cta_2":"","cta_link_2":""}}},"block_order":["feature_UzmitX","feature_9ihatD"],"name":"🚀 Feature Grid","settings":{"override_fonts":false,"headline_font":"system_ui_n4","text_font":"system_ui_n4","override_text_sizes":true,"text_size":15,"mobile_text_size":15,"text_line_height":"1.5","headline_size":48,"mobile_headline_size":40,"headline_line_height":"1.2","override_text_colors":true,"text_color":"#000000","link_color":"#005bd3","show_on_device":"all","section_background_color":"linear-gradient(127deg, rgba(248, 246, 241, 1) 11%, rgba(248, 246, 241, 1) 81%)","section_background_image_color":"","section_background_size":"cover","mobile_section_background_image_color":"","mobile_section_background_size":"cover","section_padding_top_bottom":50,"mobile_section_padding_top_bottom":25,"section_padding_left_right":25,"mobile_section_padding_left_right":25,"container_background_color":"","container_max_width":1000,"container_padding_top_bottom":10,"mobile_container_padding_top_bottom":10,"container_padding_left_right":10,"mobile_container_padding_left_right":10,"element_spacing":15,"container_radius":0,"container_shadow":false,"container_border_size":0,"container_border_color":"#888888","feature_text_color":"#ffffff","feature_text_size":20,"feature_mobile_text_size":20,"feature_show_text_shadow":true,"gap":20,"cover_background":"linear-gradient(164deg, rgba(17, 17, 17, 1), rgba(85, 85, 85, 1) 100%)","cover_opacity":15,"media_aspect_ratio":"1 \/ 1","media_aspect_ratio_mobile":"1 \/ 1","media_radius":30,"media_shadow":false,"mobile_display":"stacked","mobile_columns":"1fr","progress_background_color":"linear-gradient(177deg, rgba(17, 17, 17, .25) 3%, rgba(17, 17, 17, 0.25) 100%)","progress_foreground_color":"linear-gradient(177deg, rgba(17, 17, 17, 1) 3%, rgba(17, 17, 17, 1) 100%)","indicator_color":"#111111","enable_autoplay":true,"autoplay_time":"5000","button_padding_tb":10,"button_padding_lr":25,"button_border_radius":5,"button_border_size":0,"button_border_color":"#111111","button_background_color":"linear-gradient(164deg, rgba(17, 17, 17, 1), rgba(51, 51, 51, 1) 100%)","button_text_color":"#ffffff","button_background_color_2":"linear-gradient(164deg, rgba(17, 17, 17, 1), rgba(51, 51, 51, 1) 100%)","button_text_color_2":"#ffffff","text_alignment":"center","mobile_text_alignment":"center","headline":"<strong>ROAD BEGINNER'S GUIDES<\/strong>","text":"The bike is just the start of your journey. If you're new to riding—or if it's been awhile since you last swung a leg over a top tube—we're here to catch you up on the latest clothing and accessory innovations to take your riding to the next level.","headline_spacing":15}},"sp_feature_grid_RzM4dj":{"type":"sp-feature-grid","blocks":{"feature_LA8XUk":{"type":"feature","settings":{"background_image":"shopify:\/\/shop_images\/BikePI-S25_MTB-SF-107-1200x800-5b2df79.jpg","headline":"<strong>MEN'S MTB GUIDE<\/strong>","cta":"","cta_link":"shopify:\/\/pages\/mens-mountain-bike-beginners-guide","make_block_clickable":true,"show_secondary_button":false,"cta_2":"","cta_link_2":""}},"feature_WRJtWi":{"type":"feature","settings":{"background_image":"shopify:\/\/shop_images\/BikePI-S25_MTB-SF-59-1200x800-5b2df79.jpg","headline":"<strong>WOMEN'S MTB GUIDE<\/strong>","cta":"","cta_link":"shopify:\/\/pages\/womens-mountain-bike-beginners-guide","make_block_clickable":false,"show_secondary_button":false,"cta_2":"","cta_link_2":""}}},"block_order":["feature_LA8XUk","feature_WRJtWi"],"name":"🚀 Feature Grid","settings":{"override_fonts":false,"headline_font":"system_ui_n4","text_font":"system_ui_n4","override_text_sizes":true,"text_size":15,"mobile_text_size":15,"text_line_height":"1.5","headline_size":48,"mobile_headline_size":40,"headline_line_height":"1.2","override_text_colors":true,"text_color":"#000000","link_color":"#005bd3","show_on_device":"all","section_background_color":"linear-gradient(127deg, rgba(248, 246, 241, 1) 11%, rgba(248, 246, 241, 1) 81%)","section_background_image_color":"","section_background_size":"cover","mobile_section_background_image_color":"","mobile_section_background_size":"cover","section_padding_top_bottom":50,"mobile_section_padding_top_bottom":25,"section_padding_left_right":25,"mobile_section_padding_left_right":25,"container_background_color":"","container_max_width":1000,"container_padding_top_bottom":10,"mobile_container_padding_top_bottom":10,"container_padding_left_right":10,"mobile_container_padding_left_right":10,"element_spacing":15,"container_radius":0,"container_shadow":false,"container_border_size":0,"container_border_color":"#888888","feature_text_color":"#ffffff","feature_text_size":20,"feature_mobile_text_size":20,"feature_show_text_shadow":true,"gap":20,"cover_background":"linear-gradient(164deg, rgba(17, 17, 17, 1), rgba(85, 85, 85, 1) 100%)","cover_opacity":15,"media_aspect_ratio":"1 \/ 1","media_aspect_ratio_mobile":"1 \/ 1","media_radius":30,"media_shadow":false,"mobile_display":"stacked","mobile_columns":"1fr","progress_background_color":"linear-gradient(177deg, rgba(17, 17, 17, .25) 3%, rgba(17, 17, 17, 0.25) 100%)","progress_foreground_color":"linear-gradient(177deg, rgba(17, 17, 17, 1) 3%, rgba(17, 17, 17, 1) 100%)","indicator_color":"#111111","enable_autoplay":true,"autoplay_time":"5000","button_padding_tb":10,"button_padding_lr":25,"button_border_radius":5,"button_border_size":0,"button_border_color":"#111111","button_background_color":"linear-gradient(164deg, rgba(17, 17, 17, 1), rgba(51, 51, 51, 1) 100%)","button_text_color":"#ffffff","button_background_color_2":"linear-gradient(164deg, rgba(17, 17, 17, 1), rgba(51, 51, 51, 1) 100%)","button_text_color_2":"#ffffff","text_alignment":"center","mobile_text_alignment":"center","headline":"<strong>MOUNTAIN BIKE BEGINNER'S GUIDES<\/strong>","text":"Putting tires in the dirt for the first time can be a little intimidating. With the right knowledge and apparel, getting into mountain biking can be accessible for anyone.","headline_spacing":15}},"sp_hero_g6JDy6":{"type":"sp-hero","name":"🚀 Footer Hero","settings":{"override_fonts":false,"headline_font":"system_ui_n4","text_font":"system_ui_n4","override_text_sizes":false,"text_size":16,"mobile_text_size":15,"text_line_height":"1.5","headline_size":58,"mobile_headline_size":40,"headline_line_height":"1.2","override_text_colors":false,"text_color":"#ffffff","link_color":"#005bd3","show_on_device":"desktop","section_background_color":"linear-gradient(127deg, rgba(241, 246, 251, 1) 11%, rgba(241, 246, 251, 1) 81%)","section_background_image_color":"","section_background_size":"cover","mobile_section_background_image_color":"","mobile_section_background_size":"cover","section_padding_top_bottom":0,"mobile_section_padding_top_bottom":0,"section_padding_left_right":0,"mobile_section_padding_left_right":0,"container_background_color":"","container_max_width":10000,"container_padding_top_bottom":0,"mobile_container_padding_top_bottom":10,"container_padding_left_right":0,"mobile_container_padding_left_right":10,"element_spacing":15,"container_radius":0,"container_shadow":false,"container_border_size":0,"container_border_color":"#888888","grid_padding_tb":150,"grid_padding_lr":0,"show_text_shadow":false,"cover_background":"linear-gradient(164deg, rgba(17, 17, 17, 1), rgba(0, 0, 0, 1) 100%)","cover_opacity":15,"box_alignment":"left","button_background_color":"linear-gradient(164deg, rgba(255, 255, 255, 1), rgba(255, 255, 255, 1) 100%)","button_text_color":"#000000","button_padding_tb":15,"button_padding_lr":30,"button_border_radius":50,"text_alignment":"left","mobile_text_alignment":"center","headline":"","content":"","cta":"","cta_link":"","hero_image":"shopify:\/\/shop_images\/Group_56_4_e2734a68-7e11-40da-8e4e-150514dd35b7.png","image_size":20000,"mobile_image_size":800}},"sp_hero_YeCDkg":{"type":"sp-hero","name":"🚀 Footer Hero (Mobile)","settings":{"override_fonts":false,"headline_font":"system_ui_n4","text_font":"system_ui_n4","override_text_sizes":false,"text_size":16,"mobile_text_size":15,"text_line_height":"1.5","headline_size":58,"mobile_headline_size":40,"headline_line_height":"1.2","override_text_colors":false,"text_color":"#ffffff","link_color":"#005bd3","show_on_device":"mobile","section_background_color":"linear-gradient(127deg, rgba(241, 246, 251, 1) 11%, rgba(241, 246, 251, 1) 81%)","section_background_image_color":"","section_background_size":"cover","mobile_section_background_image_color":"","mobile_section_background_size":"cover","section_padding_top_bottom":0,"mobile_section_padding_top_bottom":0,"section_padding_left_right":0,"mobile_section_padding_left_right":0,"container_background_color":"","container_max_width":10000,"container_padding_top_bottom":0,"mobile_container_padding_top_bottom":10,"container_padding_left_right":0,"mobile_container_padding_left_right":10,"element_spacing":15,"container_radius":0,"container_shadow":false,"container_border_size":0,"container_border_color":"#888888","grid_padding_tb":150,"grid_padding_lr":0,"show_text_shadow":true,"cover_background":"linear-gradient(164deg, rgba(17, 17, 17, 1), rgba(0, 0, 0, 1) 100%)","cover_opacity":15,"box_alignment":"left","button_background_color":"linear-gradient(164deg, rgba(255, 255, 255, 1), rgba(255, 255, 255, 1) 100%)","button_text_color":"#000000","button_padding_tb":15,"button_padding_lr":30,"button_border_radius":50,"text_alignment":"left","mobile_text_alignment":"center","headline":"","content":"","cta":"","cta_link":"","hero_image":"shopify:\/\/shop_images\/Group_56_4.png","image_size":2000,"mobile_image_size":800}}},"order":["sp_hero_6CJB8L","sp_hero_FmPcjH","sp_hero_66qdwC","sp_hero_tTwGeJ","sp_hero_DRxqgf","sp_hero_8WkW9a","sp_hero_wUega4","sp_hero_7iEgyz","sp_feature_grid_c9mh8b","sp_feature_grid_RzM4dj","sp_hero_g6JDy6","sp_hero_YeCDkg"]}