{"sections":{"sp_hero_6CJB8L":{"type":"sp-hero","custom_css":[".spro-container a.spro-cta {border: 2px solid #ffffff;}",".spro-container a.spro-cta:hover {border: 2px solid #000000; transform: translateY(0px);}",".spro-headline {padding: 0 50px 0 0;}",".spro-container > .spro-grid {margin-left: 100px;}","p strong {font-size: 30px;}"],"name":"🚀 Main Hero","settings":{"override_fonts":false,"headline_font":"system_ui_n4","text_font":"system_ui_n4","override_text_sizes":true,"text_size":16,"mobile_text_size":15,"text_line_height":"1.5","headline_size":58,"mobile_headline_size":40,"headline_line_height":"1.2","override_text_colors":true,"text_color":"#ffffff","link_color":"#005bd3","show_on_device":"desktop","section_background_color":"linear-gradient(127deg, rgba(241, 246, 251, 1) 11%, rgba(241, 246, 251, 1) 81%)","section_background_image_color":"","section_background_size":"cover","mobile_section_background_image_color":"","mobile_section_background_size":"cover","section_padding_top_bottom":0,"mobile_section_padding_top_bottom":0,"section_padding_left_right":0,"mobile_section_padding_left_right":0,"container_background_color":"","container_max_width":10000,"container_padding_top_bottom":0,"mobile_container_padding_top_bottom":10,"container_padding_left_right":0,"mobile_container_padding_left_right":10,"element_spacing":15,"container_radius":0,"container_shadow":false,"container_border_size":0,"container_border_color":"#888888","grid_padding_tb":225,"grid_padding_lr":0,"show_text_shadow":true,"cover_background":"linear-gradient(164deg, rgba(17, 17, 17, 1), rgba(0, 0, 0, 1) 100%)","cover_opacity":15,"box_alignment":"left","button_background_color":"linear-gradient(164deg, rgba(255, 255, 255, 1), rgba(255, 255, 255, 1) 100%)","button_text_color":"#000000","button_padding_tb":10,"button_padding_lr":25,"button_border_radius":50,"text_alignment":"left","mobile_text_alignment":"center","headline":"<strong>TRAIL DOESN'T WAIT<\/strong>","content":"<p>Breathable protection, pedal-smart stretch, and quiet, abrasion-ready fabrics that move like you do. Performance that vanishes in motion—so it’s just you and the line.<\/p>","cta":"SHOP ALL TRAIL","cta_link":"shopify:\/\/collections\/mountain-bike","hero_image":"shopify:\/\/shop_images\/new.webp","image_size":20000,"mobile_image_size":800}},"sp_hero_FmPcjH":{"type":"sp-hero","custom_css":[".spro-container a.spro-cta {border: 2px solid #ffffff;}",".spro-container a.spro-cta:hover {border: 2px solid #000000; transform: translateY(0px);}",".spro-headline {padding: 0 0 0 10px;}",".spro-container > .spro-grid {margin-right: 80px;}"],"name":"🚀 Main Hero (Mobile)","settings":{"override_fonts":false,"headline_font":"system_ui_n4","text_font":"system_ui_n4","override_text_sizes":true,"text_size":16,"mobile_text_size":15,"text_line_height":"1.5","headline_size":58,"mobile_headline_size":40,"headline_line_height":"1.2","override_text_colors":true,"text_color":"#ffffff","link_color":"#005bd3","show_on_device":"mobile","section_background_color":"linear-gradient(127deg, rgba(241, 246, 251, 1) 11%, rgba(241, 246, 251, 1) 81%)","section_background_image_color":"","section_background_size":"cover","mobile_section_background_image_color":"","mobile_section_background_size":"cover","section_padding_top_bottom":0,"mobile_section_padding_top_bottom":0,"section_padding_left_right":0,"mobile_section_padding_left_right":0,"container_background_color":"","container_max_width":10000,"container_padding_top_bottom":0,"mobile_container_padding_top_bottom":0,"container_padding_left_right":0,"mobile_container_padding_left_right":0,"element_spacing":15,"container_radius":0,"container_shadow":false,"container_border_size":0,"container_border_color":"#888888","grid_padding_tb":150,"grid_padding_lr":5,"show_text_shadow":true,"cover_background":"linear-gradient(164deg, rgba(17, 17, 17, 1), rgba(0, 0, 0, 1) 100%)","cover_opacity":15,"box_alignment":"left","button_background_color":"linear-gradient(164deg, rgba(255, 255, 255, 1), rgba(255, 255, 255, 1) 100%)","button_text_color":"#000000","button_padding_tb":10,"button_padding_lr":15,"button_border_radius":50,"text_alignment":"center","mobile_text_alignment":"left","headline":"<strong>TRAIL DOESN'T WAIT<\/strong>","content":"<p>Breathable protection, pedal-smart stretch, and quiet, abrasion-ready fabrics that move like you do. Performance that vanishes in motion—so it’s just you and the line.<\/p>","cta":"","cta_link":"shopify:\/\/collections\/mountain-bike","hero_image":"shopify:\/\/shop_images\/df7b4a4e9fe4ddd8f17cd8e68559de5a3508bfb5-min.jpg","image_size":0,"mobile_image_size":800}},"sp_hero_g7gtrb":{"type":"sp-hero","custom_css":[".spro-headline {padding-top: 50px; padding-left: 0px; padding-right: 0px;}",".spro-container > .spro-grid {max-width: none;}"],"name":"🚀 Hero (no CTA)","settings":{"override_fonts":false,"headline_font":"system_ui_n4","text_font":"system_ui_n4","override_text_sizes":true,"text_size":16,"mobile_text_size":15,"text_line_height":"1.5","headline_size":48,"mobile_headline_size":40,"headline_line_height":"1.2","override_text_colors":true,"text_color":"#000000","link_color":"#005bd3","show_on_device":"all","section_background_color":"linear-gradient(127deg, rgba(248, 246, 241, 1) 33%, rgba(255, 255, 255, 1) 81%, rgba(248, 246, 241, 1) 97.125%)","section_background_image_color":"rgba(0,0,0,0)","section_background_size":"cover","mobile_section_background_image_color":"","mobile_section_background_size":"cover","section_padding_top_bottom":0,"mobile_section_padding_top_bottom":0,"section_padding_left_right":0,"mobile_section_padding_left_right":0,"container_background_color":"","container_max_width":10000,"container_padding_top_bottom":0,"mobile_container_padding_top_bottom":10,"container_padding_left_right":0,"mobile_container_padding_left_right":10,"element_spacing":15,"container_radius":0,"container_shadow":false,"container_border_size":0,"container_border_color":"#888888","grid_padding_tb":50,"grid_padding_lr":0,"show_text_shadow":false,"cover_background":"linear-gradient(164deg, rgba(255, 255, 255, 1) 6%, rgba(255, 255, 255, 1) 65%, rgba(255, 255, 255, 1) 89%)","cover_opacity":15,"box_alignment":"center","button_background_color":"linear-gradient(164deg, rgba(0, 0, 0, 1), rgba(0, 0, 0, 1) 100%)","button_text_color":"#ffffff","button_padding_tb":10,"button_padding_lr":25,"button_border_radius":50,"text_alignment":"center","mobile_text_alignment":"center","headline":"<strong>FEED YOUR SENSE OF ADVENTURE.<\/strong>","content":"<p>Your curiosity is endless. Your boundaries are limitless. PEARL iZUMi’s mountain bike apparel combines decades of technical innovation with a commitment to quality. Whether you’re in for the laughs or you’re looking to shred, we’ll be along for the ride.  <\/p>","cta":"","cta_link":"","image_size":2000,"mobile_image_size":800}},"sp_hero_66qdwC":{"type":"sp-hero","name":"🚀 Hero (CTA)","settings":{"override_fonts":false,"headline_font":"system_ui_n4","text_font":"system_ui_n4","override_text_sizes":true,"text_size":16,"mobile_text_size":15,"text_line_height":"1.5","headline_size":58,"mobile_headline_size":40,"headline_line_height":"1.2","override_text_colors":true,"text_color":"#000","link_color":"#005bd3","show_on_device":"all","section_background_color":"linear-gradient(127deg, rgba(241, 246, 251, 1) 11%, rgba(241, 246, 251, 1) 81%)","section_background_image_color":"","section_background_size":"cover","mobile_section_background_image_color":"","mobile_section_background_size":"cover","section_padding_top_bottom":0,"mobile_section_padding_top_bottom":0,"section_padding_left_right":0,"mobile_section_padding_left_right":0,"container_background_color":"","container_max_width":10000,"container_padding_top_bottom":0,"mobile_container_padding_top_bottom":10,"container_padding_left_right":0,"mobile_container_padding_left_right":10,"element_spacing":15,"container_radius":0,"container_shadow":false,"container_border_size":0,"container_border_color":"#888888","grid_padding_tb":150,"grid_padding_lr":0,"show_text_shadow":true,"cover_background":"linear-gradient(164deg, rgba(17, 17, 17, 1), rgba(0, 0, 0, 1) 100%)","cover_opacity":15,"box_alignment":"left","button_background_color":"linear-gradient(164deg, rgba(0, 0, 0, 1), rgba(0, 0, 0, 1) 100%)","button_text_color":"#ffffff","button_padding_tb":10,"button_padding_lr":25,"button_border_radius":50,"text_alignment":"left","mobile_text_alignment":"center","headline":"<strong>SUMMIT<\/strong>","content":"<p>Built for high consequence days where every move counts. Weather-shedding shells, four-way stretch, and abrasion-ready textiles disappear under pressure so you can stay loose when the trail tightens. Secure storage, mapped ventilation, and pedal-smart fits keep you moving—up, over, and past the point most riders turn around.<\/p>","cta":"SHOP SUMMIT","cta_link":"shopify:\/\/collections\/summit-mtb-collection","hero_image":"shopify:\/\/shop_images\/1_banner_4b0f2e90-a069-443f-ad16-b34d6e9460a4_1.webp","image_size":20000,"mobile_image_size":800}},"sp_card_grid_XCfNDK":{"type":"sp-card-grid","blocks":{"product_C6LCer":{"type":"product","settings":{"product":"mens-summit-thermal-jersey-19122503","cta":"Shop Now","open_in_blank":false}},"product_jc3Nff":{"type":"product","settings":{"product":"womens-summit-long-sleeve-jersey-19222404","cta":"Shop Now","open_in_blank":false}},"product_pfpUjg":{"type":"product","settings":{"product":"mens-summit-pro-shell-shorts-19112404","cta":"Shop Now","open_in_blank":false}},"product_eMQnUh":{"type":"product","settings":{"product":"womens-summit-pants-19212301","cta":"Shop Now","open_in_blank":false}},"product_9AcWPm":{"type":"product","settings":{"product":"mens-summit-3l-wxb-jacket-19132205","cta":"Shop Now","open_in_blank":false}},"product_FBjFmV":{"type":"product","settings":{"product":"womens-summit-wind-jacket-19232501","cta":"Shop Now","open_in_blank":false}},"product_jgB4pn":{"type":"product","settings":{"product":"mens-x-alp-summit-mtb-shoes-15192106","cta":"Shop Now","open_in_blank":false}}},"block_order":["product_C6LCer","product_jc3Nff","product_pfpUjg","product_eMQnUh","product_9AcWPm","product_FBjFmV","product_jgB4pn"],"name":"🚀 Card Grid (v1)","settings":{"override_fonts":false,"headline_font":"system_ui_n4","text_font":"system_ui_n4","override_text_sizes":true,"text_size":15,"mobile_text_size":15,"text_line_height":"1.5","headline_size":40,"mobile_headline_size":38,"headline_line_height":"1.2","override_text_colors":false,"text_color":"#111111","link_color":"#005bd3","show_on_device":"all","section_background_color":"radial-gradient(rgba(248, 246, 241, 1), rgba(248, 246, 241, 1) 100%)","section_background_image_color":"","section_background_size":"cover","mobile_section_background_image_color":"","mobile_section_background_size":"cover","section_padding_top_bottom":25,"mobile_section_padding_top_bottom":25,"section_padding_left_right":75,"mobile_section_padding_left_right":25,"container_background_color":"","container_max_width":2000,"container_padding_top_bottom":10,"mobile_container_padding_top_bottom":10,"container_padding_left_right":10,"mobile_container_padding_left_right":0,"element_spacing":15,"container_radius":0,"container_shadow":false,"container_border_size":0,"container_border_color":"#888888","columns":"auto","grid_gap":20,"card_uniform_height":true,"card_vertical_alignment":"center","make_card_clickable":true,"hide_button":true,"card_element_spacing":5,"card_padding":15,"card_text_size":13,"card_headline_size":18,"card_background_color":"#ffffff","card_text_color":"#000000","card_radius":15,"card_shadow":true,"card_hover_animation":true,"show_description":false,"truncate_description":false,"truncate_length":50,"button_padding_tb":5,"button_padding_lr":5,"button_border_radius":5,"button_border_size":0,"button_border_color":"#888888","button_background_color":"linear-gradient(164deg, rgba(17, 17, 17, 1), rgba(51, 51, 51, 1) 100%)","button_text_color":"#ffffff","button_text_size":13,"media_aspect_ratio":"auto","media_aspect_ratio_mobile":"auto","mobile_display":"slideshow","mobile_columns":"1fr","progress_background_color":"linear-gradient(177deg, rgba(17, 17, 17, .25) 3%, rgba(17, 17, 17, 0.25) 100%)","progress_foreground_color":"linear-gradient(177deg, rgba(17, 17, 17, 1) 3%, rgba(17, 17, 17, 1) 100%)","indicator_color":"#111111","enable_autoplay":true,"autoplay_time":"5000","text_alignment":"left","mobile_text_alignment":"center","headline":"<strong>SUMMIT BEST SELLERS<\/strong>","text":"","headline_spacing":5}},"sp_hero_DPURYA":{"type":"sp-hero","name":"🚀 Hero (CTA)","settings":{"override_fonts":false,"headline_font":"system_ui_n4","text_font":"system_ui_n4","override_text_sizes":true,"text_size":16,"mobile_text_size":15,"text_line_height":"1.5","headline_size":58,"mobile_headline_size":40,"headline_line_height":"1.2","override_text_colors":true,"text_color":"#000000","link_color":"#005bd3","show_on_device":"all","section_background_color":"linear-gradient(127deg, rgba(241, 246, 251, 1) 11%, rgba(241, 246, 251, 1) 81%)","section_background_image_color":"","section_background_size":"cover","mobile_section_background_image_color":"","mobile_section_background_size":"cover","section_padding_top_bottom":0,"mobile_section_padding_top_bottom":0,"section_padding_left_right":0,"mobile_section_padding_left_right":0,"container_background_color":"","container_max_width":10000,"container_padding_top_bottom":0,"mobile_container_padding_top_bottom":10,"container_padding_left_right":0,"mobile_container_padding_left_right":10,"element_spacing":15,"container_radius":0,"container_shadow":false,"container_border_size":0,"container_border_color":"#888888","grid_padding_tb":150,"grid_padding_lr":0,"show_text_shadow":true,"cover_background":"linear-gradient(164deg, rgba(17, 17, 17, 1), rgba(0, 0, 0, 1) 100%)","cover_opacity":15,"box_alignment":"left","button_background_color":"linear-gradient(164deg, rgba(0, 0, 0, 1), rgba(0, 0, 0, 1) 100%)","button_text_color":"#ffffff","button_padding_tb":10,"button_padding_lr":25,"button_border_radius":50,"text_alignment":"left","mobile_text_alignment":"center","headline":"<strong>CANYON<\/strong>","content":"<p>Trail-bred gear with everyday grit. Tough, quiet fabrics and relaxed, on-bike cuts that handle rock rash, surprise weather, and long hours without feeling overbuilt. Packable layers, pocketing that stays put, and finishes that wash up ready for tomorrow—function you can live in, ride after ride.<\/p>","cta":"SHOP CANYON","cta_link":"shopify:\/\/collections\/canyon-mtb-collection","hero_image":"shopify:\/\/shop_images\/CANYON.webp","image_size":20000,"mobile_image_size":800}},"sp_card_grid_YyAPGM":{"type":"sp-card-grid","blocks":{"product_WTW7Ux":{"type":"product","settings":{"product":"mens-canyon-tech-snap-jersey-19122501","cta":"Shop Now","open_in_blank":false}},"product_TUcTna":{"type":"product","settings":{"product":"womens-canyon-merino-3-4-sleeve-jersey-19222305","cta":"Shop Now","open_in_blank":false}},"product_8rfFrW":{"type":"product","settings":{"product":"mens-canyon-shorts-with-liner-19112501","cta":"Shop Now","open_in_blank":false}},"product_UFnN4h":{"type":"product","settings":{"product":"womens-canyon-shorts-with-liner-19212501","cta":"Shop Now","open_in_blank":false}},"product_q4tewx":{"type":"product","settings":{"product":"mens-canyon-2-5l-wxb-rain-jacket-19132204","cta":"Shop Now","open_in_blank":false}},"product_MY7WeA":{"type":"product","settings":{"product":"womens-canyon-2-5l-rain-jacket-19232401","cta":"Shop Now","open_in_blank":false}},"product_Ry6JJR":{"type":"product","settings":{"product":"mens-canyon-shoes-15192408","cta":"Shop Now","open_in_blank":false}}},"block_order":["product_WTW7Ux","product_TUcTna","product_8rfFrW","product_UFnN4h","product_q4tewx","product_MY7WeA","product_Ry6JJR"],"name":"🚀 Card Grid (v1)","settings":{"override_fonts":false,"headline_font":"system_ui_n4","text_font":"system_ui_n4","override_text_sizes":true,"text_size":15,"mobile_text_size":15,"text_line_height":"1.5","headline_size":40,"mobile_headline_size":38,"headline_line_height":"1.2","override_text_colors":false,"text_color":"#111111","link_color":"#005bd3","show_on_device":"all","section_background_color":"radial-gradient(rgba(248, 246, 241, 1), rgba(248, 246, 241, 1) 100%)","section_background_image_color":"","section_background_size":"cover","mobile_section_background_image_color":"","mobile_section_background_size":"cover","section_padding_top_bottom":25,"mobile_section_padding_top_bottom":25,"section_padding_left_right":75,"mobile_section_padding_left_right":25,"container_background_color":"","container_max_width":2000,"container_padding_top_bottom":10,"mobile_container_padding_top_bottom":10,"container_padding_left_right":10,"mobile_container_padding_left_right":0,"element_spacing":15,"container_radius":0,"container_shadow":false,"container_border_size":0,"container_border_color":"#888888","columns":"auto","grid_gap":20,"card_uniform_height":true,"card_vertical_alignment":"center","make_card_clickable":true,"hide_button":true,"card_element_spacing":5,"card_padding":15,"card_text_size":13,"card_headline_size":18,"card_background_color":"#ffffff","card_text_color":"#000000","card_radius":15,"card_shadow":true,"card_hover_animation":true,"show_description":false,"truncate_description":false,"truncate_length":50,"button_padding_tb":5,"button_padding_lr":5,"button_border_radius":5,"button_border_size":0,"button_border_color":"#888888","button_background_color":"linear-gradient(164deg, rgba(17, 17, 17, 1), rgba(51, 51, 51, 1) 100%)","button_text_color":"#ffffff","button_text_size":13,"media_aspect_ratio":"auto","media_aspect_ratio_mobile":"auto","mobile_display":"slideshow","mobile_columns":"1fr","progress_background_color":"linear-gradient(177deg, rgba(17, 17, 17, .25) 3%, rgba(17, 17, 17, 0.25) 100%)","progress_foreground_color":"linear-gradient(177deg, rgba(17, 17, 17, 1) 3%, rgba(17, 17, 17, 1) 100%)","indicator_color":"#111111","enable_autoplay":true,"autoplay_time":"5000","text_alignment":"left","mobile_text_alignment":"center","headline":"<strong>CANYON BEST SELLERS<\/strong>","text":"","headline_spacing":5}},"sp_hero_pUdrBr":{"type":"sp-hero","name":"🚀 Hero (CTA)","settings":{"override_fonts":false,"headline_font":"system_ui_n4","text_font":"system_ui_n4","override_text_sizes":true,"text_size":16,"mobile_text_size":15,"text_line_height":"1.5","headline_size":58,"mobile_headline_size":40,"headline_line_height":"1.2","override_text_colors":true,"text_color":"#000000","link_color":"#005bd3","show_on_device":"all","section_background_color":"linear-gradient(127deg, rgba(241, 246, 251, 1) 11%, rgba(241, 246, 251, 1) 81%)","section_background_image_color":"","section_background_size":"cover","mobile_section_background_image_color":"","mobile_section_background_size":"cover","section_padding_top_bottom":0,"mobile_section_padding_top_bottom":0,"section_padding_left_right":0,"mobile_section_padding_left_right":0,"container_background_color":"","container_max_width":10000,"container_padding_top_bottom":0,"mobile_container_padding_top_bottom":10,"container_padding_left_right":0,"mobile_container_padding_left_right":10,"element_spacing":15,"container_radius":0,"container_shadow":false,"container_border_size":0,"container_border_color":"#888888","grid_padding_tb":150,"grid_padding_lr":0,"show_text_shadow":true,"cover_background":"linear-gradient(164deg, rgba(17, 17, 17, 1), rgba(0, 0, 0, 1) 100%)","cover_opacity":15,"box_alignment":"left","button_background_color":"linear-gradient(164deg, rgba(0, 0, 0, 1), rgba(0, 0, 0, 1) 100%)","button_text_color":"#ffffff","button_padding_tb":10,"button_padding_lr":25,"button_border_radius":50,"text_alignment":"left","mobile_text_alignment":"center","headline":"<strong>ELEVATE<\/strong>","content":"<p>Light, fast, and ruthless about heat management. Race-tuned jerseys and shorts wick hard, dry quick, and stretch where you load power, so the kit never asks you to back off. Clean lines, zero-flap silhouettes, and ride-first trims let you climb sharper, descend cleaner, and hold speed when it matters.<\/p>","cta":"SHOP ELEVATE","cta_link":"shopify:\/\/collections\/elevate-mtb-collection","hero_image":"shopify:\/\/shop_images\/ELEVATE.webp","image_size":20000,"mobile_image_size":800}},"sp_card_grid_BApVGh":{"type":"sp-card-grid","blocks":{"product_NtYhUE":{"type":"product","settings":{"product":"mens-elevate-short-sleeve-jersey-19122204","cta":"Shop Now","open_in_blank":false}},"product_jeHyW3":{"type":"product","settings":{"product":"mens-elevate-long-sleeve-jersey-19122203","cta":"Shop Now","open_in_blank":false}},"product_G6itBN":{"type":"product","settings":{"product":"mens-elevate-pants-19112503","cta":"Shop Now","open_in_blank":false}},"product_97CmJd":{"type":"product","settings":{"product":"mens-elevate-air-gloves-14142207","cta":"Shop Now","open_in_blank":false}},"product_RrtcL4":{"type":"product","settings":{"product":"womens-elevate-air-gloves-14242402","cta":"Shop Now","open_in_blank":false}}},"block_order":["product_NtYhUE","product_jeHyW3","product_G6itBN","product_97CmJd","product_RrtcL4"],"name":"🚀 Card Grid (v1)","settings":{"override_fonts":false,"headline_font":"system_ui_n4","text_font":"system_ui_n4","override_text_sizes":true,"text_size":15,"mobile_text_size":15,"text_line_height":"1.5","headline_size":40,"mobile_headline_size":38,"headline_line_height":"1.2","override_text_colors":false,"text_color":"#111111","link_color":"#005bd3","show_on_device":"all","section_background_color":"radial-gradient(rgba(248, 246, 241, 1), rgba(248, 246, 241, 1) 100%)","section_background_image_color":"","section_background_size":"cover","mobile_section_background_image_color":"","mobile_section_background_size":"cover","section_padding_top_bottom":25,"mobile_section_padding_top_bottom":25,"section_padding_left_right":75,"mobile_section_padding_left_right":25,"container_background_color":"","container_max_width":2000,"container_padding_top_bottom":10,"mobile_container_padding_top_bottom":10,"container_padding_left_right":10,"mobile_container_padding_left_right":0,"element_spacing":15,"container_radius":0,"container_shadow":false,"container_border_size":0,"container_border_color":"#888888","columns":"auto","grid_gap":20,"card_uniform_height":true,"card_vertical_alignment":"center","make_card_clickable":true,"hide_button":true,"card_element_spacing":5,"card_padding":15,"card_text_size":13,"card_headline_size":18,"card_background_color":"#ffffff","card_text_color":"#000000","card_radius":15,"card_shadow":true,"card_hover_animation":true,"show_description":false,"truncate_description":false,"truncate_length":50,"button_padding_tb":5,"button_padding_lr":5,"button_border_radius":5,"button_border_size":0,"button_border_color":"#888888","button_background_color":"linear-gradient(164deg, rgba(17, 17, 17, 1), rgba(51, 51, 51, 1) 100%)","button_text_color":"#ffffff","button_text_size":13,"media_aspect_ratio":"auto","media_aspect_ratio_mobile":"auto","mobile_display":"slideshow","mobile_columns":"1fr","progress_background_color":"linear-gradient(177deg, rgba(17, 17, 17, .25) 3%, rgba(17, 17, 17, 0.25) 100%)","progress_foreground_color":"linear-gradient(177deg, rgba(17, 17, 17, 1) 3%, rgba(17, 17, 17, 1) 100%)","indicator_color":"#111111","enable_autoplay":true,"autoplay_time":"5000","text_alignment":"left","mobile_text_alignment":"center","headline":"<strong>ELEVATE BEST SELLERS<\/strong>","text":"","headline_spacing":5}},"sp_feature_grid_c9mh8b":{"type":"sp-feature-grid","blocks":{"feature_9ihatD":{"type":"feature","settings":{"background_image":"shopify:\/\/shop_images\/BikePIF25TrailCA1209-2048x1365-626fde3_1.jpg","headline":"<strong>MEN'S<\/strong>","cta":"","cta_link":"shopify:\/\/collections\/mens-mountain-bike","make_block_clickable":false,"show_secondary_button":false,"cta_2":"Secondary Action","cta_link_2":""}},"feature_UzmitX":{"type":"feature","settings":{"background_image":"shopify:\/\/shop_images\/BikePIF25TrailCA1498-1365x2048-31fd4c5_1.jpg","headline":"<strong>WOMEN'S<\/strong>","cta":"","cta_link":"shopify:\/\/collections\/womens-mountain-bike","make_block_clickable":true,"show_secondary_button":false,"cta_2":"Secondary Action","cta_link_2":""}}},"block_order":["feature_9ihatD","feature_UzmitX"],"name":"🚀 Feature Grid","settings":{"override_fonts":false,"headline_font":"system_ui_n4","text_font":"system_ui_n4","override_text_sizes":true,"text_size":15,"mobile_text_size":15,"text_line_height":"1.5","headline_size":48,"mobile_headline_size":40,"headline_line_height":"1.2","override_text_colors":true,"text_color":"#000000","link_color":"#005bd3","show_on_device":"all","section_background_color":"linear-gradient(127deg, rgba(248, 246, 241, 1) 11%, rgba(248, 246, 241, 1) 81%)","section_background_image_color":"","section_background_size":"cover","mobile_section_background_image_color":"","mobile_section_background_size":"cover","section_padding_top_bottom":50,"mobile_section_padding_top_bottom":25,"section_padding_left_right":25,"mobile_section_padding_left_right":25,"container_background_color":"","container_max_width":1000,"container_padding_top_bottom":10,"mobile_container_padding_top_bottom":10,"container_padding_left_right":10,"mobile_container_padding_left_right":10,"element_spacing":15,"container_radius":0,"container_shadow":false,"container_border_size":0,"container_border_color":"#888888","feature_text_color":"#ffffff","feature_text_size":20,"feature_mobile_text_size":20,"feature_show_text_shadow":true,"gap":20,"cover_background":"linear-gradient(164deg, rgba(17, 17, 17, 1), rgba(85, 85, 85, 1) 100%)","cover_opacity":15,"media_aspect_ratio":"1 \/ 1","media_aspect_ratio_mobile":"1 \/ 1","media_radius":30,"media_shadow":false,"mobile_display":"stacked","mobile_columns":"1fr","progress_background_color":"linear-gradient(177deg, rgba(17, 17, 17, .25) 3%, rgba(17, 17, 17, 0.25) 100%)","progress_foreground_color":"linear-gradient(177deg, rgba(17, 17, 17, 1) 3%, rgba(17, 17, 17, 1) 100%)","indicator_color":"#111111","enable_autoplay":true,"autoplay_time":"5000","button_padding_tb":10,"button_padding_lr":25,"button_border_radius":5,"button_border_size":0,"button_border_color":"#111111","button_background_color":"linear-gradient(164deg, rgba(17, 17, 17, 1), rgba(51, 51, 51, 1) 100%)","button_text_color":"#ffffff","button_background_color_2":"linear-gradient(164deg, rgba(17, 17, 17, 1), rgba(51, 51, 51, 1) 100%)","button_text_color_2":"#ffffff","text_alignment":"center","mobile_text_alignment":"center","headline":"<strong>FIND YOUR TRAIL<\/strong>","text":"","headline_spacing":15}},"sp_faq_gXMXdE":{"type":"sp-faq","blocks":{"question_Ani7tr":{"type":"question","settings":{"question":"Which line is right for my riding—Summit, Elevate, or Canyon?","answer":"<p><strong>Summit:<\/strong> Big-mountain minimal. Weather protection and durability for high-consequence days.<br\/><br\/><strong>Elevate:<\/strong> Light, fast, heat-managing for speed and long efforts.<br\/><br\/><strong>Canyon:<\/strong> Everyday trail grit—relaxed, durable, and ready for anything after work or all weekend.<\/p>","is_open":true}},"question_c3dwxc":{"type":"question","settings":{"question":"How do the fits differ?","answer":"<p><strong>Elevate:<\/strong> Streamlined and close to body for speed; still moves with you.<br\/><br\/><strong>Summit:<\/strong> Articulated, pedal-smart with room for layers and pads.<br\/><br\/><strong>Canyon:<\/strong> Relaxed on-bike fit—low noise, no flap, all comfort.<\/p>","is_open":false}},"question_At7Vnc":{"type":"question","settings":{"question":"What should I wear under trail shorts?","answer":"<p>Pair shorts with a breathable liner or bib short featuring a chamois for long-ride comfort. For rougher trails, add impact liners. All franchise shorts play well with knee pads—no snag zones, clean hems.<\/p>","is_open":false}},"question_7hbRD8":{"type":"question","settings":{"question":"How do these kits manage heat on climbs?","answer":"<p>We use quick-wicking fabrics, mapped ventilation, and stretch where you load power. Zippable vents on shells, open-structure jerseys, and perforated waistbands move air so you don’t have to back off.<\/p><p><\/p>","is_open":false}},"question_tgPeQq":{"type":"question","settings":{"question":"Will they hold up to crashes and brush?","answer":"<p>Yes. Abrasion-ready textiles, reinforced zones in high-wear areas, and low-noise face fabrics built to take hits from rock, root, and pack rub—ride after ride.<\/p><p><\/p>","is_open":false}},"question_4GnERr":{"type":"question","settings":{"question":"Can I mix pieces across franchises?","answer":"<p>Absolutely. Elevate next-to-skin, Summit for weather, Canyon for everyday durability—stack what the ride demands. Function over everything; build your system your way.<\/p>","is_open":false}},"question_ziyEkH":{"type":"question","settings":{"question":"How should I wash and re-proof my gear?","answer":"<p>Cold wash, mild detergent, no fabric softeners or bleach. Tumble low or hang dry. To refresh water repellency, use a DWR spray or wash-in treatment as needed, then low-heat tumble to activate.<\/p>","is_open":false}}},"block_order":["question_Ani7tr","question_c3dwxc","question_At7Vnc","question_7hbRD8","question_tgPeQq","question_4GnERr","question_ziyEkH"],"name":"🚀 FAQ","settings":{"override_fonts":false,"headline_font":"system_ui_n4","text_font":"system_ui_n4","override_text_sizes":true,"text_size":15,"mobile_text_size":15,"text_line_height":"1.5","headline_size":48,"mobile_headline_size":40,"headline_line_height":"1.2","override_text_colors":true,"text_color":"#000000","link_color":"#005bd3","show_on_device":"all","section_background_color":"linear-gradient(127deg, rgba(255, 255, 255, 1) 11%, rgba(255, 255, 255, 1) 81%)","section_background_image_color":"","section_background_size":"cover","mobile_section_background_image_color":"","mobile_section_background_size":"cover","section_padding_top_bottom":50,"mobile_section_padding_top_bottom":40,"section_padding_left_right":25,"mobile_section_padding_left_right":25,"container_background_color":"","container_max_width":1200,"container_padding_top_bottom":10,"mobile_container_padding_top_bottom":10,"container_padding_left_right":10,"mobile_container_padding_left_right":10,"element_spacing":15,"container_radius":0,"container_shadow":false,"container_border_size":0,"container_border_color":"#888888","question_text_size":25,"question_color":"#000000","answer_color":"#444444","text_alignment":"center","mobile_text_alignment":"center","headline":"<strong>MOUNTAIN BIKE FAQs<\/strong>","text":"","headline_spacing":15}}},"order":["sp_hero_6CJB8L","sp_hero_FmPcjH","sp_hero_g7gtrb","sp_hero_66qdwC","sp_card_grid_XCfNDK","sp_hero_DPURYA","sp_card_grid_YyAPGM","sp_hero_pUdrBr","sp_card_grid_BApVGh","sp_feature_grid_c9mh8b","sp_faq_gXMXdE"]}