{"sections":{"fw_fonts_styles_XgyNxH":{"type":"fw-fonts-styles","settings":{"fw_fonts_styles":true}},"fw_hero_banner_KUQyQQ":{"type":"fw-hero-banner","settings":{"content_alignment":"center","background_type":"video","background_image":"shopify:\/\/shop_images\/BikePI-F21-Mens-Road-Aspen-5548-2000x1333-282f2dd.webp","video":"shopify:\/\/files\/videos\/Sequence 14_3_compressed.mp4","sub_title":"","title":"built to power every pedal stroke","text":"","button_label":"shop all cycling shoes","button_link":"shopify:\/\/collections\/cycling-shoes"}},"fw_grid_mxcH6b":{"type":"fw-grid","blocks":{"image_a7LEJ6":{"type":"image","settings":{"image":"shopify:\/\/shop_images\/BikePI-S25-Road-TU_504_1.jpg"}},"text_bkTDyE":{"type":"text","settings":{"title_size":"small","title":"Road. Gravel. Trail. Studio.","text":"<p>Every ride starts here.  Power, control, and connection start at your feet. Whether you’re chasing miles, dirt, or new terrain, this guide breaks down cleats, styles, and features—so you can choose the right shoe for the way you ride. No fluff. Just the facts that matter.<\/p>","button_label":"","button_link":"","show_features":"no","feature_1_text":"Feature 1 text","feature_2_text":"Feature 2 text","feature_3_text":"Feature 3 text","feature_4_text":"Feature 4 text"}}},"block_order":["image_a7LEJ6","text_bkTDyE"],"settings":{"text_position_mobile":"top"}},"fw_visual_features_yBYW8q":{"type":"fw-visual-features","blocks":{"visual_feature_yhgjP7":{"type":"visual_feature","settings":{"heading":"OUTSOLE MATERIALS","text":"<p>Stiffness drives power. Road shoes maximize efficiency, while MTB and gravel soles blend stiffness with flex for hike-a-bike grip and off-road feel.<\/p>","bg_image":"shopify:\/\/shop_images\/ff55e44a7df706e91c7ad9d16482288fb88c10d9_1000x_2.jpg"}},"visual_feature_QidGRD":{"type":"visual_feature","settings":{"heading":"CLOSURE SYSTEMS","text":"<p>BOA® dials, offer micro-adjustability and even pressure. Velcro® is quick and simple. Laces offer retro style and customization.<\/p>","bg_image":"shopify:\/\/shop_images\/Expedition_Pro_shoe_blue.jpg"}},"visual_feature_6gPAr3":{"type":"visual_feature","settings":{"heading":"UPPER MATERIALS","text":"<p>From perforated synthetics to stretch-knit blends, the upper controls how your shoe fits, flexes, and breathes. Choose right, and it stays out of your way—mile after mile.<\/p>","bg_image":"shopify:\/\/shop_images\/ff55e44a7df706e91c7ad9d16482288fb88c10d9_1000x_1.jpg"}},"visual_feature_tGA9UG":{"type":"visual_feature","settings":{"heading":"WALKABILITY","text":"<p>Not every ride stays on the pedals. MTB, gravel, and studio shoes feature traction-enhancing outsoles for hike-a-bike sections, café stops, or studio transitions. Choose walkable shoes if your ride includes off-bike moments.<\/p>","bg_image":"shopify:\/\/shop_images\/d16482288fb88c10d9_1000x_1.jpg"}}},"block_order":["visual_feature_yhgjP7","visual_feature_QidGRD","visual_feature_6gPAr3","visual_feature_tGA9UG"],"settings":{"heading":"EVERY WATT STARTS HERE","copy":"<p>Your shoes are more than gear—they’re the link between power and motion. The wrong pair holds you back. The right ones disappear beneath you, turning effort into speed and trail into flow. Choose wisely.<\/p>"}},"fw_product_families_slider_RDTgy9":{"type":"fw-product-families-slider","blocks":{"slide_bmkjNd":{"type":"slide","settings":{"slide_title":"Road","background_image":"shopify:\/\/shop_images\/Rectangle_3983.jpg","product_image":"shopify:\/\/shop_images\/ab771db6af72e164102ca24cb3f8176311a55608_48a442bf-a548-484d-a1ce-961e8447f2fc.png","subtitle":"pro road shoe","heading":"BUILT FOR BIG EFFORTS","description":"<p>Comfort that locks in. Power that won’t quit. The PRO Road Shoe blends a dialed fit with serious performance for riders who put in real miles.\u2028<\/p><p>A seamless upper made from perforated synthetic leather keeps things light and breathable. Twin BOA® dials let you tweak the fit on the fly, and soft lace guides keep pressure off the top of your foot. Underneath, a stiff carbon sole puts power straight into the pedals—no wasted effort, just smooth speed. And with a supportive footbed built for long rides, you’ll stay fresh from first push to final sprint.<\/p>","link_one_url":"https:\/\/www.pearlizumi.com\/products\/mens-pro-road-shoes-15182302?variant=42008154407083","link_one_text":"Shop Men's","link_two_url":"https:\/\/www.pearlizumi.com\/products\/womens-pro-road-shoes-15282301?variant=51774106206573","link_two_text":"Shop Women's","sub_slider_heading":""}},"sub_slide_ThXHp7":{"type":"sub_slide","settings":{"product_image":"shopify:\/\/shop_images\/MENS-ATTACK-ROAD.png","product_url":"https:\/\/www.pearlizumi.com\/collections\/cycling-shoes\/products\/mens-attack-road-shoes-15182303?variant=41958653722795","product_name":"MEN’S ATTACK ROAD","cta_text":"Shop Collection"}},"sub_slide_hTMNBC":{"type":"sub_slide","settings":{"product_image":"shopify:\/\/shop_images\/women_s-attack-road.png","product_url":"https:\/\/www.pearlizumi.com\/products\/womens-attack-road-shoes-15282302?variant=41958678986923","product_name":"women’s attack road","cta_text":"Shop Collection"}},"sub_slide_WA3fda":{"type":"sub_slide","settings":{"product_image":"shopify:\/\/shop_images\/PRO-AIR.png","product_url":"https:\/\/www.pearlizumi.com\/products\/pro-air-shoes-15182301?variant=41958670631083","product_name":"PRO AIR","cta_text":"Shop Collection"}},"sub_slide_UVLn3q":{"type":"sub_slide","settings":{"product_image":"shopify:\/\/shop_images\/MEN_S-quest-road.png","product_url":"https:\/\/www.pearlizumi.com\/products\/mens-quest-road-shoes-15182004?variant=40648532033707","product_name":"MEN’S quest road","cta_text":"Shop Collection"}},"sub_slide_Vayzyt":{"type":"sub_slide","settings":{"product_image":"shopify:\/\/shop_images\/Women_s-quest-road.png","product_url":"https:\/\/www.pearlizumi.com\/products\/womens-quest-road-shoes-15282003?variant=40649455665323","product_name":"Women’s quest road","cta_text":"Shop Collection"}},"slide_qFL39D":{"type":"slide","settings":{"slide_title":"gravel","background_image":"shopify:\/\/shop_images\/Rectangle_3983_9416dbbe-1a31-4765-b261-b53459a22858.jpg","product_image":"shopify:\/\/shop_images\/Expedition_Pro_shoe_blue_ed4f5555-af7e-4595-a0a6-4397f2a68e92.png","subtitle":"expedition pro shoe","heading":"the great all-rounder","description":"<p>The Expedition PRO brings road-shoe power to gravel and XC. It’s lightweight, tough, and fits like a slipper.\u2028<\/p><p>The breathable synthetic upper is smooth and streamlined with zero hot spots. Dual BOA® dials let you fine-tune the fit on the fly, and soft TX lace guides take the pressure off the top of your foot.\u2028<\/p><p>A carbon sole gives you serious stiffness, wrapped in scuff-resistant TPU to handle rough terrain. Mud-shedding tread keeps things clean when the course gets gritty. Inside, a dual-density footbed keeps your feet fresh and supported—even after big miles. Go fast. Get dirty. Repeat.<\/p>","link_one_url":"https:\/\/www.pearlizumi.com\/products\/expedition-pro-shoes-15192304?variant=44490386374827","link_one_text":"Shop Now","link_two_url":"","link_two_text":"Link 2 Text","sub_slider_heading":""}},"sub_slide_aKpwMp":{"type":"sub_slide","settings":{"product_image":"shopify:\/\/shop_images\/men_s-EXPEDITION.png","product_url":"https:\/\/www.pearlizumi.com\/products\/mens-expedition-shoes-15192305?variant=44490403184811","product_name":"men’s EXPEDITION","cta_text":"Shop Collection"}},"sub_slide_M48zff":{"type":"sub_slide","settings":{"product_image":"shopify:\/\/shop_images\/women_s-EXPEDITION.png","product_url":"https:\/\/www.pearlizumi.com\/products\/womens-expedition-shoes-15292303?variant=51774105715053","product_name":"women’s EXPEDITION","cta_text":"Shop Collection"}},"sub_slide_R7HDHn":{"type":"sub_slide","settings":{"product_image":"shopify:\/\/shop_images\/Men_s-All-Road-v5.png","product_url":"https:\/\/www.pearlizumi.com\/products\/mens-all-road-v5-shoes-15182006?variant=40647853146283","product_name":"Men's All Road v5","cta_text":"Shop Collection"}},"sub_slide_ydm9qx":{"type":"sub_slide","settings":{"product_image":"shopify:\/\/shop_images\/Women_s-All-Road-v5.png","product_url":"https:\/\/www.pearlizumi.com\/products\/womens-all-road-v5-shoes-15282007?variant=40648941568171","product_name":"Women's All Road v5","cta_text":"Shop Collection"}},"slide_k6Ff4z":{"type":"slide","settings":{"slide_title":"trail","background_image":"shopify:\/\/shop_images\/Rectangle_3983_b1abe5db-5392-4610-b87d-16f1e5310497.jpg","product_image":"shopify:\/\/shop_images\/x-Alp_Summit_d734edb3-bfcd-43ea-8305-7ca60360e5de.png","subtitle":"x-alp summit","heading":"Built for the unknown.  Trusted when it counts.","description":"<p>The X-Alp Summit is built to go wherever the trail leads—ride, hike, scramble, repeat. Named Best Bikepacking MTB Shoe by Gear Patrol, it packs performance without overthinking it.\u2028<\/p><p>We started with a stiff-but-walkable nylon composite sole and a Vibram ECOSTEP outsole for legit traction on sketchy hike-a-bike sections. The L6 BOA® dial and toe strap combo gives you a secure fit you can tweak on the fly.\u2028<\/p><p>The synthetic upper is breathable and drains fast—so creek crossings don’t mean soggy miles. And a reinforced toe box is there to take the hit when the trail throws a curveball. This is your do-it-all trail shoe. Clip in and go long.<\/p>","link_one_url":"https:\/\/www.pearlizumi.com\/products\/x-alp-summit-shoes-15192106?variant=40649877225643","link_one_text":"Shop Men's","link_two_url":"https:\/\/www.pearlizumi.com\/products\/womens-x-alp-summit-mtb-shoes-15292103?variant=51774107124077","link_two_text":"Shop Women's","sub_slider_heading":""}},"sub_slide_yxHcq7":{"type":"sub_slide","settings":{"product_image":"shopify:\/\/shop_images\/x-alp-mesa.png","product_url":"https:\/\/www.pearlizumi.com\/products\/x-alp-mesa-shoes-15392202?variant=41470212014251","product_name":"x-alp mesa","cta_text":"Shop Collection"}},"sub_slide_RK8b78":{"type":"sub_slide","settings":{"product_image":"shopify:\/\/shop_images\/Men_s-Summit.png","product_url":"https:\/\/www.pearlizumi.com\/products\/mens-summit-shoes-15192303?variant=41958672892075","product_name":"Men's Summit","cta_text":"Shop Collection"}},"sub_slide_kAmmAc":{"type":"sub_slide","settings":{"product_image":"shopify:\/\/shop_images\/women_s-summit.png","product_url":"https:\/\/www.pearlizumi.com\/products\/womens-summit-shoes-15292302?variant=41958677610667","product_name":"women’s summit","cta_text":"Shop Collection"}},"sub_slide_pKmVze":{"type":"sub_slide","settings":{"product_image":"shopify:\/\/shop_images\/Men_s-Canyon-Shoes.png","product_url":"https:\/\/www.pearlizumi.com\/products\/mens-canyon-shoes-15192408?variant=51773890265453","product_name":"Men's Canyon Shoes","cta_text":"Shop Collection"}},"sub_slide_E7wpzd":{"type":"sub_slide","settings":{"product_image":"shopify:\/\/shop_images\/expedition-pro.png","product_url":"https:\/\/www.pearlizumi.com\/collections\/mens-cycling-shoes\/products\/expedition-pro-shoes-15192304?variant=44490386505899","product_name":"expedition pro","cta_text":"Shop Collection"}},"slide_mYDc99":{"type":"slide","settings":{"slide_title":"Studio","background_image":"shopify:\/\/shop_images\/Group_38.jpg","product_image":"shopify:\/\/shop_images\/PI_Photo_Treatment_021325_Page_2_6_7037e8b6-a150-4228-bb9d-1167f13ae209.png","subtitle":"QUEST road SHOE","heading":"crush the studio session","description":"<p>Named Best Velcro Spin Shoe by Rolling Stone, the Quest Shoe is everything you need and nothing you don’t.\u2028<\/p><p>The full nylon sole delivers efficient pedaling without zapping your feet, while a mesh-bonded upper keeps airflow moving when the studio (or road) heats up. Three simple straps give you a secure, adjustable fit without the fuss.\u2028<\/p><p>Clip in with 2-bolt or 3-bolt cleats, and when it’s time to head to the locker room or coffee stop, the grippy heel bumper makes walking a breeze. Easy to wear. Easy to love. Built to get you rolling.<\/p>","link_one_url":"https:\/\/www.pearlizumi.com\/products\/mens-quest-road-shoes-15182004?variant=40648532033707","link_one_text":"Shop Men's","link_two_url":"https:\/\/www.pearlizumi.com\/products\/womens-quest-road-shoes-15282003?variant=40649455698091","link_two_text":"Shop Women's","sub_slider_heading":""}},"sub_slide_8G4kWH":{"type":"sub_slide","settings":{"product_image":"shopify:\/\/shop_images\/Men_s-All-Road-v5_5c7b62d3-30d2-4400-99ec-e79930adc303.png","product_url":"https:\/\/www.pearlizumi.com\/products\/mens-all-road-v5-shoes-15182006?variant=40647853146283","product_name":"Men's All-Road v5","cta_text":"Shop Collection"}},"sub_slide_VVHJCw":{"type":"sub_slide","settings":{"product_image":"shopify:\/\/shop_images\/women_s-All-Road-v5_8d68e4b9-914a-453f-ad69-6371fe30a764.png","product_url":"https:\/\/www.pearlizumi.com\/products\/womens-all-road-v5-shoes-15282007?variant=40648941568171","product_name":"women’s All-Road v5","cta_text":"Shop Collection"}}},"block_order":["slide_bmkjNd","sub_slide_ThXHp7","sub_slide_hTMNBC","sub_slide_WA3fda","sub_slide_UVLn3q","sub_slide_Vayzyt","slide_qFL39D","sub_slide_aKpwMp","sub_slide_M48zff","sub_slide_R7HDHn","sub_slide_ydm9qx","slide_k6Ff4z","sub_slide_yxHcq7","sub_slide_RK8b78","sub_slide_kAmmAc","sub_slide_pKmVze","sub_slide_E7wpzd","slide_mYDc99","sub_slide_8G4kWH","sub_slide_VVHJCw"],"settings":{}},"fw_shoe_diffs_77D3qh":{"type":"fw-shoe-diffs","blocks":{"shoe_m8kemd":{"type":"shoe","settings":{"shoe_image":"shopify:\/\/shop_images\/shoe-1.png","heading":"2-bolt cleats (spd)","text":"<p>Common in mountain, gravel, and indoor cycling. These cleats are made for easier walking and better off-bike versatility.<\/p>","url":"https:\/\/www.pearlizumi.com\/collections\/cycling-shoes#\/filter:tags_sub_type:Shoe$2520(2-Bolt)"}},"shoe_zKzGmE":{"type":"shoe","settings":{"shoe_image":"shopify:\/\/shop_images\/shoe-2.png","heading":"3-bolt cleats","text":"<p>Primarily used in road cycling. They offer a wide platform for efficient power transfer, but are not walk-friendly.<\/p>","url":"https:\/\/www.pearlizumi.com\/collections\/cycling-shoes#\/filter:tags_sub_type:Shoe$2520(3-Bolt)"}},"shoe_tbdBM9":{"type":"shoe","settings":{"shoe_image":"shopify:\/\/shop_images\/shoe-3.png","heading":"flat pedals","text":"<p>No cleats required. Preferred by downhill and casual riders who value freedom of movement and easy dismounting.<\/p>","url":"https:\/\/www.pearlizumi.com\/collections\/cycling-shoes#\/filter:tags_sub_type:Shoe$2520(Flat)"}}},"block_order":["shoe_m8kemd","shoe_zKzGmE","shoe_tbdBM9"],"settings":{"heading":"What’s the difference?"}},"fw_faq_accordion_KMN7Wd":{"type":"fw-faq-accordion","blocks":{"faq_item_tw9eWp":{"type":"faq_item","settings":{"question":"Which cleat system do I need: 2-bolt or 3-bolt?","answer":"<p>It depends on how you ride:<\/p><ul><li><strong>2-bolt cleats (SPD style)<\/strong> are great for <em>gravel, mountain biking, commuting,<\/em> and rides where you’ll walk off the bike. They’re easy to walk in and super versatile.<br\/><br\/>→ Try: <strong>Expedition PRO<\/strong>, <strong>Expedition<\/strong>, <strong>X-Alp Summit<\/strong>, <strong>X-Alp Canyon<\/strong>, <strong>Rove<\/strong> (flat pedal).<\/li><li><strong>3-bolt cleats<\/strong> are made for <em>road cycling<\/em> and <em>max power transfer<\/em> on pavement. Perfect if you’re focused on speed and efficiency.<br\/><br\/>→ Try: <strong>Pro Air<\/strong>, <strong>Attack<\/strong>, <strong>Quest Road<\/strong>.<\/li><\/ul><p><strong>Quick tip:<\/strong> All our shoes list which cleat system they use — so you can shop with confidence.<\/p>"}},"faq_item_WdYNik":{"type":"faq_item","settings":{"question":"Can I use the same shoes for different types of riding?","answer":"<p>You can — it depends on what kind of riding you’re doing:<\/p><ul><li><strong>Gravel, mountain biking & commuting:<\/strong> Many <em>2-bolt<\/em> shoes work great across these styles. If you want one pair for everything from trail rides to city errands, try versatile options like:<br\/><br\/>→ <strong>Expedition<\/strong>, <strong>X-Alp Summit<\/strong>, <strong>X-Alp Canyon<\/strong>, <strong>Rove<\/strong>.<\/li><li><strong>Road cycling:<\/strong> <em>3-bolt<\/em> road shoes are more specialized — they shine on pavement but aren’t great for walking or off-road. If you mostly ride road, stick with:<br\/><br\/>→ <strong>Pro Air<\/strong>, <strong>Attack<\/strong>, <strong>Quest Road<\/strong>.<\/li><\/ul><p><strong>Quick tip:<\/strong> If you want max flexibility, choose a <em>2-bolt compatible shoe<\/em> — it gives you the freedom to ride gravel, trails, and road with ease.<\/p>"}},"faq_item_9EkUd6":{"type":"faq_item","settings":{"question":"What makes a shoe “gravel-ready”?","answer":"<p>Gravel-ready shoes are built for <em>adventure riding<\/em> — mixing pavement, dirt, and everything in between:<\/p><ul><li><strong>Grippy soles:<\/strong> Designed for off-bike sections — think dirt, mud, or hike-a-bike moments.<\/li><li><strong>2-bolt cleat compatibility:<\/strong> Lets you clip in for efficiency, but still walk comfortably.<\/li><li><strong>Durable uppers:<\/strong> Built to handle dust, debris, and rougher conditions than pure road shoes.<\/li><li><strong>Comfort for long rides:<\/strong> Tuned for all-day adventures, not just fast laps.<\/li><\/ul><p><strong>Pearl Izumi gravel-ready favorites:<\/strong><br\/><br\/>→ <strong>Expedition PRO<\/strong>, <strong>Expedition<\/strong>, <strong>X-Alp Summit<\/strong>, <strong>Rove<\/strong>.<br\/><strong>Pro tip:<\/strong> Gravel shoes also work great for bikepacking, touring, and mixed-terrain rides.<\/p>"}}},"block_order":["faq_item_tw9eWp","faq_item_WdYNik","faq_item_9EkUd6"],"settings":{"title":"YOU’VE GOT QUESTIONS.WE’VE GOT ANSWERS.","bg_color":"#ffffff","font_color":"#000000"}},"fw_vibe_image_3NkRzY":{"type":"fw-vibe-image","disabled":true,"settings":{}}},"order":["fw_fonts_styles_XgyNxH","fw_hero_banner_KUQyQQ","fw_grid_mxcH6b","fw_visual_features_yBYW8q","fw_product_families_slider_RDTgy9","fw_shoe_diffs_77D3qh","fw_faq_accordion_KMN7Wd","fw_vibe_image_3NkRzY"]}