{"sections":{"sp_hero_6CJB8L":{"type":"sp-hero","custom_css":[".spro-container a.spro-cta {border: 2px solid #ffffff;}",".spro-container a.spro-cta:hover {border: 2px solid #000000; transform: translateY(0px);}",".spro-headline {padding: 0 50px 0 0;}",".spro-container > .spro-grid {margin-left: 100px;}","p strong {font-size: 30px;}"],"name":"🚀 Main Hero","settings":{"override_fonts":false,"headline_font":"system_ui_n4","text_font":"system_ui_n4","override_text_sizes":true,"text_size":16,"mobile_text_size":15,"text_line_height":"1.5","headline_size":58,"mobile_headline_size":40,"headline_line_height":"1.2","override_text_colors":true,"text_color":"#ffffff","link_color":"#005bd3","show_on_device":"desktop","section_background_color":"linear-gradient(127deg, rgba(241, 246, 251, 1) 11%, rgba(241, 246, 251, 1) 81%)","section_background_image_color":"","section_background_size":"cover","mobile_section_background_image_color":"","mobile_section_background_size":"cover","section_padding_top_bottom":0,"mobile_section_padding_top_bottom":0,"section_padding_left_right":0,"mobile_section_padding_left_right":0,"container_background_color":"","container_max_width":10000,"container_padding_top_bottom":0,"mobile_container_padding_top_bottom":10,"container_padding_left_right":0,"mobile_container_padding_left_right":10,"element_spacing":15,"container_radius":0,"container_shadow":false,"container_border_size":0,"container_border_color":"#888888","grid_padding_tb":225,"grid_padding_lr":0,"show_text_shadow":true,"cover_background":"linear-gradient(164deg, rgba(17, 17, 17, 1), rgba(0, 0, 0, 1) 100%)","cover_opacity":15,"box_alignment":"left","button_background_color":"linear-gradient(164deg, rgba(255, 255, 255, 1), rgba(255, 255, 255, 1) 100%)","button_text_color":"#000000","button_padding_tb":10,"button_padding_lr":25,"button_border_radius":50,"text_alignment":"left","mobile_text_alignment":"center","headline":"<strong>FIT & SIZE GUIDES<\/strong>","content":"<p><strong><br\/><\/strong>Good fit is always important, but maybe never more so than in the types of clothing we make. Ultimately the balance of comfort & performance in the saddle rely on making your fit right, so were happy to provide you with this comprehensive guide.<\/p>","cta":"","cta_link":"","hero_image":"shopify:\/\/shop_images\/download_2.webp","image_size":20000,"mobile_image_size":800}},"sp_hero_FmPcjH":{"type":"sp-hero","custom_css":[".spro-container a.spro-cta {border: 2px solid #ffffff;}",".spro-container a.spro-cta:hover {border: 2px solid #000000; transform: translateY(0px);}",".spro-headline {padding: 0 0 0 10px;}",".spro-container > .spro-grid {margin-right: 80px;}"],"name":"🚀 Main Hero (Mobile)","settings":{"override_fonts":false,"headline_font":"system_ui_n4","text_font":"system_ui_n4","override_text_sizes":true,"text_size":16,"mobile_text_size":15,"text_line_height":"1.5","headline_size":58,"mobile_headline_size":40,"headline_line_height":"1.2","override_text_colors":true,"text_color":"#ffffff","link_color":"#005bd3","show_on_device":"mobile","section_background_color":"linear-gradient(127deg, rgba(241, 246, 251, 1) 11%, rgba(241, 246, 251, 1) 81%)","section_background_image_color":"","section_background_size":"cover","mobile_section_background_image_color":"","mobile_section_background_size":"cover","section_padding_top_bottom":0,"mobile_section_padding_top_bottom":0,"section_padding_left_right":0,"mobile_section_padding_left_right":0,"container_background_color":"","container_max_width":10000,"container_padding_top_bottom":0,"mobile_container_padding_top_bottom":0,"container_padding_left_right":0,"mobile_container_padding_left_right":0,"element_spacing":15,"container_radius":0,"container_shadow":false,"container_border_size":0,"container_border_color":"#888888","grid_padding_tb":150,"grid_padding_lr":5,"show_text_shadow":true,"cover_background":"linear-gradient(164deg, rgba(17, 17, 17, 1), rgba(0, 0, 0, 1) 100%)","cover_opacity":15,"box_alignment":"left","button_background_color":"linear-gradient(164deg, rgba(255, 255, 255, 1), rgba(255, 255, 255, 1) 100%)","button_text_color":"#000000","button_padding_tb":10,"button_padding_lr":15,"button_border_radius":50,"text_alignment":"center","mobile_text_alignment":"left","headline":"<strong>FIT & SIZE GUIDES<\/strong>","content":"<p>Good fit is always important, but maybe never more so than in the types of clothing we make. Ultimately the balance of comfort & performance in the saddle rely on making your fit right, so were happy to provide you with this comprehensive guide.<\/p>","cta":"","cta_link":"","hero_image":"shopify:\/\/shop_images\/download_2.webp","image_size":0,"mobile_image_size":800}},"sp_masonry_eBtbw7":{"type":"sp-masonry","blocks":{"image_T3khyQ":{"type":"image","settings":{"image":"shopify:\/\/shop_images\/download_3.avif","link":""}},"image_Wiyxfw":{"type":"image","settings":{"image":"shopify:\/\/shop_images\/download_4.avif","link":""}}},"block_order":["image_T3khyQ","image_Wiyxfw"],"name":"🚀 Masonry","settings":{"override_fonts":false,"headline_font":"system_ui_n4","text_font":"system_ui_n4","override_text_sizes":false,"text_size":15,"mobile_text_size":15,"text_line_height":"inherit","headline_size":40,"mobile_headline_size":40,"headline_line_height":"inherit","override_text_colors":false,"text_color":"#111","link_color":"#005bd3","show_on_device":"all","section_background_color":"linear-gradient(127deg, rgba(241, 246, 251, 1) 11%, rgba(241, 246, 251, 1) 81%)","section_background_image_color":"","section_background_size":"cover","mobile_section_background_image_color":"","mobile_section_background_size":"cover","section_padding_top_bottom":25,"mobile_section_padding_top_bottom":25,"section_padding_left_right":25,"mobile_section_padding_left_right":25,"container_background_color":"","container_max_width":10000,"container_padding_top_bottom":10,"mobile_container_padding_top_bottom":10,"container_padding_left_right":10,"mobile_container_padding_left_right":10,"element_spacing":15,"container_radius":0,"container_shadow":false,"container_border_size":0,"container_border_color":"#888","columns":"2","grid_gap":10,"image_width":1000,"mobile_image_width":600,"enable_zoom":false,"big_play_pause_button":true,"media_radius":5,"media_shadow":true,"text_alignment":"center","mobile_text_alignment":"center","headline":"<strong>MEN'S & WOMEN'S FIT GUIDES<\/strong>","text":"","headline_spacing":15}},"sp_masonry_nNnfpR":{"type":"sp-masonry","blocks":{"image_7kbYTJ":{"type":"image","settings":{"image":"shopify:\/\/shop_images\/download_7.avif","link":""}},"image_4Hym9N":{"type":"image","settings":{"image":"shopify:\/\/shop_images\/download_9.avif","link":""}},"image_KzGHcR":{"type":"image","settings":{"image":"shopify:\/\/shop_images\/download_8.avif","link":""}},"image_ACVAVj":{"type":"image","settings":{"image":"shopify:\/\/shop_images\/download_10.avif","link":""}}},"block_order":["image_7kbYTJ","image_4Hym9N","image_KzGHcR","image_ACVAVj"],"name":"🚀 Masonry","settings":{"override_fonts":false,"headline_font":"system_ui_n4","text_font":"system_ui_n4","override_text_sizes":false,"text_size":15,"mobile_text_size":15,"text_line_height":"inherit","headline_size":40,"mobile_headline_size":40,"headline_line_height":"inherit","override_text_colors":false,"text_color":"#111","link_color":"#005bd3","show_on_device":"all","section_background_color":"linear-gradient(127deg, rgba(241, 246, 251, 1) 11%, rgba(241, 246, 251, 1) 81%)","section_background_image_color":"","section_background_size":"cover","mobile_section_background_image_color":"","mobile_section_background_size":"cover","section_padding_top_bottom":25,"mobile_section_padding_top_bottom":25,"section_padding_left_right":25,"mobile_section_padding_left_right":25,"container_background_color":"","container_max_width":750,"container_padding_top_bottom":10,"mobile_container_padding_top_bottom":10,"container_padding_left_right":10,"mobile_container_padding_left_right":10,"element_spacing":15,"container_radius":0,"container_shadow":false,"container_border_size":0,"container_border_color":"#888","columns":"1","grid_gap":10,"image_width":750,"mobile_image_width":600,"enable_zoom":false,"big_play_pause_button":true,"media_radius":5,"media_shadow":true,"text_alignment":"center","mobile_text_alignment":"center","headline":"<strong>MEN'S & WOMEN'S SIZE GUIDES<\/strong>","text":"","headline_spacing":15}},"sp_faq_gXMXdE":{"type":"sp-faq","blocks":{"question_Ani7tr":{"type":"question","settings":{"question":"How long does a chamois last?","answer":"<p>Its simple really. You just add the questions as blocks and then you edit the question and answer.<\/p>","is_open":true}},"question_c3dwxc":{"type":"question","settings":{"question":"What makes PEARL iZUMi different?","answer":"<p>(THIS IS FILLER TEXT) Our 3L Windproof Membrane, know as AmFIB®, is your go-to for frigid rides. It combines a 0 CFM windproof rating with insulating fleece and Pi DryTM for water resistance. This makes it ideal for long winter road rides, snowy gravel adventures, or commutes where you’re exposed for extended periods in sub-freezing temps. Explore this option under AmFIB technology.<\/p>","is_open":false}},"question_At7Vnc":{"type":"question","settings":{"question":"Do I need bibs or shorts?","answer":"<p>Its simple really. You just add the questions as blocks and then you edit the question and answer.<\/p>","is_open":false}},"question_7hbRD8":{"type":"question","settings":{"question":"How do I care for my chamois?","answer":"<p>Its simple really. You just add the questions as blocks and then you edit the question and answer.<\/p>","is_open":false}}},"block_order":["question_Ani7tr","question_c3dwxc","question_At7Vnc","question_7hbRD8"],"name":"🚀 FAQ","settings":{"override_fonts":false,"headline_font":"system_ui_n4","text_font":"system_ui_n4","override_text_sizes":true,"text_size":15,"mobile_text_size":15,"text_line_height":"1.5","headline_size":48,"mobile_headline_size":40,"headline_line_height":"1.2","override_text_colors":true,"text_color":"#000000","link_color":"#005bd3","show_on_device":"all","section_background_color":"linear-gradient(127deg, rgba(255, 255, 255, 1) 11%, rgba(255, 255, 255, 1) 81%)","section_background_image_color":"","section_background_size":"cover","mobile_section_background_image_color":"","mobile_section_background_size":"cover","section_padding_top_bottom":50,"mobile_section_padding_top_bottom":40,"section_padding_left_right":25,"mobile_section_padding_left_right":25,"container_background_color":"","container_max_width":1200,"container_padding_top_bottom":10,"mobile_container_padding_top_bottom":10,"container_padding_left_right":10,"mobile_container_padding_left_right":10,"element_spacing":15,"container_radius":0,"container_shadow":false,"container_border_size":0,"container_border_color":"#888888","question_text_size":25,"question_color":"#000000","answer_color":"#444444","text_alignment":"center","mobile_text_alignment":"center","headline":"<strong>CHAMOIS FAQs<\/strong>","text":"","headline_spacing":15}}},"order":["sp_hero_6CJB8L","sp_hero_FmPcjH","sp_masonry_eBtbw7","sp_masonry_nNnfpR","sp_faq_gXMXdE"]}