{"sections":{"sp_hero_6CJB8L":{"type":"sp-hero","custom_css":[".spro-container a.spro-cta {border: 2px solid #ffffff;}",".spro-container a.spro-cta:hover {border: 2px solid #000000; transform: translateY(0px);}",".spro-headline {padding: 0 50px 0 0;}",".spro-container > .spro-grid {margin-left: 150px;}"],"name":"🚀 Hero","settings":{"override_fonts":false,"headline_font":"sans-serif","text_font":"sans-serif","override_text_sizes":true,"text_size":16,"mobile_text_size":15,"text_line_height":"1.5","headline_size":58,"mobile_headline_size":40,"headline_line_height":"1.2","override_text_colors":true,"text_color":"#ffffff","link_color":"#005bd3","show_on_device":"desktop","section_background_color":"linear-gradient(127deg, rgba(241, 246, 251, 1) 11%, rgba(241, 246, 251, 1) 81%)","section_background_image_color":"","section_background_size":"cover","mobile_section_background_image_color":"","mobile_section_background_size":"cover","section_padding_top_bottom":0,"mobile_section_padding_top_bottom":0,"section_padding_left_right":0,"mobile_section_padding_left_right":0,"container_background_color":"","container_max_width":10000,"container_padding_top_bottom":0,"mobile_container_padding_top_bottom":10,"container_padding_left_right":0,"mobile_container_padding_left_right":10,"element_spacing":15,"container_radius":0,"container_shadow":false,"container_border_size":0,"container_border_color":"#888888","grid_padding_tb":225,"grid_padding_lr":0,"show_text_shadow":true,"cover_background":"linear-gradient(164deg, rgba(17, 17, 17, 1), rgba(0, 0, 0, 1) 100%)","cover_opacity":15,"box_alignment":"left","button_background_color":"linear-gradient(164deg, rgba(255, 255, 255, 1), rgba(255, 255, 255, 1) 100%)","button_text_color":"#000000","button_padding_tb":10,"button_padding_lr":25,"button_border_radius":50,"text_alignment":"left","mobile_text_alignment":"center","headline":"<strong>BUILT TO PERFORM WHEREVER YOU RIDE<\/strong>","content":"<p>From logging tarmac miles to ripping flowy singletrack, our gear is designed to elevate every ride.<\/p>","cta":"SHOP MEN'S","cta_link":"shopify:\/\/collections\/mens","hero_image":"shopify:\/\/shop_images\/MENS_HERO.jpg","image_size":2000,"mobile_image_size":800}},"sp_hero_FmPcjH":{"type":"sp-hero","custom_css":[".spro-container a.spro-cta {border: 2px solid #ffffff;}",".spro-container a.spro-cta:hover {border: 2px solid #000000; transform: translateY(0px);}",".spro-headline {padding: 0 0 0 10px;}",".spro-container > .spro-grid {margin-right: 90px;}"],"name":"🚀 Hero (Mobile)","settings":{"override_fonts":false,"headline_font":"sans-serif","text_font":"sans-serif","override_text_sizes":true,"text_size":16,"mobile_text_size":15,"text_line_height":"1.5","headline_size":58,"mobile_headline_size":40,"headline_line_height":"1.2","override_text_colors":true,"text_color":"#ffffff","link_color":"#005bd3","show_on_device":"mobile","section_background_color":"linear-gradient(127deg, rgba(241, 246, 251, 1) 11%, rgba(241, 246, 251, 1) 81%)","section_background_image_color":"","section_background_size":"cover","mobile_section_background_image_color":"","mobile_section_background_size":"cover","section_padding_top_bottom":0,"mobile_section_padding_top_bottom":0,"section_padding_left_right":0,"mobile_section_padding_left_right":0,"container_background_color":"","container_max_width":10000,"container_padding_top_bottom":0,"mobile_container_padding_top_bottom":0,"container_padding_left_right":0,"mobile_container_padding_left_right":0,"element_spacing":15,"container_radius":0,"container_shadow":false,"container_border_size":0,"container_border_color":"#888888","grid_padding_tb":150,"grid_padding_lr":5,"show_text_shadow":true,"cover_background":"linear-gradient(164deg, rgba(17, 17, 17, 1), rgba(0, 0, 0, 1) 100%)","cover_opacity":15,"box_alignment":"left","button_background_color":"linear-gradient(164deg, rgba(255, 255, 255, 1), rgba(255, 255, 255, 1) 100%)","button_text_color":"#000000","button_padding_tb":15,"button_padding_lr":30,"button_border_radius":50,"text_alignment":"center","mobile_text_alignment":"left","headline":"<strong>BUILT TO PERFORM WHEREVER YOU RIDE<\/strong>","content":"<p>From logging tarmac miles to ripping flowy singletrack, our gear is designed to elevate every ride.<\/p>","cta":"SHOP MEN'S","cta_link":"shopify:\/\/collections\/mens","hero_image":"shopify:\/\/shop_images\/mobile_hero_e32f4dbe-76a9-417d-a16f-80a08c50e90a.jpg","image_size":0,"mobile_image_size":800}},"sp_card_grid_GtnayR":{"type":"sp-card-grid","blocks":{"feature_MxQeG3":{"type":"feature","settings":{"background_image":"shopify:\/\/shop_images\/MENS_JERSEYS.jpg","headline":"<strong>JERSEYS<\/strong>","description":"Cool, comfortable, and ready for anything. Ride-long fit, season-long performance.","cta":"Shop Now","cta_link":"shopify:\/\/collections\/mens-cycling-jerseys","open_in_blank":false}},"feature_M367nx":{"type":"feature","settings":{"background_image":"shopify:\/\/shop_images\/MENS_SHORTS_BIBS.jpg","headline":"<strong>SHORTS & BIBS<\/strong>","description":"From quick spins to all-day grinds - comfort that lasts.","cta":"Shop Now","cta_link":"shopify:\/\/collections\/mens-cycling-shorts-bib-shorts","open_in_blank":false}},"feature_yPDnwV":{"type":"feature","settings":{"background_image":"shopify:\/\/shop_images\/MENS_FOOTWEAR.jpg","headline":"<strong>FOOTWEAR<\/strong>","description":"Power, grip, and comfort—built for every ride.","cta":"Shop Now","cta_link":"shopify:\/\/collections\/mens-cycling-shoes","open_in_blank":false}},"feature_Ntr9AJ":{"type":"feature","settings":{"background_image":"shopify:\/\/shop_images\/MENS_OUTERWEAR.jpg","headline":"<strong>OUTERWEAR<\/strong>","description":"Weatherproof layers built to move, breathe, and never back down.","cta":"Shop Now","cta_link":"shopify:\/\/collections\/mens-cycling-jackets-vests","open_in_blank":false}}},"block_order":["feature_MxQeG3","feature_M367nx","feature_yPDnwV","feature_Ntr9AJ"],"name":"🚀 Card Grid","settings":{"override_fonts":false,"headline_font":"sans-serif","text_font":"sans-serif","override_text_sizes":true,"text_size":15,"mobile_text_size":15,"text_line_height":"1.5","headline_size":40,"mobile_headline_size":38,"headline_line_height":"1.2","override_text_colors":false,"text_color":"#111111","link_color":"#005bd3","show_on_device":"all","section_background_color":"linear-gradient(127deg, rgba(NaN, NaN, NaN, 1) 11%, rgba(241, 246, 251, 1) 81%)","section_background_image_color":"","section_background_size":"cover","mobile_section_background_image_color":"","mobile_section_background_size":"cover","section_padding_top_bottom":25,"mobile_section_padding_top_bottom":25,"section_padding_left_right":75,"mobile_section_padding_left_right":25,"container_background_color":"","container_max_width":2000,"container_padding_top_bottom":10,"mobile_container_padding_top_bottom":10,"container_padding_left_right":10,"mobile_container_padding_left_right":0,"element_spacing":15,"container_radius":0,"container_shadow":false,"container_border_size":0,"container_border_color":"#888888","columns":"auto","grid_gap":30,"card_uniform_height":true,"card_vertical_alignment":"center","make_card_clickable":true,"hide_button":true,"card_element_spacing":5,"card_padding":15,"card_text_size":13,"card_headline_size":18,"card_background_color":"rgba(0,0,0,0)","card_text_color":"#000000","card_radius":0,"card_shadow":false,"card_hover_animation":true,"show_description":true,"truncate_description":false,"truncate_length":50,"button_padding_tb":5,"button_padding_lr":5,"button_border_radius":5,"button_border_size":0,"button_border_color":"#888888","button_background_color":"linear-gradient(164deg, rgba(17, 17, 17, 1), rgba(51, 51, 51, 1) 100%)","button_text_color":"#ffffff","button_text_size":13,"media_aspect_ratio":"3 \/ 4","media_aspect_ratio_mobile":"1 \/ 1","mobile_display":"stacked","mobile_columns":"1fr","progress_background_color":"linear-gradient(177deg, rgba(17, 17, 17, .25) 3%, rgba(17, 17, 17, 0.25) 100%)","progress_foreground_color":"linear-gradient(177deg, rgba(17, 17, 17, 1) 3%, rgba(17, 17, 17, 1) 100%)","indicator_color":"#111111","enable_autoplay":true,"autoplay_time":"5000","text_alignment":"left","mobile_text_alignment":"center","headline":"<strong>TOP COLLECTIONS<\/strong>","text":"","headline_spacing":5}},"sp_card_grid_6HLXPN":{"type":"sp-card-grid","blocks":{"feature_8F9aBz":{"type":"feature","settings":{"background_image":"shopify:\/\/shop_images\/fbpcexf21kpx8xf4aotsczasenp5vqun2025-07-28_e4b4b9ca-a94a-405f-833c-1e8f59afd78a.jpg","headline":"Men's Transfer Mesh Sleeveless Baselayer","description":"Featherweight mesh that vanishes—wicks on contact, dries fast.","cta":"","cta_link":"https:\/\/www.pearlizumi.com\/products\/mens-transfer-mesh-sleeveless-baselayer-11122502?variant=51773895737709","open_in_blank":false}},"feature_YUdKCw":{"type":"feature","settings":{"background_image":"shopify:\/\/shop_images\/7ce817471d3bea9a3eebc4fadb352a5a7f0e454f_1000x_6b095e00-d2a8-4fa6-a300-1b5bf01e8a2c.webp","headline":"Men's PRO Jersey","description":"Ultralight PRO fit—low drag, high airflow, locked-in feel.","cta":"","cta_link":"https:\/\/www.pearlizumi.com\/products\/mens-pro-jersey-11122404?variant=51773933289837","open_in_blank":false}},"feature_AyjDX3":{"type":"feature","settings":{"background_image":"shopify:\/\/shop_images\/3yn7q4yl10d464snit90gkb5bh0p99b82025-07-29_1000x_45dea333-85a2-422d-85c5-58cd99bda0bc.webp","headline":"Men's Expedition Bib Shorts","description":"Cargo bibs for long miles—all-day support, gravel-tough.","cta":"","cta_link":"https:\/\/www.pearlizumi.com\/products\/mens-expedition-bib-shorts-11112502?variant=51773893280109","open_in_blank":false}},"feature_TQE9jw":{"type":"feature","settings":{"background_image":"shopify:\/\/shop_images\/mc7sijk5oq4v02fl2hcp9zzi33olmkan2025-08-21_1000x_e8c14a02-bc12-4b85-a733-826df74da096.webp","headline":"Men's Attack Hybrid Jacket","description":"Packable hybrid shell—blocks gusts, dumps heat.","cta":"","cta_link":"https:\/\/www.pearlizumi.com\/products\/mens-attack-hybrid-jacket-11132409?variant=44537209749675","open_in_blank":false}}},"block_order":["feature_8F9aBz","feature_YUdKCw","feature_AyjDX3","feature_TQE9jw"],"name":"🚀 Card Grid","settings":{"override_fonts":false,"headline_font":"sans-serif","text_font":"sans-serif","override_text_sizes":true,"text_size":15,"mobile_text_size":15,"text_line_height":"1.5","headline_size":40,"mobile_headline_size":38,"headline_line_height":"1.2","override_text_colors":false,"text_color":"#111111","link_color":"#005bd3","show_on_device":"all","section_background_color":"radial-gradient(rgba(248, 246, 241, 1), rgba(248, 246, 241, 1) 100%)","section_background_image_color":"","section_background_size":"cover","mobile_section_background_image_color":"","mobile_section_background_size":"cover","section_padding_top_bottom":25,"mobile_section_padding_top_bottom":25,"section_padding_left_right":75,"mobile_section_padding_left_right":25,"container_background_color":"","container_max_width":2000,"container_padding_top_bottom":10,"mobile_container_padding_top_bottom":10,"container_padding_left_right":10,"mobile_container_padding_left_right":0,"element_spacing":15,"container_radius":0,"container_shadow":false,"container_border_size":0,"container_border_color":"#888888","columns":"auto","grid_gap":30,"card_uniform_height":true,"card_vertical_alignment":"center","make_card_clickable":true,"hide_button":true,"card_element_spacing":5,"card_padding":15,"card_text_size":13,"card_headline_size":18,"card_background_color":"#ffffff","card_text_color":"#000000","card_radius":15,"card_shadow":true,"card_hover_animation":true,"show_description":true,"truncate_description":false,"truncate_length":50,"button_padding_tb":5,"button_padding_lr":5,"button_border_radius":5,"button_border_size":0,"button_border_color":"#888888","button_background_color":"linear-gradient(164deg, rgba(17, 17, 17, 1), rgba(51, 51, 51, 1) 100%)","button_text_color":"#ffffff","button_text_size":13,"media_aspect_ratio":"auto","media_aspect_ratio_mobile":"auto","mobile_display":"slideshow","mobile_columns":"1fr","progress_background_color":"linear-gradient(177deg, rgba(17, 17, 17, .25) 3%, rgba(17, 17, 17, 0.25) 100%)","progress_foreground_color":"linear-gradient(177deg, rgba(17, 17, 17, 1) 3%, rgba(17, 17, 17, 1) 100%)","indicator_color":"#111111","enable_autoplay":true,"autoplay_time":"5000","text_alignment":"left","mobile_text_alignment":"center","headline":"<strong>BEST SELLERS<\/strong>","text":"Don't just take our word for it–these are the gear riders are living in right now.","headline_spacing":5}},"sp_card_grid_aqh8n6":{"type":"sp-card-grid","blocks":{"feature_7r7ria":{"type":"feature","settings":{"background_image":"shopify:\/\/shop_images\/ff55e44a7df706e91c7ad9d16482288fb88c10d9_1000x_1_1.png","headline":"<strong>ROAD<\/strong>","description":"Aero-tuned apparel for high-output training, long rides and competitive days.","cta":"Shop Now","cta_link":"shopify:\/\/collections\/mens-road","open_in_blank":false}},"feature_LV6gD7":{"type":"feature","settings":{"background_image":"shopify:\/\/shop_images\/ff55e44a7df706e91c7ad9d16482288fb88c10d9_1000x_1_2.png","headline":"<strong>GRAVEL<\/strong>","description":"Rugged meets refined. Ride-ready comfort for washboards, dirt and dust.","cta":"Shop Now","cta_link":"shopify:\/\/collections\/mens-gravel-cycling","open_in_blank":false}},"feature_M3zDFJ":{"type":"feature","settings":{"background_image":"shopify:\/\/shop_images\/ff55e44a7df706e91c7ad9d16482288fb88c10d9_1000x_2.png","headline":"<strong>TRAIL<\/strong>","description":"Built for berms and flow. Trail-tough gear that moves with you.","cta":"Shop Now","cta_link":"shopify:\/\/collections\/mens-mountain-bike","open_in_blank":false}}},"block_order":["feature_7r7ria","feature_LV6gD7","feature_M3zDFJ"],"name":"🚀 Card Grid","settings":{"override_fonts":false,"headline_font":"sans-serif","text_font":"sans-serif","override_text_sizes":true,"text_size":15,"mobile_text_size":15,"text_line_height":"1.5","headline_size":40,"mobile_headline_size":40,"headline_line_height":"1.2","override_text_colors":false,"text_color":"#111111","link_color":"#005bd3","show_on_device":"all","section_background_color":"linear-gradient(127deg, rgba(NaN, NaN, NaN, 1) 11%, rgba(241, 246, 251, 1) 81%)","section_background_image_color":"","section_background_size":"cover","mobile_section_background_image_color":"","mobile_section_background_size":"cover","section_padding_top_bottom":25,"mobile_section_padding_top_bottom":25,"section_padding_left_right":200,"mobile_section_padding_left_right":25,"container_background_color":"","container_max_width":2000,"container_padding_top_bottom":10,"mobile_container_padding_top_bottom":10,"container_padding_left_right":10,"mobile_container_padding_left_right":10,"element_spacing":15,"container_radius":0,"container_shadow":false,"container_border_size":0,"container_border_color":"rgba(0,0,0,0)","columns":"auto","grid_gap":30,"card_uniform_height":true,"card_vertical_alignment":"center","make_card_clickable":true,"hide_button":true,"card_element_spacing":5,"card_padding":15,"card_text_size":13,"card_headline_size":18,"card_background_color":"rgba(0,0,0,0)","card_text_color":"#000000","card_radius":0,"card_shadow":false,"card_hover_animation":true,"show_description":true,"truncate_description":false,"truncate_length":50,"button_padding_tb":5,"button_padding_lr":5,"button_border_radius":5,"button_border_size":0,"button_border_color":"#888888","button_background_color":"linear-gradient(164deg, rgba(17, 17, 17, 1), rgba(51, 51, 51, 1) 100%)","button_text_color":"#ffffff","button_text_size":13,"media_aspect_ratio":"3 \/ 4","media_aspect_ratio_mobile":"1 \/ 1","mobile_display":"stacked","mobile_columns":"1fr","progress_background_color":"linear-gradient(177deg, rgba(17, 17, 17, .25) 3%, rgba(17, 17, 17, 0.25) 100%)","progress_foreground_color":"linear-gradient(177deg, rgba(17, 17, 17, 1) 3%, rgba(17, 17, 17, 1) 100%)","indicator_color":"#111111","enable_autoplay":true,"autoplay_time":"5000","text_alignment":"left","mobile_text_alignment":"center","headline":"","text":"","headline_spacing":5}},"sp_image_with_text_RPbVFA":{"type":"sp-image-with-text","custom_css":["a.spro-cta {border: 2px solid #000000;}","a.spro-cta:hover {color: #ffffff !important; background: #000000;}"],"name":"🚀 Image with Text","settings":{"override_fonts":false,"headline_font":"sans-serif","text_font":"sans-serif","override_text_sizes":true,"text_size":16,"mobile_text_size":15,"text_line_height":"1.5","headline_size":52,"mobile_headline_size":40,"headline_line_height":"1.2","override_text_colors":true,"text_color":"#000000","link_color":"#005bd3","show_on_device":"all","section_background_color":"linear-gradient(0deg, rgba(255, 255, 255, 1), rgba(255, 255, 255, 1) 81%)","section_background_image_color":"","section_background_size":"cover","mobile_section_background_image_color":"","mobile_section_background_size":"cover","section_padding_top_bottom":0,"mobile_section_padding_top_bottom":0,"section_padding_left_right":0,"mobile_section_padding_left_right":10,"container_background_color":"","container_max_width":10000,"container_padding_top_bottom":0,"mobile_container_padding_top_bottom":0,"container_padding_left_right":0,"mobile_container_padding_left_right":0,"element_spacing":15,"container_radius":0,"container_shadow":false,"container_border_size":0,"container_border_color":"#888888","grid_gap":0,"grid_display":"1fr 1fr","grid_vertical_alignament":"center","image_location":"left","mobile_image_location":"top","image_aspect_ratio":"4 \/ 3","border_radius":0,"media_shadow":false,"image":"shopify:\/\/shop_images\/Frame_1538232426.png","text_alignment":"left","mobile_text_alignment":"center","headline":"<strong>COLD MILES. NO EXCUSES.<\/strong>","content":"<p>Thermal layers, windproof shells, and weather-ready accessories—built to keep you fast when temps fall.<\/p>","content_padding_top_bottom":0,"mobile_content_padding_top_bottom":0,"content_padding_left_right":150,"mobile_content_padding_left_right":0,"button_background_color":"radial-gradient(rgba(0, 0, 0, 0), rgba(0, 0, 0, 0) 100%)","button_text_color":"#000000","button_text_size":15,"button_padding_tb":10,"button_padding_lr":25,"button_border_radius":50,"link_text":"SHOP NOW","link":"shopify:\/\/collections\/mens-cold-weather-cycling-gear","open_in_blank":false}},"sp_image_with_text_8dEeVB":{"type":"sp-image-with-text","custom_css":["a.spro-cta {border: 2px solid #000000;}","a.spro-cta:hover {color: #ffffff !important; background: #000000;}"],"name":"🚀 Image with Text","settings":{"override_fonts":false,"headline_font":"sans-serif","text_font":"sans-serif","override_text_sizes":true,"text_size":16,"mobile_text_size":15,"text_line_height":"1.5","headline_size":52,"mobile_headline_size":40,"headline_line_height":"1.2","override_text_colors":false,"text_color":"#111111","link_color":"#005bd3","show_on_device":"all","section_background_color":"linear-gradient(0deg, rgba(255, 255, 255, 1), rgba(255, 255, 255, 1) 81%)","section_background_image_color":"","section_background_size":"cover","mobile_section_background_image_color":"","mobile_section_background_size":"cover","section_padding_top_bottom":0,"mobile_section_padding_top_bottom":50,"section_padding_left_right":0,"mobile_section_padding_left_right":0,"container_background_color":"","container_max_width":10000,"container_padding_top_bottom":0,"mobile_container_padding_top_bottom":0,"container_padding_left_right":0,"mobile_container_padding_left_right":10,"element_spacing":15,"container_radius":0,"container_shadow":false,"container_border_size":0,"container_border_color":"#888888","grid_gap":0,"grid_display":"1fr 1fr","grid_vertical_alignament":"center","image_location":"right","mobile_image_location":"top","image_aspect_ratio":"4 \/ 3","border_radius":0,"media_shadow":false,"image":"shopify:\/\/shop_images\/Screenshot_2025-04-24_at_12.30.24_PM_2.png","text_alignment":"left","mobile_text_alignment":"center","headline":"<strong>FINISH THE KIT.<\/strong>","content":"<p>Gloves, socks, caps, and warmers that manage temp, tame sweat, and boost comfort from rollout to last climb.<\/p>","content_padding_top_bottom":0,"mobile_content_padding_top_bottom":0,"content_padding_left_right":150,"mobile_content_padding_left_right":0,"button_background_color":"linear-gradient(164deg, rgba(255, 255, 255, 1), rgba(255, 255, 255, 1) 100%)","button_text_color":"#000000","button_text_size":15,"button_padding_tb":10,"button_padding_lr":25,"button_border_radius":50,"link_text":"SHOP NOW","link":"shopify:\/\/collections\/mens-cycling-accessories","open_in_blank":false}},"sp_hero_ykVwa7":{"type":"sp-hero","custom_css":[".spro-container a.spro-cta {border: 2px solid #000000;}",".spro-container a.spro-cta:hover {color: #000000; background: transparent; border: 2px solid #000000; transform: translateY(0px);}"],"name":"🚀 Hero","settings":{"override_fonts":false,"headline_font":"sans-serif","text_font":"sans-serif","override_text_sizes":true,"text_size":15,"mobile_text_size":15,"text_line_height":"1.5","headline_size":42,"mobile_headline_size":40,"headline_line_height":"1.2","override_text_colors":true,"text_color":"#000000","link_color":"#005bd3","show_on_device":"all","section_background_color":"linear-gradient(0deg, rgba(248, 246, 241, 1) 49%, rgba(248, 246, 241, 1) 77%)","section_background_image_color":"","section_background_size":"cover","mobile_section_background_image_color":"","mobile_section_background_size":"cover","section_padding_top_bottom":0,"mobile_section_padding_top_bottom":0,"section_padding_left_right":0,"mobile_section_padding_left_right":0,"container_background_color":"","container_max_width":10000,"container_padding_top_bottom":0,"mobile_container_padding_top_bottom":0,"container_padding_left_right":0,"mobile_container_padding_left_right":0,"element_spacing":15,"container_radius":0,"container_shadow":false,"container_border_size":0,"container_border_color":"#888888","grid_padding_tb":75,"grid_padding_lr":0,"show_text_shadow":false,"cover_background":"linear-gradient(164deg, rgba(17, 17, 17, 1), rgba(0, 0, 0, 1) 100%)","cover_opacity":0,"box_alignment":"center","button_background_color":"linear-gradient(164deg, rgba(0, 0, 0, 1), rgba(0, 0, 0, 1) 100%)","button_text_color":"#ffffff","button_padding_tb":10,"button_padding_lr":25,"button_border_radius":50,"text_alignment":"center","mobile_text_alignment":"center","headline":"<strong>RIDE MORE. DO MORE.<\/strong>","content":"<p>Join our community for gear tips, first drops and stories from the saddle.<\/p>","cta":"JOIN THE RIDE","cta_link":"shopify:\/\/pages\/sms-enrollment","image_size":2000,"mobile_image_size":800}},"sp_hero_g6JDy6":{"type":"sp-hero","name":"🚀 Hero","settings":{"override_fonts":false,"headline_font":"sans-serif","text_font":"sans-serif","override_text_sizes":false,"text_size":16,"mobile_text_size":15,"text_line_height":"1.5","headline_size":58,"mobile_headline_size":40,"headline_line_height":"1.2","override_text_colors":false,"text_color":"#ffffff","link_color":"#005bd3","show_on_device":"desktop","section_background_color":"linear-gradient(127deg, rgba(241, 246, 251, 1) 11%, rgba(241, 246, 251, 1) 81%)","section_background_image_color":"","section_background_size":"cover","mobile_section_background_image_color":"","mobile_section_background_size":"cover","section_padding_top_bottom":0,"mobile_section_padding_top_bottom":0,"section_padding_left_right":0,"mobile_section_padding_left_right":0,"container_background_color":"","container_max_width":10000,"container_padding_top_bottom":0,"mobile_container_padding_top_bottom":10,"container_padding_left_right":0,"mobile_container_padding_left_right":10,"element_spacing":15,"container_radius":0,"container_shadow":false,"container_border_size":0,"container_border_color":"#888888","grid_padding_tb":150,"grid_padding_lr":0,"show_text_shadow":false,"cover_background":"linear-gradient(164deg, rgba(17, 17, 17, 1), rgba(0, 0, 0, 1) 100%)","cover_opacity":15,"box_alignment":"left","button_background_color":"linear-gradient(164deg, rgba(255, 255, 255, 1), rgba(255, 255, 255, 1) 100%)","button_text_color":"#000000","button_padding_tb":15,"button_padding_lr":30,"button_border_radius":50,"text_alignment":"left","mobile_text_alignment":"center","headline":"","content":"","cta":"","cta_link":"","hero_image":"shopify:\/\/shop_images\/Group_56-min.png","image_size":2000,"mobile_image_size":800}},"sp_hero_YeCDkg":{"type":"sp-hero","name":"🚀 Hero (Mobile)","settings":{"override_fonts":false,"headline_font":"sans-serif","text_font":"sans-serif","override_text_sizes":false,"text_size":16,"mobile_text_size":15,"text_line_height":"1.5","headline_size":58,"mobile_headline_size":40,"headline_line_height":"1.2","override_text_colors":false,"text_color":"#ffffff","link_color":"#005bd3","show_on_device":"mobile","section_background_color":"linear-gradient(127deg, rgba(241, 246, 251, 1) 11%, rgba(241, 246, 251, 1) 81%)","section_background_image_color":"","section_background_size":"cover","mobile_section_background_image_color":"","mobile_section_background_size":"cover","section_padding_top_bottom":0,"mobile_section_padding_top_bottom":0,"section_padding_left_right":0,"mobile_section_padding_left_right":0,"container_background_color":"","container_max_width":10000,"container_padding_top_bottom":0,"mobile_container_padding_top_bottom":10,"container_padding_left_right":0,"mobile_container_padding_left_right":10,"element_spacing":15,"container_radius":0,"container_shadow":false,"container_border_size":0,"container_border_color":"#888888","grid_padding_tb":150,"grid_padding_lr":0,"show_text_shadow":true,"cover_background":"linear-gradient(164deg, rgba(17, 17, 17, 1), rgba(0, 0, 0, 1) 100%)","cover_opacity":15,"box_alignment":"left","button_background_color":"linear-gradient(164deg, rgba(255, 255, 255, 1), rgba(255, 255, 255, 1) 100%)","button_text_color":"#000000","button_padding_tb":15,"button_padding_lr":30,"button_border_radius":50,"text_alignment":"left","mobile_text_alignment":"center","headline":"","content":"","cta":"","cta_link":"","hero_image":"shopify:\/\/shop_images\/mobile_bottom.jpg","image_size":2000,"mobile_image_size":800}}},"order":["sp_hero_6CJB8L","sp_hero_FmPcjH","sp_card_grid_GtnayR","sp_card_grid_6HLXPN","sp_card_grid_aqh8n6","sp_image_with_text_RPbVFA","sp_image_with_text_8dEeVB","sp_hero_ykVwa7","sp_hero_g6JDy6","sp_hero_YeCDkg"]}