{"sections":{"sp_hero_66qdwC":{"type":"sp-hero","name":"🚀 Hero (CTA)","settings":{"override_fonts":false,"headline_font":"system_ui_n4","text_font":"system_ui_n4","override_text_sizes":true,"text_size":16,"mobile_text_size":15,"text_line_height":"1.5","headline_size":58,"mobile_headline_size":40,"headline_line_height":"1.2","override_text_colors":true,"text_color":"#ffffff","link_color":"#005bd3","show_on_device":"all","section_background_color":"linear-gradient(127deg, rgba(241, 246, 251, 1) 11%, rgba(241, 246, 251, 1) 81%)","section_background_image_color":"","section_background_size":"cover","mobile_section_background_image_color":"","mobile_section_background_size":"cover","section_padding_top_bottom":0,"mobile_section_padding_top_bottom":0,"section_padding_left_right":0,"mobile_section_padding_left_right":0,"container_background_color":"","container_max_width":10000,"container_padding_top_bottom":0,"mobile_container_padding_top_bottom":10,"container_padding_left_right":0,"mobile_container_padding_left_right":10,"element_spacing":15,"container_radius":0,"container_shadow":false,"container_border_size":0,"container_border_color":"#888888","grid_padding_tb":150,"grid_padding_lr":0,"show_text_shadow":true,"cover_background":"linear-gradient(164deg, rgba(17, 17, 17, 1), rgba(0, 0, 0, 1) 100%)","cover_opacity":15,"box_alignment":"left","button_background_color":"linear-gradient(164deg, rgba(0, 0, 0, 1), rgba(0, 0, 0, 1) 100%)","button_text_color":"#ffffff","button_padding_tb":10,"button_padding_lr":25,"button_border_radius":50,"text_alignment":"left","mobile_text_alignment":"center","headline":"<strong>CONTACT US<\/strong>","content":"<p>Browse our PRO, ELITE, and SELECT chamois in bib shorts and tights to experience chamois technology built to move with you—and elevate every ride.<\/p>","cta":"","cta_link":"","hero_image":"shopify:\/\/shop_images\/new_82aba65a-24f2-434d-8b8a-94082e22e1c0.webp","image_size":20000,"mobile_image_size":800}},"17593486103a76aab5":{"type":"_blocks","blocks":{"ai_gen_block_77bbc05_kYgenM":{"type":"ai_gen_block_77bbc05","settings":{"html_content":"<div data-gorgias-contact-form-uid=\"kab7bfzs\"><\/div>\n<script defer src=\"https:\/\/contact.gorgias.help\/api\/contact-forms\/loader.js?v=2\" data-gorgias-loader-contact-form=\"\"><\/script>","max_width":1000,"padding_top":20,"padding_bottom":40,"padding_horizontal":20,"background_color":"#ffffff","border_radius":0},"blocks":{}}},"block_order":["ai_gen_block_77bbc05_kYgenM"],"settings":{}}},"order":["sp_hero_66qdwC","17593486103a76aab5"]}