{"sections":{"full-width-cta":{"type":"full-width-cta","settings":{"image":"shopify:\/\/shop_images\/Diversity_image_HERO_HEADER_21_09ca7e20-c359-4808-b957-67baaf828c0b.png","image_mobile":"shopify:\/\/shop_images\/Diversity_image_HERO_HEADER_21_mobile_2.png","youtube_video":"","hero_height":"normal","overlay_color":"#262829","overlay_opacity":0.6,"horizontal_text_container_position_desktop":"justify-start","vertical_text_container_position_desktop":"justify-start","vertical_text_container_position_mobile":"justify-start","title":"DIVERSITY. EQUITY. INCLUSION.","heading_size":"h2","sub_title":"Sub Title","sub_title_size":"text-sm","text":"","text_size":"force-text-md","text_align_desktop":"text-left","text_align_mobile":"text-left","text_color_desktop":"force-white","text_color_mobile":"force-white","enable_below_image":true,"layout_space":2,"enable_description":true,"btn_label_1":"","btn_link_1":"","btn_label_2":"","btn_link_2":"","cta_style":"fill_background","enable_overlay_desktop":true,"enable_overlay_mobile":false}},"text-block":{"type":"text-block","settings":{"bg_color":"#C2B280","svg":"","svg_mobile":"","text_color":"#000","heading":"","body":"<p><strong>Here we go.<\/strong> It's our mantra. It reflects our belief that people on bikes can be agents of change,<br\/>and it should be a powerful reminder of the strength of inclusion. <\/p><p>We are committed to building, fostering and encouraging a stronger cycling community through inclusivity. With a focus on our headquarters, retail locations, our ambassadors, and our broader communities, we have established Diversity, Equity, and Inclusion goals related to four main categories: <\/p><p><strong>COMMIT. <\/strong>We are dedicated to representing cycling's diversity internally and externally.<\/p><p><strong>EDUCATE. <\/strong>We are increasing our team's cultural competency through educational experiences.<\/p><p><strong>DIVERSIFY.<\/strong> We are committed to attracting and retaining a diverse PEARL iZUMi team.<\/p><p>I<strong>NCLUDE.<\/strong> We are creating space to actively include all forms of riders and allies of the cycling community, from all backgrounds in our community.<\/p><p>The benefits of riding are well known, for health, community, the  environment, and individual happiness, and we're here to share them far and wide.<\/p>","enable_bottom_margin":true}},"2-grid-cta":{"type":"2-grid-cta","disabled":true,"settings":{"image_1":"shopify:\/\/shop_images\/1_2dfd73bc-a572-46d1-bc61-36287b852bb8.jpg","youtube_video_1":"","subtitle_1":"","title_1":"Go Grants","text_1":"","btn_label_1":"Learn more","btn_link_1":"https:\/\/www.pearlizumi.com","btn_style_1":"secondary","image_2":"shopify:\/\/shop_images\/2_2444c301-eebe-474f-a837-d92eec2b0c23.jpg","youtube_video_2":"","subtitle_2":"","title_2":"Blog","text_2":"","btn_label_2":"Read more","btn_link_2":"https:\/\/blog.pearlizumi.com\/","btn_style_2":"secondary","enable_bottom_margin":true}},"2-grid-cta-2":{"type":"2-grid-cta","disabled":true,"settings":{"image_1":"shopify:\/\/shop_images\/3_c8043490-d7c9-4264-9151-668682beda6b.jpg","youtube_video_1":"","subtitle_1":"","title_1":"Social Purpose","text_1":"","btn_label_1":"Explore","btn_link_1":"shopify:\/\/pages\/our-social-purpose","btn_style_1":"secondary","image_2":"shopify:\/\/shop_images\/4_498f35c2-35de-4390-b4d4-6669bb569593.jpg","youtube_video_2":"","subtitle_2":"","title_2":"Mission & Values","text_2":"","btn_label_2":"Learn more","btn_link_2":"shopify:\/\/pages\/mission-and-values","btn_style_2":"secondary","enable_bottom_margin":true}}},"order":["full-width-cta","text-block","2-grid-cta","2-grid-cta-2"]}