{"sections":{"sp_hero_G4dqX9":{"type":"sp-hero","custom_css":[".spro-container a.spro-cta {border: 2px solid #ffffff;}",".spro-container a.spro-cta:hover {border: 2px solid #000000; transform: translateY(0px);}",".spro-headline {padding: 0 50px 0 0;}",".spro-container > .spro-grid {margin-right: 100px;}","p strong {font-size: 30px;}"],"name":"🚀 Main Hero","settings":{"override_fonts":false,"headline_font":"system_ui_n4","text_font":"system_ui_n4","override_text_sizes":true,"text_size":16,"mobile_text_size":15,"text_line_height":"1.5","headline_size":58,"mobile_headline_size":40,"headline_line_height":"1.2","override_text_colors":true,"text_color":"#ffffff","link_color":"#005bd3","show_on_device":"desktop","section_background_color":"linear-gradient(127deg, rgba(241, 246, 251, 1) 11%, rgba(241, 246, 251, 1) 81%)","section_background_image_color":"","section_background_size":"cover","mobile_section_background_image_color":"","mobile_section_background_size":"cover","section_padding_top_bottom":0,"mobile_section_padding_top_bottom":0,"section_padding_left_right":0,"mobile_section_padding_left_right":0,"container_background_color":"","container_max_width":10000,"container_padding_top_bottom":0,"mobile_container_padding_top_bottom":10,"container_padding_left_right":0,"mobile_container_padding_left_right":10,"element_spacing":15,"container_radius":0,"container_shadow":false,"container_border_size":0,"container_border_color":"#888888","grid_padding_tb":225,"grid_padding_lr":0,"show_text_shadow":true,"cover_background":"linear-gradient(164deg, rgba(17, 17, 17, 1), rgba(0, 0, 0, 1) 100%)","cover_opacity":15,"box_alignment":"right","button_background_color":"linear-gradient(164deg, rgba(255, 255, 255, 1), rgba(255, 255, 255, 1) 100%)","button_text_color":"#000000","button_padding_tb":10,"button_padding_lr":25,"button_border_radius":50,"text_alignment":"right","mobile_text_alignment":"right","headline":"<strong>FIND A FUTURE WITH PEARL iZUMi<\/strong>","content":"","cta":"VIEW OPENINGS","cta_link":"https:\/\/workforcenow.adp.com\/mascsr\/default\/mdf\/recruitment\/recruitment.html?cid=303c03ac-da9d-44da-b2d4-1a05ec55a09f&ccId=19000101_000001&lang=en_US","hero_image":"shopify:\/\/shop_images\/BikePI-S22-Road-Frisco-_JL19694-min_1_e83c1335-c509-4a5e-9acb-99edc0a556ff.jpg","image_size":20000,"mobile_image_size":800}},"sp_hero_naMwE3":{"type":"sp-hero","custom_css":[".spro-container a.spro-cta {border: 2px solid #ffffff;}",".spro-container a.spro-cta:hover {border: 2px solid #000000; transform: translateY(0px);}",".spro-headline {padding: 0 0 0 10px;}",".spro-container > .spro-grid {margin-right: 10px;}"],"name":"🚀 Main Hero (Mobile)","settings":{"override_fonts":false,"headline_font":"system_ui_n4","text_font":"system_ui_n4","override_text_sizes":true,"text_size":16,"mobile_text_size":15,"text_line_height":"1.5","headline_size":58,"mobile_headline_size":40,"headline_line_height":"1.2","override_text_colors":true,"text_color":"#ffffff","link_color":"#005bd3","show_on_device":"mobile","section_background_color":"linear-gradient(127deg, rgba(241, 246, 251, 1) 11%, rgba(241, 246, 251, 1) 81%)","section_background_image_color":"","section_background_size":"cover","mobile_section_background_image_color":"","mobile_section_background_size":"cover","section_padding_top_bottom":0,"mobile_section_padding_top_bottom":0,"section_padding_left_right":0,"mobile_section_padding_left_right":0,"container_background_color":"","container_max_width":10000,"container_padding_top_bottom":0,"mobile_container_padding_top_bottom":0,"container_padding_left_right":0,"mobile_container_padding_left_right":0,"element_spacing":15,"container_radius":0,"container_shadow":false,"container_border_size":0,"container_border_color":"#888888","grid_padding_tb":150,"grid_padding_lr":5,"show_text_shadow":true,"cover_background":"linear-gradient(164deg, rgba(17, 17, 17, 1), rgba(0, 0, 0, 1) 100%)","cover_opacity":15,"box_alignment":"right","button_background_color":"linear-gradient(164deg, rgba(255, 255, 255, 1), rgba(255, 255, 255, 1) 100%)","button_text_color":"#000000","button_padding_tb":10,"button_padding_lr":15,"button_border_radius":50,"text_alignment":"center","mobile_text_alignment":"right","headline":"<strong>FIND A FUTURE WITH PEARL iZUMi<\/strong>","content":"","cta":"VIEW OPENINGS","cta_link":"https:\/\/workforcenow.adp.com\/mascsr\/default\/mdf\/recruitment\/recruitment.html?cid=303c03ac-da9d-44da-b2d4-1a05ec55a09f&ccId=19000101_000001&lang=en_US","hero_image":"shopify:\/\/shop_images\/BikePI-S22-Road-Frisco-_JL19694-min_1_e83c1335-c509-4a5e-9acb-99edc0a556ff.jpg","image_size":0,"mobile_image_size":800}},"text_block_xN6QUe":{"type":"text-block","custom_css":[".relative {padding-top: 50px; padding-bottom: 50px;}"],"name":"Text Block","settings":{"bg_color":"white","svg":"","svg_mobile":"","text_color":"black","heading":"","body":"<p>PEARL iZUMi has a long-standing reputation of being a leader in manufacturing high quality cycling apparel. Innovation, research and athlete testing standards have been a fundamental part of what makes us exceed expectations on every level. Our company, core business values, and the people who work here, are the driving force and vitality behind our longevity and continued success in the cycling industry.<br\/><br\/>PEARL iZUMi is not just a manufacturer of exceptional cycling apparel, it also stands out as a notable and highly sought-after place to work. Phenomenal Pro Deals, daily employee bike rides, and a thriving creative work environment are just a few of the perks that attract some of the brightest and best in the industry.<br\/><br\/>Recruiting and hiring the right people is vital to our success. Our environment is one that attracts highly motivated, energetic, and talented individuals who work as hard as they play, creating one of the most dynamic and creative companies in the performance apparel industry. If you are an individual who possesses a strong work ethic, enjoys a casual yet fast paced and productive work environment, and wants to be a part of the continued growth and success of a brand known for its quality and high performance, look below for a list of available positions.<\/p>","enable_bottom_margin":false}}},"order":["sp_hero_G4dqX9","sp_hero_naMwE3","text_block_xN6QUe"]}