{"sections":{"sp_hero_6CJB8L":{"type":"sp-hero","custom_css":[".spro-container a.spro-cta {border: 2px solid #ffffff;}",".spro-container a.spro-cta:hover {border: 2px solid #000000; transform: translateY(0px);}",".spro-headline {padding: 0 50px 0 0;}",".spro-container > .spro-grid {margin-left: 100px;}","p strong {font-size: 30px;}"],"name":"🚀 Main Hero","settings":{"override_fonts":false,"headline_font":"system_ui_n4","text_font":"system_ui_n4","override_text_sizes":true,"text_size":16,"mobile_text_size":15,"text_line_height":"1.5","headline_size":58,"mobile_headline_size":40,"headline_line_height":"1.2","override_text_colors":true,"text_color":"#ffffff","link_color":"#005bd3","show_on_device":"desktop","section_background_color":"linear-gradient(127deg, rgba(241, 246, 251, 1) 11%, rgba(241, 246, 251, 1) 81%)","section_background_image_color":"","section_background_size":"cover","mobile_section_background_image_color":"","mobile_section_background_size":"cover","section_padding_top_bottom":0,"mobile_section_padding_top_bottom":0,"section_padding_left_right":0,"mobile_section_padding_left_right":0,"container_background_color":"","container_max_width":10000,"container_padding_top_bottom":0,"mobile_container_padding_top_bottom":10,"container_padding_left_right":0,"mobile_container_padding_left_right":10,"element_spacing":15,"container_radius":0,"container_shadow":false,"container_border_size":0,"container_border_color":"#888888","grid_padding_tb":225,"grid_padding_lr":0,"show_text_shadow":true,"cover_background":"linear-gradient(164deg, rgba(17, 17, 17, 1), rgba(0, 0, 0, 1) 100%)","cover_opacity":15,"box_alignment":"left","button_background_color":"linear-gradient(164deg, rgba(255, 255, 255, 1), rgba(255, 255, 255, 1) 100%)","button_text_color":"#000000","button_padding_tb":10,"button_padding_lr":25,"button_border_radius":50,"text_alignment":"left","mobile_text_alignment":"center","headline":"<strong>WOMEN'S ROAD CYCLING BEGINNERS GUIDE<\/strong>","content":"<p>New to road? We’ve got you. Women’s-specific essentials that disappear under pressure—supportive chamois, breathable layers, and a secure, no-flap fit—so your first miles feel smooth, fast, and honest. No fluff, just function.<\/p>","cta":"SHOP WOMEN'S ROAD","cta_link":"shopify:\/\/collections\/womens-road","hero_image":"shopify:\/\/shop_images\/women_road.webp","image_size":20000,"mobile_image_size":800}},"sp_hero_FmPcjH":{"type":"sp-hero","custom_css":[".spro-container a.spro-cta {border: 2px solid #ffffff;}",".spro-container a.spro-cta:hover {border: 2px solid #000000; transform: translateY(0px);}",".spro-headline {padding: 0 0 0 10px;}",".spro-container > .spro-grid {margin-right: 80px;}"],"name":"🚀 Main Hero (Mobile)","settings":{"override_fonts":false,"headline_font":"system_ui_n4","text_font":"system_ui_n4","override_text_sizes":true,"text_size":16,"mobile_text_size":15,"text_line_height":"1.5","headline_size":58,"mobile_headline_size":40,"headline_line_height":"1.2","override_text_colors":true,"text_color":"#ffffff","link_color":"#005bd3","show_on_device":"mobile","section_background_color":"linear-gradient(127deg, rgba(241, 246, 251, 1) 11%, rgba(241, 246, 251, 1) 81%)","section_background_image_color":"","section_background_size":"cover","mobile_section_background_image_color":"","mobile_section_background_size":"cover","section_padding_top_bottom":0,"mobile_section_padding_top_bottom":0,"section_padding_left_right":0,"mobile_section_padding_left_right":0,"container_background_color":"","container_max_width":10000,"container_padding_top_bottom":0,"mobile_container_padding_top_bottom":0,"container_padding_left_right":0,"mobile_container_padding_left_right":0,"element_spacing":15,"container_radius":0,"container_shadow":false,"container_border_size":0,"container_border_color":"#888888","grid_padding_tb":150,"grid_padding_lr":5,"show_text_shadow":true,"cover_background":"linear-gradient(164deg, rgba(17, 17, 17, 1), rgba(0, 0, 0, 1) 100%)","cover_opacity":15,"box_alignment":"left","button_background_color":"linear-gradient(164deg, rgba(255, 255, 255, 1), rgba(255, 255, 255, 1) 100%)","button_text_color":"#000000","button_padding_tb":10,"button_padding_lr":15,"button_border_radius":50,"text_alignment":"center","mobile_text_alignment":"left","headline":"<strong>WOMEN'S ROAD CYCLING BEGINNERS GUIDE<\/strong>","content":"<p>New to road? We’ve got you. Women’s-specific essentials that disappear under pressure—supportive chamois, breathable layers, and a secure, no-flap fit—so your first miles feel smooth, fast, and honest. No fluff, just function.<\/p>","cta":"SHOP WOMEN'S ROAD","cta_link":"shopify:\/\/collections\/womens","hero_image":"shopify:\/\/shop_images\/women_road_cf1cdf17-2eec-43cf-b374-b93d1915163f.webp","image_size":0,"mobile_image_size":800}},"sp_hero_rbyKiN":{"type":"sp-hero","name":"🚀 Hero (no CTA)","settings":{"override_fonts":false,"headline_font":"system_ui_n4","text_font":"system_ui_n4","override_text_sizes":true,"text_size":16,"mobile_text_size":15,"text_line_height":"1.5","headline_size":48,"mobile_headline_size":40,"headline_line_height":"1.2","override_text_colors":true,"text_color":"#000000","link_color":"#005bd3","show_on_device":"all","section_background_color":"linear-gradient(127deg, rgba(248, 246, 241, 1) 33%, rgba(255, 255, 255, 1) 81%, rgba(248, 246, 241, 1) 97.125%)","section_background_image_color":"rgba(0,0,0,0)","section_background_size":"cover","mobile_section_background_image_color":"","mobile_section_background_size":"cover","section_padding_top_bottom":0,"mobile_section_padding_top_bottom":0,"section_padding_left_right":0,"mobile_section_padding_left_right":0,"container_background_color":"","container_max_width":10000,"container_padding_top_bottom":0,"mobile_container_padding_top_bottom":10,"container_padding_left_right":0,"mobile_container_padding_left_right":10,"element_spacing":15,"container_radius":0,"container_shadow":false,"container_border_size":0,"container_border_color":"#888888","grid_padding_tb":50,"grid_padding_lr":0,"show_text_shadow":false,"cover_background":"linear-gradient(164deg, rgba(255, 255, 255, 1) 6%, rgba(255, 255, 255, 1) 65%, rgba(255, 255, 255, 1) 89%)","cover_opacity":15,"box_alignment":"center","button_background_color":"linear-gradient(164deg, rgba(0, 0, 0, 1), rgba(0, 0, 0, 1) 100%)","button_text_color":"#ffffff","button_padding_tb":10,"button_padding_lr":25,"button_border_radius":50,"text_alignment":"center","mobile_text_alignment":"center","headline":"Start simple: the right kit, fit, and layers so your first road miles feel easy.","content":"","cta":"","cta_link":"","image_size":2000,"mobile_image_size":800}},"sp_image_with_text_aJ3AqA":{"type":"sp-image-with-text","custom_css":["a.spro-cta {border: 2px solid #000000; margin-bottom: 5%;}","a.spro-cta:hover {color: #ffffff !important; background: #000000;}",".spro-column-text {padding-left: 15%; padding-right: 15%; padding-top: 3%;}"],"name":"🚀 Image with Text (v1)","settings":{"override_fonts":false,"headline_font":"system_ui_n4","text_font":"system_ui_n4","override_text_sizes":true,"text_size":15,"mobile_text_size":15,"text_line_height":"1.5","headline_size":48,"mobile_headline_size":40,"headline_line_height":"1.2","override_text_colors":true,"text_color":"#000000","link_color":"#005bd3","show_on_device":"all","section_background_color":"linear-gradient(127deg, rgba(255, 255, 255, 1) 11%, rgba(255, 255, 255, 1) 81%)","section_background_image_color":"","section_background_size":"cover","mobile_section_background_image_color":"","mobile_section_background_size":"cover","section_padding_top_bottom":0,"mobile_section_padding_top_bottom":0,"section_padding_left_right":0,"mobile_section_padding_left_right":0,"container_background_color":"","container_max_width":10000,"container_padding_top_bottom":0,"mobile_container_padding_top_bottom":0,"container_padding_left_right":0,"mobile_container_padding_left_right":0,"element_spacing":15,"container_radius":0,"container_shadow":false,"container_border_size":0,"container_border_color":"#888888","grid_gap":0,"grid_display":"1fr 1fr","grid_vertical_alignament":"center","image_location":"left","mobile_image_location":"top","image_aspect_ratio":"16 \/ 9","border_radius":0,"media_shadow":false,"image":"shopify:\/\/shop_images\/women_shorts.webp","text_alignment":"left","mobile_text_alignment":"center","headline":"<strong>SHORTS & BIBS<\/strong>","content":"<p>Shorts or bibs? Your call. Shorts end at the waist; bibs use shoulder straps to ditch the waistband, ease breathing, and keep the chamois locked in. Our women’s bibs add a no-drama drop-tail for quick pit stops—same convenience, more comfort. The chamois—breathable, multi-density foam—smooths road buzz while compressive panels support muscles and fight chafe. Fit should be snug, not loose. And yes: wear them next to skin—no underwear.<\/p>","content_padding_top_bottom":0,"mobile_content_padding_top_bottom":0,"content_padding_left_right":150,"mobile_content_padding_left_right":0,"button_background_color":"linear-gradient(164deg, rgba(17, 17, 17, 1), rgba(51, 51, 51, 1) 100%)","button_text_color":"#ffffff","button_text_size":15,"button_padding_tb":10,"button_padding_lr":25,"button_border_radius":50,"link_text":"SHOP WOMEN'S SHORTS & BIBS","link":"shopify:\/\/collections\/womens-road-cycling-shorts-bib-shorts-skirts","open_in_blank":false}},"sp_image_with_text_W3wj9d":{"type":"sp-image-with-text","custom_css":["a.spro-cta {border: 2px solid #000000; margin-bottom: 5%;}","a.spro-cta:hover {color: #ffffff !important; background: #000000;}",".spro-column-text {padding-left: 15%; padding-right: 15%; padding-top: 3%;}"],"name":"🚀 Image with Text (v1)","settings":{"override_fonts":false,"headline_font":"system_ui_n4","text_font":"system_ui_n4","override_text_sizes":true,"text_size":15,"mobile_text_size":15,"text_line_height":"1.5","headline_size":48,"mobile_headline_size":40,"headline_line_height":"1.2","override_text_colors":true,"text_color":"#000000","link_color":"#005bd3","show_on_device":"all","section_background_color":"linear-gradient(127deg, rgba(255, 255, 255, 1) 11%, rgba(255, 255, 255, 1) 81%)","section_background_image_color":"","section_background_size":"cover","mobile_section_background_image_color":"","mobile_section_background_size":"cover","section_padding_top_bottom":0,"mobile_section_padding_top_bottom":0,"section_padding_left_right":0,"mobile_section_padding_left_right":0,"container_background_color":"","container_max_width":10000,"container_padding_top_bottom":0,"mobile_container_padding_top_bottom":0,"container_padding_left_right":0,"mobile_container_padding_left_right":0,"element_spacing":15,"container_radius":0,"container_shadow":false,"container_border_size":0,"container_border_color":"#888888","grid_gap":0,"grid_display":"1fr 1fr","grid_vertical_alignament":"center","image_location":"right","mobile_image_location":"top","image_aspect_ratio":"16 \/ 9","border_radius":0,"media_shadow":false,"image":"shopify:\/\/shop_images\/women_jersey.webp","text_alignment":"left","mobile_text_alignment":"center","headline":"<strong>JERSEYS<\/strong>","content":"<p>Your jersey should disappear in motion—sleek fit, fast-wicking fabric, a drop-tail for coverage, and low rear pockets you can hit without looking. It’s also your signature: colors and graphics to mix with your socks and lid. Not into the classic look? Our performance tanks deliver the same function, less tradition.<\/p><p>Fit guide: Form-Fit for aero, slightly compressive, zero flap; Standard Fit for close-to-body without the squeeze; Relaxed for extra room to move.<\/p>","content_padding_top_bottom":0,"mobile_content_padding_top_bottom":0,"content_padding_left_right":150,"mobile_content_padding_left_right":0,"button_background_color":"linear-gradient(164deg, rgba(17, 17, 17, 1), rgba(51, 51, 51, 1) 100%)","button_text_color":"#ffffff","button_text_size":15,"button_padding_tb":10,"button_padding_lr":25,"button_border_radius":50,"link_text":"SHOP WOMEN'S JERSEYS","link":"shopify:\/\/collections\/womens-road-cycling-jerseys","open_in_blank":false}},"sp_image_with_text_F6qqDi":{"type":"sp-image-with-text","custom_css":["a.spro-cta {border: 2px solid #000000; margin-bottom: 5%;}","a.spro-cta:hover {color: #ffffff !important; background: #000000;}",".spro-column-text {padding-left: 15%; padding-right: 15%; padding-top: 3%;}"],"name":"🚀 Image with Text (v1)","settings":{"override_fonts":false,"headline_font":"system_ui_n4","text_font":"system_ui_n4","override_text_sizes":true,"text_size":15,"mobile_text_size":15,"text_line_height":"1.5","headline_size":48,"mobile_headline_size":40,"headline_line_height":"1.2","override_text_colors":true,"text_color":"#000000","link_color":"#005bd3","show_on_device":"all","section_background_color":"linear-gradient(127deg, rgba(255, 255, 255, 1) 11%, rgba(255, 255, 255, 1) 81%)","section_background_image_color":"","section_background_size":"cover","mobile_section_background_image_color":"","mobile_section_background_size":"cover","section_padding_top_bottom":0,"mobile_section_padding_top_bottom":0,"section_padding_left_right":0,"mobile_section_padding_left_right":0,"container_background_color":"","container_max_width":10000,"container_padding_top_bottom":0,"mobile_container_padding_top_bottom":0,"container_padding_left_right":0,"mobile_container_padding_left_right":0,"element_spacing":15,"container_radius":0,"container_shadow":false,"container_border_size":0,"container_border_color":"#888888","grid_gap":0,"grid_display":"1fr 1fr","grid_vertical_alignament":"center","image_location":"left","mobile_image_location":"top","image_aspect_ratio":"16 \/ 9","border_radius":0,"media_shadow":false,"image":"shopify:\/\/shop_images\/women_glove.webp","text_alignment":"left","mobile_text_alignment":"center","headline":"<strong>GLOVES<\/strong>","content":"<p>Hands are one of three contact points—protect them. Go light padding to mute road buzz without dulling feel. Fingerless for heat. Full-finger for wind, wet, and cooler temps so you can still work the levers. Cold hands end rides; good gloves keep you shifting.<\/p>","content_padding_top_bottom":0,"mobile_content_padding_top_bottom":0,"content_padding_left_right":150,"mobile_content_padding_left_right":0,"button_background_color":"linear-gradient(164deg, rgba(17, 17, 17, 1), rgba(51, 51, 51, 1) 100%)","button_text_color":"#ffffff","button_text_size":15,"button_padding_tb":10,"button_padding_lr":25,"button_border_radius":50,"link_text":"SHOP WOMEN'S GLOVES","link":"shopify:\/\/collections\/womens-road-cycling-gloves","open_in_blank":false}},"sp_image_with_text_ryKQ9Q":{"type":"sp-image-with-text","custom_css":["a.spro-cta {border: 2px solid #000000; margin-bottom: 5%;}","a.spro-cta:hover {color: #ffffff !important; background: #000000;}",".spro-column-text {padding-left: 15%; padding-right: 15%; padding-top: 3%;}"],"name":"🚀 Image with Text (v1)","settings":{"override_fonts":false,"headline_font":"system_ui_n4","text_font":"system_ui_n4","override_text_sizes":true,"text_size":15,"mobile_text_size":15,"text_line_height":"1.5","headline_size":48,"mobile_headline_size":40,"headline_line_height":"1.2","override_text_colors":true,"text_color":"#000000","link_color":"#005bd3","show_on_device":"all","section_background_color":"linear-gradient(127deg, rgba(255, 255, 255, 1) 11%, rgba(255, 255, 255, 1) 81%)","section_background_image_color":"","section_background_size":"cover","mobile_section_background_image_color":"","mobile_section_background_size":"cover","section_padding_top_bottom":0,"mobile_section_padding_top_bottom":0,"section_padding_left_right":0,"mobile_section_padding_left_right":0,"container_background_color":"","container_max_width":10000,"container_padding_top_bottom":0,"mobile_container_padding_top_bottom":0,"container_padding_left_right":0,"mobile_container_padding_left_right":0,"element_spacing":15,"container_radius":0,"container_shadow":false,"container_border_size":0,"container_border_color":"#888888","grid_gap":0,"grid_display":"1fr 1fr","grid_vertical_alignament":"center","image_location":"right","mobile_image_location":"top","image_aspect_ratio":"16 \/ 9","border_radius":0,"media_shadow":false,"image":"shopify:\/\/shop_images\/women_shoe.webp","text_alignment":"left","mobile_text_alignment":"center","headline":"<strong>SHOES<\/strong>","content":"<p>Power starts at your feet. A proper road shoe is stiff for clean power transfer, snug (not tight) with toe wiggle room, and a locked-in heel that doesn’t lift. Classic road soles (nylon or carbon) run sleek and efficient with 3-bolt cleats—fast on the bike, awkward on foot.<\/p><p>Not ready to commit? A gravel-friendly shoe is the one-quiver move: walkable tread, 2-bolt cleats, still plenty stiff, and it won’t kill your road flair.<\/p>","content_padding_top_bottom":0,"mobile_content_padding_top_bottom":0,"content_padding_left_right":150,"mobile_content_padding_left_right":0,"button_background_color":"linear-gradient(164deg, rgba(17, 17, 17, 1), rgba(51, 51, 51, 1) 100%)","button_text_color":"#ffffff","button_text_size":15,"button_padding_tb":10,"button_padding_lr":25,"button_border_radius":50,"link_text":"SHOP WOMEN'S SHOES","link":"shopify:\/\/collections\/womens-road-cycling-shoes","open_in_blank":false}},"sp_image_with_text_ppiT9Q":{"type":"sp-image-with-text","custom_css":["a.spro-cta {border: 2px solid #000000; margin-bottom: 5%;}","a.spro-cta:hover {color: #ffffff !important; background: #000000;}",".spro-column-text {padding-left: 15%; padding-right: 15%; padding-top: 3%;}"],"name":"🚀 Image with Text (v1)","settings":{"override_fonts":false,"headline_font":"system_ui_n4","text_font":"system_ui_n4","override_text_sizes":true,"text_size":15,"mobile_text_size":15,"text_line_height":"1.5","headline_size":48,"mobile_headline_size":40,"headline_line_height":"1.2","override_text_colors":true,"text_color":"#000000","link_color":"#005bd3","show_on_device":"all","section_background_color":"linear-gradient(127deg, rgba(255, 255, 255, 1) 11%, rgba(255, 255, 255, 1) 81%)","section_background_image_color":"","section_background_size":"cover","mobile_section_background_image_color":"","mobile_section_background_size":"cover","section_padding_top_bottom":0,"mobile_section_padding_top_bottom":0,"section_padding_left_right":0,"mobile_section_padding_left_right":0,"container_background_color":"","container_max_width":10000,"container_padding_top_bottom":0,"mobile_container_padding_top_bottom":0,"container_padding_left_right":0,"mobile_container_padding_left_right":0,"element_spacing":15,"container_radius":0,"container_shadow":false,"container_border_size":0,"container_border_color":"#888888","grid_gap":0,"grid_display":"1fr 1fr","grid_vertical_alignament":"center","image_location":"left","mobile_image_location":"top","image_aspect_ratio":"16 \/ 9","border_radius":0,"media_shadow":false,"image":"shopify:\/\/shop_images\/women_jacket.webp","text_alignment":"left","mobile_text_alignment":"center","headline":"<strong>JACKETS & VESTS<\/strong>","content":"<p>Stay warm, stay (mostly) dry. Unless you live in rain, skip “waterproof” sweat traps and pack a light, DWR-treated wind jacket instead. Snug fit = less flap, more speed, and it stuffs into a jersey pocket when the sun shows. Riding in town? BioViz® accents pop in low light.<\/p>","content_padding_top_bottom":0,"mobile_content_padding_top_bottom":0,"content_padding_left_right":150,"mobile_content_padding_left_right":0,"button_background_color":"linear-gradient(164deg, rgba(17, 17, 17, 1), rgba(51, 51, 51, 1) 100%)","button_text_color":"#ffffff","button_text_size":15,"button_padding_tb":10,"button_padding_lr":25,"button_border_radius":50,"link_text":"SHOP WOMEN'S JACKETS","link":"shopify:\/\/collections\/womens-road-cycling-jackets-vests","open_in_blank":false}},"sp_image_with_text_hypyhi":{"type":"sp-image-with-text","custom_css":["a.spro-cta {border: 2px solid #000000; margin-bottom: 5%;}","a.spro-cta:hover {color: #ffffff !important; background: #000000;}",".spro-column-text {padding-left: 15%; padding-right: 15%; padding-top: 3%;}"],"name":"🚀 Image with Text (v1)","settings":{"override_fonts":false,"headline_font":"system_ui_n4","text_font":"system_ui_n4","override_text_sizes":true,"text_size":15,"mobile_text_size":15,"text_line_height":"1.5","headline_size":48,"mobile_headline_size":40,"headline_line_height":"1.2","override_text_colors":true,"text_color":"#000000","link_color":"#005bd3","show_on_device":"all","section_background_color":"linear-gradient(127deg, rgba(255, 255, 255, 1) 11%, rgba(255, 255, 255, 1) 81%)","section_background_image_color":"","section_background_size":"cover","mobile_section_background_image_color":"","mobile_section_background_size":"cover","section_padding_top_bottom":0,"mobile_section_padding_top_bottom":0,"section_padding_left_right":0,"mobile_section_padding_left_right":0,"container_background_color":"","container_max_width":10000,"container_padding_top_bottom":0,"mobile_container_padding_top_bottom":0,"container_padding_left_right":0,"mobile_container_padding_left_right":0,"element_spacing":15,"container_radius":0,"container_shadow":false,"container_border_size":0,"container_border_color":"#888888","grid_gap":0,"grid_display":"1fr 1fr","grid_vertical_alignament":"center","image_location":"right","mobile_image_location":"top","image_aspect_ratio":"16 \/ 9","border_radius":0,"media_shadow":false,"image":"shopify:\/\/shop_images\/women_baselayer.webp","text_alignment":"left","mobile_text_alignment":"center","headline":"<strong>BASELAYERS<\/strong>","content":"<p>Stay in the comfort zone. A baselayer fits close under your bibs to pull sweat off skin—cooling when it’s warm, drier and warmer when it’s not. Use it for most rides (skip it above ~90°F). Pick Transfer (poly) for all-conditions speed or Merino for cozy, cool-weather miles.<\/p>","content_padding_top_bottom":0,"mobile_content_padding_top_bottom":0,"content_padding_left_right":150,"mobile_content_padding_left_right":0,"button_background_color":"linear-gradient(164deg, rgba(17, 17, 17, 1), rgba(51, 51, 51, 1) 100%)","button_text_color":"#ffffff","button_text_size":15,"button_padding_tb":10,"button_padding_lr":25,"button_border_radius":50,"link_text":"SHOP WOMEN'S BASELAYERS","link":"shopify:\/\/collections\/womens-baselayers","open_in_blank":false}},"sp_image_with_text_cV8zhQ":{"type":"sp-image-with-text","custom_css":["a.spro-cta {border: 2px solid #000000; margin-bottom: 5%;}","a.spro-cta:hover {color: #ffffff !important; background: #000000;}",".spro-column-text {padding-left: 15%; padding-right: 15%; padding-top: 3%;}"],"name":"🚀 Image with Text (v1)","settings":{"override_fonts":false,"headline_font":"system_ui_n4","text_font":"system_ui_n4","override_text_sizes":true,"text_size":15,"mobile_text_size":15,"text_line_height":"1.5","headline_size":48,"mobile_headline_size":40,"headline_line_height":"1.2","override_text_colors":true,"text_color":"#000000","link_color":"#005bd3","show_on_device":"all","section_background_color":"linear-gradient(127deg, rgba(255, 255, 255, 1) 11%, rgba(255, 255, 255, 1) 81%)","section_background_image_color":"","section_background_size":"cover","mobile_section_background_image_color":"","mobile_section_background_size":"cover","section_padding_top_bottom":0,"mobile_section_padding_top_bottom":0,"section_padding_left_right":0,"mobile_section_padding_left_right":0,"container_background_color":"","container_max_width":10000,"container_padding_top_bottom":0,"mobile_container_padding_top_bottom":0,"container_padding_left_right":0,"mobile_container_padding_left_right":0,"element_spacing":15,"container_radius":0,"container_shadow":false,"container_border_size":0,"container_border_color":"#888888","grid_gap":0,"grid_display":"1fr 1fr","grid_vertical_alignament":"center","image_location":"left","mobile_image_location":"top","image_aspect_ratio":"16 \/ 9","border_radius":0,"media_shadow":false,"image":"shopify:\/\/shop_images\/women_warmer.webp","text_alignment":"left","mobile_text_alignment":"center","headline":"<strong>WARMERS<\/strong>","content":"<p>Early start, warm finish—dress for both. Arm and leg warmers slide on fast, peel off faster, and stash in a jersey pocket when the day heats up. Fit matters: snug enough not to slip, never constrictive. Layer them under your jersey and bibs to lock them in place and keep the chill out.<\/p>","content_padding_top_bottom":0,"mobile_content_padding_top_bottom":0,"content_padding_left_right":150,"mobile_content_padding_left_right":0,"button_background_color":"linear-gradient(164deg, rgba(17, 17, 17, 1), rgba(51, 51, 51, 1) 100%)","button_text_color":"#ffffff","button_text_size":15,"button_padding_tb":10,"button_padding_lr":25,"button_border_radius":50,"link_text":"SHOP WOMEN'S WARMERS","link":"shopify:\/\/collections\/womens-cycling-warmers-protection","open_in_blank":false}},"sp_image_with_text_xQJGk9":{"type":"sp-image-with-text","custom_css":["a.spro-cta {border: 2px solid #000000; margin-bottom: 5%;}","a.spro-cta:hover {color: #ffffff !important; background: #000000;}",".spro-column-text {padding-left: 15%; padding-right: 15%; padding-top: 3%;}"],"name":"🚀 Image with Text (v1)","settings":{"override_fonts":false,"headline_font":"system_ui_n4","text_font":"system_ui_n4","override_text_sizes":true,"text_size":15,"mobile_text_size":15,"text_line_height":"1.5","headline_size":48,"mobile_headline_size":40,"headline_line_height":"1.2","override_text_colors":true,"text_color":"#000000","link_color":"#005bd3","show_on_device":"all","section_background_color":"linear-gradient(127deg, rgba(255, 255, 255, 1) 11%, rgba(255, 255, 255, 1) 81%)","section_background_image_color":"","section_background_size":"cover","mobile_section_background_image_color":"","mobile_section_background_size":"cover","section_padding_top_bottom":0,"mobile_section_padding_top_bottom":0,"section_padding_left_right":0,"mobile_section_padding_left_right":0,"container_background_color":"","container_max_width":10000,"container_padding_top_bottom":0,"mobile_container_padding_top_bottom":0,"container_padding_left_right":0,"mobile_container_padding_left_right":0,"element_spacing":15,"container_radius":0,"container_shadow":false,"container_border_size":0,"container_border_color":"#888888","grid_gap":0,"grid_display":"1fr 1fr","grid_vertical_alignament":"center","image_location":"right","mobile_image_location":"top","image_aspect_ratio":"16 \/ 9","border_radius":0,"media_shadow":false,"image":"shopify:\/\/shop_images\/women_sock.webp","text_alignment":"left","mobile_text_alignment":"center","headline":"<strong>SOCKS<\/strong>","content":"<p>Socks aren’t just another way to dial in your look; the bright colors help you be seen by drivers on the road. They come in many lengths, but, thanks to Lance Armstrong, the current trend has a bias for midcalf length. Socks should be comfortable, stay put, and meet the conditions you’re riding in. Thin and airy are good for hot summer days; wear a bit thicker Merino wool sock for cooler days.<\/p>","content_padding_top_bottom":0,"mobile_content_padding_top_bottom":0,"content_padding_left_right":150,"mobile_content_padding_left_right":0,"button_background_color":"linear-gradient(164deg, rgba(17, 17, 17, 1), rgba(51, 51, 51, 1) 100%)","button_text_color":"#ffffff","button_text_size":15,"button_padding_tb":10,"button_padding_lr":25,"button_border_radius":50,"link_text":"SHOP SOCKS","link":"shopify:\/\/collections\/womens-cycling-socks","open_in_blank":false}}},"order":["sp_hero_6CJB8L","sp_hero_FmPcjH","sp_hero_rbyKiN","sp_image_with_text_aJ3AqA","sp_image_with_text_W3wj9d","sp_image_with_text_F6qqDi","sp_image_with_text_ryKQ9Q","sp_image_with_text_ppiT9Q","sp_image_with_text_hypyhi","sp_image_with_text_cV8zhQ","sp_image_with_text_xQJGk9"]}