{"sections":{"sp_hero_6CJB8L":{"type":"sp-hero","custom_css":[".spro-container a.spro-cta {border: 2px solid #ffffff;}",".spro-container a.spro-cta:hover {border: 2px solid #000000; transform: translateY(0px);}",".spro-headline {padding: 0 50px 0 0;}",".spro-container > .spro-grid {margin-left: 100px;}","p strong {font-size: 30px;}"],"name":"🚀 Main Hero","settings":{"override_fonts":false,"headline_font":"system_ui_n4","text_font":"system_ui_n4","override_text_sizes":true,"text_size":16,"mobile_text_size":15,"text_line_height":"1.5","headline_size":58,"mobile_headline_size":40,"headline_line_height":"1.2","override_text_colors":true,"text_color":"#ffffff","link_color":"#005bd3","show_on_device":"desktop","section_background_color":"linear-gradient(127deg, rgba(241, 246, 251, 1) 11%, rgba(241, 246, 251, 1) 81%)","section_background_image_color":"","section_background_size":"cover","mobile_section_background_image_color":"","mobile_section_background_size":"cover","section_padding_top_bottom":0,"mobile_section_padding_top_bottom":0,"section_padding_left_right":0,"mobile_section_padding_left_right":0,"container_background_color":"","container_max_width":10000,"container_padding_top_bottom":0,"mobile_container_padding_top_bottom":10,"container_padding_left_right":0,"mobile_container_padding_left_right":10,"element_spacing":15,"container_radius":0,"container_shadow":false,"container_border_size":0,"container_border_color":"#888888","grid_padding_tb":225,"grid_padding_lr":0,"show_text_shadow":true,"cover_background":"linear-gradient(164deg, rgba(17, 17, 17, 1), rgba(0, 0, 0, 1) 100%)","cover_opacity":15,"box_alignment":"left","button_background_color":"linear-gradient(164deg, rgba(255, 255, 255, 1), rgba(255, 255, 255, 1) 100%)","button_text_color":"#000000","button_padding_tb":10,"button_padding_lr":25,"button_border_radius":50,"text_alignment":"left","mobile_text_alignment":"center","headline":"<strong>THE CORE OF COMFORT<\/strong>","content":"<p><strong>UNDERSTANDING THE PEARL IZUMI CHAMOIS.<br\/><\/strong>Saddle up for a deep dive into the most crucial piece of gear you never see. Meet the chamois: your ride's hidden hero, engineered for unmatched comfort and peak performance.<\/p>","cta":"test","cta_link":"","hero_image":"shopify:\/\/shop_images\/df7b4a4e9fe4ddd8f17cd8e68559de5a3508bfb5-min.jpg","image_size":20000,"mobile_image_size":800}},"sp_hero_FmPcjH":{"type":"sp-hero","custom_css":[".spro-container a.spro-cta {border: 2px solid #ffffff;}",".spro-container a.spro-cta:hover {border: 2px solid #000000; transform: translateY(0px);}",".spro-headline {padding: 0 0 0 10px;}",".spro-container > .spro-grid {margin-right: 80px;}"],"name":"🚀 Main Hero (Mobile)","settings":{"override_fonts":false,"headline_font":"system_ui_n4","text_font":"system_ui_n4","override_text_sizes":true,"text_size":16,"mobile_text_size":15,"text_line_height":"1.5","headline_size":58,"mobile_headline_size":40,"headline_line_height":"1.2","override_text_colors":true,"text_color":"#ffffff","link_color":"#005bd3","show_on_device":"mobile","section_background_color":"linear-gradient(127deg, rgba(241, 246, 251, 1) 11%, rgba(241, 246, 251, 1) 81%)","section_background_image_color":"","section_background_size":"cover","mobile_section_background_image_color":"","mobile_section_background_size":"cover","section_padding_top_bottom":0,"mobile_section_padding_top_bottom":0,"section_padding_left_right":0,"mobile_section_padding_left_right":0,"container_background_color":"","container_max_width":10000,"container_padding_top_bottom":0,"mobile_container_padding_top_bottom":0,"container_padding_left_right":0,"mobile_container_padding_left_right":0,"element_spacing":15,"container_radius":0,"container_shadow":false,"container_border_size":0,"container_border_color":"#888888","grid_padding_tb":150,"grid_padding_lr":5,"show_text_shadow":true,"cover_background":"linear-gradient(164deg, rgba(17, 17, 17, 1), rgba(0, 0, 0, 1) 100%)","cover_opacity":15,"box_alignment":"left","button_background_color":"linear-gradient(164deg, rgba(255, 255, 255, 1), rgba(255, 255, 255, 1) 100%)","button_text_color":"#000000","button_padding_tb":10,"button_padding_lr":15,"button_border_radius":50,"text_alignment":"center","mobile_text_alignment":"left","headline":"<strong>THE CORE OF COMFORT<\/strong>","content":"<p><strong>UNDERSTANDING PEARL IZUMI CHAMOIS<\/strong><\/p><p>Saddle up for a deep dive into the most crucial piece of gear you never see. Meet the chamois: your ride's hidden hero, engineered for unmatched comfort and peak performance.<\/p>","cta":"","cta_link":"","hero_image":"shopify:\/\/shop_images\/df7b4a4e9fe4ddd8f17cd8e68559de5a3508bfb5-min.jpg","image_size":0,"mobile_image_size":800}},"sp_hero_66qdwC":{"type":"sp-hero","name":"🚀 Hero (CTA)","settings":{"override_fonts":false,"headline_font":"system_ui_n4","text_font":"system_ui_n4","override_text_sizes":true,"text_size":16,"mobile_text_size":15,"text_line_height":"1.5","headline_size":58,"mobile_headline_size":40,"headline_line_height":"1.2","override_text_colors":true,"text_color":"#000000","link_color":"#005bd3","show_on_device":"all","section_background_color":"linear-gradient(127deg, rgba(241, 246, 251, 1) 11%, rgba(241, 246, 251, 1) 81%)","section_background_image_color":"","section_background_size":"cover","mobile_section_background_image_color":"","mobile_section_background_size":"cover","section_padding_top_bottom":0,"mobile_section_padding_top_bottom":0,"section_padding_left_right":0,"mobile_section_padding_left_right":0,"container_background_color":"","container_max_width":10000,"container_padding_top_bottom":0,"mobile_container_padding_top_bottom":10,"container_padding_left_right":0,"mobile_container_padding_left_right":10,"element_spacing":15,"container_radius":0,"container_shadow":false,"container_border_size":0,"container_border_color":"#888888","grid_padding_tb":150,"grid_padding_lr":0,"show_text_shadow":true,"cover_background":"linear-gradient(164deg, rgba(17, 17, 17, 1), rgba(0, 0, 0, 1) 100%)","cover_opacity":15,"box_alignment":"left","button_background_color":"linear-gradient(164deg, rgba(0, 0, 0, 1), rgba(0, 0, 0, 1) 100%)","button_text_color":"#ffffff","button_padding_tb":10,"button_padding_lr":25,"button_border_radius":50,"text_alignment":"left","mobile_text_alignment":"center","headline":"<strong>SHOP THE COLLECTION<\/strong>","content":"<p>Browse our PRO, ELITE, and SELECT chamois in bib shorts and tights to experience chamois technology built to move with you—and elevate every ride.<\/p>","cta":"SHOP NOW","cta_link":"shopify:\/\/collections\/levitate-chamois","hero_image":"shopify:\/\/shop_images\/Frame_1538232426_2.png","image_size":20000,"mobile_image_size":800}},"sp_hero_g7gtrb":{"type":"sp-hero","custom_css":[".spro-headline {padding-top: 50px; padding-left: 0px; padding-right: 0px;}",".spro-container > .spro-grid {max-width: none;}"],"name":"🚀 Hero (no CTA)","settings":{"override_fonts":false,"headline_font":"system_ui_n4","text_font":"system_ui_n4","override_text_sizes":true,"text_size":16,"mobile_text_size":15,"text_line_height":"1.5","headline_size":48,"mobile_headline_size":40,"headline_line_height":"1.2","override_text_colors":true,"text_color":"#000000","link_color":"#005bd3","show_on_device":"all","section_background_color":"linear-gradient(127deg, rgba(248, 246, 241, 1) 33%, rgba(255, 255, 255, 1) 81%, rgba(248, 246, 241, 1) 97.125%)","section_background_image_color":"rgba(0,0,0,0)","section_background_size":"cover","mobile_section_background_image_color":"","mobile_section_background_size":"cover","section_padding_top_bottom":0,"mobile_section_padding_top_bottom":0,"section_padding_left_right":0,"mobile_section_padding_left_right":0,"container_background_color":"","container_max_width":10000,"container_padding_top_bottom":0,"mobile_container_padding_top_bottom":10,"container_padding_left_right":0,"mobile_container_padding_left_right":10,"element_spacing":15,"container_radius":0,"container_shadow":false,"container_border_size":0,"container_border_color":"#888888","grid_padding_tb":50,"grid_padding_lr":0,"show_text_shadow":false,"cover_background":"linear-gradient(164deg, rgba(255, 255, 255, 1) 6%, rgba(255, 255, 255, 1) 65%, rgba(255, 255, 255, 1) 89%)","cover_opacity":15,"box_alignment":"center","button_background_color":"linear-gradient(164deg, rgba(0, 0, 0, 1), rgba(0, 0, 0, 1) 100%)","button_text_color":"#ffffff","button_padding_tb":10,"button_padding_lr":25,"button_border_radius":50,"text_alignment":"center","mobile_text_alignment":"center","headline":"<strong>MEET LEVITATE™: OUR PROPRIETARY CHAMOIS PLATFORM.<\/strong>","content":"<p>Our proprietary Levitate™ Chamois Platform includes three tiers: PRO LEVITATE, ELITE LEVITATE, and SELECT LEVITATE. Each is tuned for different ride styles and intensity levels, but all share a common goal—exceptional in-saddle comfort. Designed by cyclists, for cyclists, and obsessively tested, they redefine performance where it matters most.<\/p>","cta":"","cta_link":"","image_size":2000,"mobile_image_size":800}},"sp_hero_slider_HDNVEF":{"type":"sp-hero-slider","blocks":{"slide_kRpThd":{"type":"slide","settings":{"image":"shopify:\/\/shop_images\/Screenshot_2025-09-04_at_3.28.41_PM.png","image_size":1100,"mobile_image_size":800,"slide_text":"<strong>PRO<\/strong>","slide_alt":"Second-skin aero with precise support and high breathability. For riders counting watts, not seams. <strong>Fit:<\/strong> Race\/Aero—compressive, streamlined.","cta_text":"SHOP PRO JERSEYS","cta_link":""}},"slide_brcNVe":{"type":"slide","settings":{"image":"shopify:\/\/shop_images\/725897c5f2b53f7a1410fc07a4006a31c05582ab-min.jpg","image_size":1100,"mobile_image_size":800,"slide_text":"<strong>Attack<\/strong>","slide_alt":"Fast feel, everyday tough. Your do-everything training jersey—stretchy, breathable, reliable. <strong>Fit:<\/strong> Performance—close to the body without squeeze.","cta_text":"SHOP ATTACK JERSEYS","cta_link":""}},"slide_a3PymK":{"type":"slide","settings":{"image_size":1100,"mobile_image_size":800,"slide_text":"<strong>Quest<\/strong>","slide_alt":"Essential comfort without the fuss. Clean fit, easy storage, and miles-deep durability. <strong>Fit:<\/strong> Classic—relaxed through the torso for room to move.","cta_text":"Lets go","cta_link":""}},"slide_K9KRgN":{"type":"slide","settings":{"image_size":1100,"mobile_image_size":800,"slide_text":"<strong>Sugar<\/strong>","slide_alt":"Women’s road favorite—soft hand, stay-put fit, and pocket-smart design. Style-forward, function first. <strong>Fit:<\/strong> Women’s Performance—contoured and supportive, not restrictive.","cta_text":"Lets go","cta_link":""}}},"block_order":["slide_kRpThd","slide_brcNVe","slide_a3PymK","slide_K9KRgN"],"name":"🚀 Hero Slider (Desktop Only)","settings":{"override_fonts":false,"headline_font":"system_ui_n4","text_font":"system_ui_n4","override_text_sizes":true,"text_size":15,"mobile_text_size":15,"text_line_height":"inherit","headline_size":48,"mobile_headline_size":40,"headline_line_height":"inherit","override_text_colors":false,"text_color":"#111111","link_color":"#005bd3","show_on_device":"desktop","section_background_color":"linear-gradient(127deg, rgba(255, 255, 255, 1) 11%, rgba(255, 255, 255, 1) 81%)","section_background_image_color":"","section_background_size":"cover","mobile_section_background_image_color":"","mobile_section_background_size":"cover","section_padding_top_bottom":25,"mobile_section_padding_top_bottom":25,"section_padding_left_right":25,"mobile_section_padding_left_right":0,"container_background_color":"","container_max_width":1150,"container_padding_top_bottom":10,"mobile_container_padding_top_bottom":10,"container_padding_left_right":10,"mobile_container_padding_left_right":10,"element_spacing":15,"container_radius":0,"container_shadow":false,"container_border_size":0,"container_border_color":"#888888","progress_background_color":"linear-gradient(177deg, rgba(255, 255, 255, .25) 3%, rgba(255, 255, 255, 0.25) 100%)","progress_foreground_color":"linear-gradient(177deg, rgba(255, 255, 255, 1) 3%, rgba(255, 255, 255, 1) 100%)","indicator_color":"#ffffff","cover_background":"linear-gradient(164deg, rgba(17, 17, 17, 1), rgba(85, 85, 85, 1) 100%)","cover_opacity":25,"caption_margin":10,"caption_padding":20,"slide_text_color":"#111111","caption_background_color":"linear-gradient(177deg, rgba(255, 255, 255, .5) 3%, rgba(255, 255, 255, .85) 100%)","show_glass_effect":true,"button_padding_tb":10,"button_padding_lr":25,"button_border_radius":50,"button_background_color":"linear-gradient(164deg, rgba(17, 17, 17, 1), rgba(51, 51, 51, 1) 100%)","button_text_color":"#ffffff","text_shadow":false,"media_radius":30,"media_shadow":true,"media_aspect_ratio":"16 \/ 9","mobile_media_aspect_ratio":"4 \/ 3","enable_autoplay":true,"autoplay_time":"3000","text_alignment":"center","mobile_text_alignment":"center","headline":"<strong>ROAD JERSEYS THAT VANISH<\/strong>","text":"From race-day aero to everyday miles, these jerseys disappear under effort. Choose your fit, match your pace, forget the rest.","headline_spacing":15}},"sp_tiles_pC38j8":{"type":"sp-tiles","blocks":{"tile_CfJNNK":{"type":"tile","settings":{"background_image":"shopify:\/\/shop_images\/Screenshot_2025-09-04_at_3.28.41_PM.png","headline":"PRO Jerseys","text":"Second-skin aero with precise support and high breathability. For riders counting watts, not seams.<strong>Fit:<\/strong> Race\/Aero—compressive, streamlined.","link":""}},"tile_FjVhDF":{"type":"tile","settings":{"background_image":"shopify:\/\/shop_images\/725897c5f2b53f7a1410fc07a4006a31c05582ab-min.jpg","headline":"Attack Jerseys","text":"Fast feel, everyday tough. Your do-everything training jersey—stretchy, breathable, reliable.<strong>Fit:<\/strong> Performance—close to the body without squeeze.","link":""}},"tile_T8L9Vz":{"type":"tile","settings":{"background_image":"shopify:\/\/shop_images\/Frame_1538232425_1.png","headline":"Quest Jerseys","text":"Essential comfort without the fuss. Clean fit, easy storage, and miles-deep durability.<strong>Fit:<\/strong> Classic—relaxed through the torso for room to move.","link":""}},"tile_TD8yBY":{"type":"tile","settings":{"background_image":"shopify:\/\/shop_images\/Rectangle_4009_1.png","headline":"Sugar Jerseys","text":"Women’s road favorite—soft hand, stay-put fit, and pocket-smart design. Style-forward, function first.<strong>Fit:<\/strong> Women’s Performance—contoured and supportive, not restrictive.","link":""}}},"block_order":["tile_CfJNNK","tile_FjVhDF","tile_T8L9Vz","tile_TD8yBY"],"name":"🚀 Tiles (Mobile)","settings":{"override_fonts":false,"headline_font":"system_ui_n4","text_font":"system_ui_n4","override_text_sizes":true,"text_size":15,"mobile_text_size":13,"text_line_height":"1.5","headline_size":40,"mobile_headline_size":40,"headline_line_height":"1.2","override_text_colors":false,"text_color":"#111111","link_color":"#005bd3","show_on_device":"mobile","section_background_color":"linear-gradient(127deg, rgba(255, 255, 255, 1) 11%, rgba(255, 255, 255, 1) 81%)","section_background_image_color":"","section_background_size":"cover","mobile_section_background_image_color":"","mobile_section_background_size":"cover","section_padding_top_bottom":25,"mobile_section_padding_top_bottom":25,"section_padding_left_right":25,"mobile_section_padding_left_right":10,"container_background_color":"","container_max_width":1000,"container_padding_top_bottom":10,"mobile_container_padding_top_bottom":10,"container_padding_left_right":10,"mobile_container_padding_left_right":10,"element_spacing":10,"container_radius":0,"container_shadow":false,"container_border_size":0,"container_border_color":"#888888","show_text_shadow":true,"tile_text_color":"#ffffff","tile_text_size":20,"tile_height":300,"grid_gap":15,"media_radius":30,"media_shadow":true,"image_width":1000,"mobile_image_width":1000,"mobile_columns":"1fr","mobile_gap":15,"text_alignment":"center","mobile_text_alignment":"center","headline":"<strong>ROAD JERSEYS THAT VANISH<\/strong>","text":"From race-day aero to everyday miles, these jerseys disappear under effort. Choose your fit, match your pace, forget the rest.","headline_spacing":10}},"sp_feature_grid_c9mh8b":{"type":"sp-feature-grid","blocks":{"feature_UzmitX":{"type":"feature","settings":{"background_image":"shopify:\/\/shop_images\/f4f4421441ac4adb3f9737af72efa3e4d525ff60-min.jpg","headline":"<strong>ROAD<\/strong>","cta":"","cta_link":"shopify:\/\/collections\/road-cycling-jerseys","make_block_clickable":true,"show_secondary_button":false,"cta_2":"Secondary Action","cta_link_2":""}},"feature_9ihatD":{"type":"feature","settings":{"background_image":"shopify:\/\/shop_images\/382ef5e0ab74ae93ee67597bb92b469aaee1dd0b-min.jpg","headline":"<strong>GRAVEL<\/strong>","cta":"","cta_link":"shopify:\/\/collections\/gravel-cycling-jerseys","make_block_clickable":false,"show_secondary_button":false,"cta_2":"Secondary Action","cta_link_2":""}},"feature_c83GLg":{"type":"feature","settings":{"background_image":"shopify:\/\/shop_images\/5741f08cb22d0e1eabe686edfd710373351ad7c0-min.jpg","headline":"<strong>TRAIL<\/strong>","cta":"","cta_link":"shopify:\/\/collections\/mountain-bike-jerseys","make_block_clickable":false,"show_secondary_button":false,"cta_2":"Secondary Action","cta_link_2":""}}},"block_order":["feature_UzmitX","feature_9ihatD","feature_c83GLg"],"name":"🚀 Feature Grid","settings":{"override_fonts":false,"headline_font":"system_ui_n4","text_font":"system_ui_n4","override_text_sizes":true,"text_size":15,"mobile_text_size":15,"text_line_height":"1.5","headline_size":48,"mobile_headline_size":40,"headline_line_height":"1.2","override_text_colors":true,"text_color":"#000000","link_color":"#005bd3","show_on_device":"all","section_background_color":"linear-gradient(127deg, rgba(248, 246, 241, 1) 11%, rgba(248, 246, 241, 1) 81%)","section_background_image_color":"","section_background_size":"cover","mobile_section_background_image_color":"","mobile_section_background_size":"cover","section_padding_top_bottom":50,"mobile_section_padding_top_bottom":25,"section_padding_left_right":25,"mobile_section_padding_left_right":25,"container_background_color":"","container_max_width":1000,"container_padding_top_bottom":10,"mobile_container_padding_top_bottom":10,"container_padding_left_right":10,"mobile_container_padding_left_right":10,"element_spacing":15,"container_radius":0,"container_shadow":false,"container_border_size":0,"container_border_color":"#888888","feature_text_color":"#ffffff","feature_text_size":20,"feature_mobile_text_size":20,"feature_show_text_shadow":true,"gap":20,"cover_background":"linear-gradient(164deg, rgba(17, 17, 17, 1), rgba(85, 85, 85, 1) 100%)","cover_opacity":15,"media_aspect_ratio":"1 \/ 1","media_aspect_ratio_mobile":"1 \/ 1","media_radius":30,"media_shadow":false,"mobile_display":"stacked","mobile_columns":"1fr","progress_background_color":"linear-gradient(177deg, rgba(17, 17, 17, .25) 3%, rgba(17, 17, 17, 0.25) 100%)","progress_foreground_color":"linear-gradient(177deg, rgba(17, 17, 17, 1) 3%, rgba(17, 17, 17, 1) 100%)","indicator_color":"#111111","enable_autoplay":true,"autoplay_time":"5000","button_padding_tb":10,"button_padding_lr":25,"button_border_radius":5,"button_border_size":0,"button_border_color":"#111111","button_background_color":"linear-gradient(164deg, rgba(17, 17, 17, 1), rgba(51, 51, 51, 1) 100%)","button_text_color":"#ffffff","button_background_color_2":"linear-gradient(164deg, rgba(17, 17, 17, 1), rgba(51, 51, 51, 1) 100%)","button_text_color_2":"#ffffff","text_alignment":"center","mobile_text_alignment":"center","headline":"<strong>WHAT'S YOUR RIDE TYPE?<\/strong>","text":"Road, gravel, or trail? Let your ride type guide your jersey choice. Explore gear built for your terrain.","headline_spacing":15}},"sp_card_grid_XCfNDK":{"type":"sp-card-grid","blocks":{"feature_nXNf8H":{"type":"feature","settings":{"background_image":"shopify:\/\/shop_images\/fbpcexf21kpx8xf4aotsczasenp5vqun2025-07-28_e4b4b9ca-a94a-405f-833c-1e8f59afd78a.jpg","headline":"Men's PRO Thermal Jersey","description":"Featherweight mesh that vanishes—wicks on contact, dries fast.","cta":"","cta_link":"https:\/\/www.pearlizumi.com\/products\/mens-transfer-mesh-sleeveless-baselayer-11122502?variant=51773895737709","open_in_blank":false}},"feature_9DRxTb":{"type":"feature","settings":{"background_image":"shopify:\/\/shop_images\/7ce817471d3bea9a3eebc4fadb352a5a7f0e454f_1000x_6b095e00-d2a8-4fa6-a300-1b5bf01e8a2c.webp","headline":"Women's PRO Thermal Jersey","description":"Ultralight PRO fit—low drag, high airflow, locked-in feel.","cta":"","cta_link":"https:\/\/www.pearlizumi.com\/products\/mens-pro-jersey-11122404?variant=51773933289837","open_in_blank":false}},"feature_U4HwNQ":{"type":"feature","settings":{"background_image":"shopify:\/\/shop_images\/3yn7q4yl10d464snit90gkb5bh0p99b82025-07-29_1000x_45dea333-85a2-422d-85c5-58cd99bda0bc.webp","headline":"Men's PRO Jersey","description":"Cargo bibs for long miles—all-day support, gravel-tough.","cta":"","cta_link":"https:\/\/www.pearlizumi.com\/products\/mens-expedition-bib-shorts-11112502?variant=51773893280109","open_in_blank":false}},"feature_mgD8mF":{"type":"feature","settings":{"background_image":"shopify:\/\/shop_images\/mc7sijk5oq4v02fl2hcp9zzi33olmkan2025-08-21_1000x_e8c14a02-bc12-4b85-a733-826df74da096.webp","headline":"Women's PRO Jersey","description":"Packable hybrid shell—blocks gusts, dumps heat.","cta":"","cta_link":"https:\/\/www.pearlizumi.com\/products\/mens-attack-hybrid-jacket-11132409?variant=44537209749675","open_in_blank":false}},"feature_YUJLPM":{"type":"feature","settings":{"background_image":"shopify:\/\/shop_images\/mc7sijk5oq4v02fl2hcp9zzi33olmkan2025-08-21_1000x_e8c14a02-bc12-4b85-a733-826df74da096.webp","headline":"Men's Canyon Tech Snap","description":"Packable hybrid shell—blocks gusts, dumps heat.","cta":"","cta_link":"https:\/\/www.pearlizumi.com\/products\/mens-attack-hybrid-jacket-11132409?variant=44537209749675","open_in_blank":false}},"feature_nF8aU6":{"type":"feature","settings":{"background_image":"shopify:\/\/shop_images\/mc7sijk5oq4v02fl2hcp9zzi33olmkan2025-08-21_1000x_e8c14a02-bc12-4b85-a733-826df74da096.webp","headline":"Women's Canyon Tech Snap","description":"Packable hybrid shell—blocks gusts, dumps heat.","cta":"","cta_link":"https:\/\/www.pearlizumi.com\/products\/mens-attack-hybrid-jacket-11132409?variant=44537209749675","open_in_blank":false}}},"block_order":["feature_nXNf8H","feature_9DRxTb","feature_U4HwNQ","feature_mgD8mF","feature_YUJLPM","feature_nF8aU6"],"name":"🚀 Card Grid (v1)","settings":{"override_fonts":false,"headline_font":"system_ui_n4","text_font":"system_ui_n4","override_text_sizes":true,"text_size":15,"mobile_text_size":15,"text_line_height":"1.5","headline_size":40,"mobile_headline_size":38,"headline_line_height":"1.2","override_text_colors":false,"text_color":"#111111","link_color":"#005bd3","show_on_device":"all","section_background_color":"radial-gradient(rgba(248, 246, 241, 1), rgba(248, 246, 241, 1) 100%)","section_background_image_color":"","section_background_size":"cover","mobile_section_background_image_color":"","mobile_section_background_size":"cover","section_padding_top_bottom":25,"mobile_section_padding_top_bottom":25,"section_padding_left_right":75,"mobile_section_padding_left_right":25,"container_background_color":"","container_max_width":2000,"container_padding_top_bottom":10,"mobile_container_padding_top_bottom":10,"container_padding_left_right":10,"mobile_container_padding_left_right":0,"element_spacing":15,"container_radius":0,"container_shadow":false,"container_border_size":0,"container_border_color":"#888888","columns":"auto","grid_gap":20,"card_uniform_height":true,"card_vertical_alignment":"center","make_card_clickable":true,"hide_button":true,"card_element_spacing":5,"card_padding":15,"card_text_size":13,"card_headline_size":18,"card_background_color":"#ffffff","card_text_color":"#000000","card_radius":15,"card_shadow":true,"card_hover_animation":true,"show_description":true,"truncate_description":false,"truncate_length":50,"button_padding_tb":5,"button_padding_lr":5,"button_border_radius":5,"button_border_size":0,"button_border_color":"#888888","button_background_color":"linear-gradient(164deg, rgba(17, 17, 17, 1), rgba(51, 51, 51, 1) 100%)","button_text_color":"#ffffff","button_text_size":13,"media_aspect_ratio":"auto","media_aspect_ratio_mobile":"auto","mobile_display":"slideshow","mobile_columns":"1fr","progress_background_color":"linear-gradient(177deg, rgba(17, 17, 17, .25) 3%, rgba(17, 17, 17, 0.25) 100%)","progress_foreground_color":"linear-gradient(177deg, rgba(17, 17, 17, 1) 3%, rgba(17, 17, 17, 1) 100%)","indicator_color":"#111111","enable_autoplay":true,"autoplay_time":"5000","text_alignment":"left","mobile_text_alignment":"center","headline":"<strong>FIND YOUR PERFECT JERSEY<\/strong>","text":"","headline_spacing":5}},"sp_card_grid_QEr3Wa":{"type":"sp-card-grid","blocks":{"feature_8Q7D8A":{"type":"feature","settings":{"background_image":"shopify:\/\/shop_images\/961f70b328e905bd8be6c76fda8117d99ae78439.png","headline":"<strong>LEVITATE™ PRO<\/strong>","description":"Cycling shorts are easy to wear and great for casual rides, commuting, or indoor training. Cooler in warm weather and quick to pull on—they offer comfort, performance, and everyday value.","cta":"Shop Now","cta_link":"shopify:\/\/collections\/mens-mountain-bike","open_in_blank":false}},"feature_ziVRGt":{"type":"feature","settings":{"background_image":"shopify:\/\/shop_images\/i.shgcdn-2_1.png","headline":"<strong>LEVITATE™ PLUS<\/strong>","description":"Cycling shorts are easy to wear and great for casual rides, commuting, or indoor training. Cooler in warm weather and quick to pull on—they offer comfort, performance, and everyday value.","cta":"Shop Now","cta_link":"shopify:\/\/collections\/mens-gravel-cycling","open_in_blank":false}},"feature_pzeM4b":{"type":"feature","settings":{"background_image":"shopify:\/\/shop_images\/951b40c0fe97a82f29d46b49cbacea52e1aecc88.png","headline":"<strong>LEVITATE™<\/strong>","description":"Cycling shorts are easy to wear and great for casual rides, commuting, or indoor training. Cooler in warm weather and quick to pull on—they offer comfort, performance, and everyday value.","cta":"Shop Now","cta_link":"shopify:\/\/collections\/mens-road","open_in_blank":false}}},"block_order":["feature_8Q7D8A","feature_ziVRGt","feature_pzeM4b"],"name":"🚀 Card Grid (v2)","settings":{"override_fonts":false,"headline_font":"system_ui_n4","text_font":"system_ui_n4","override_text_sizes":true,"text_size":15,"mobile_text_size":15,"text_line_height":"1.5","headline_size":40,"mobile_headline_size":40,"headline_line_height":"1.2","override_text_colors":true,"text_color":"#000000","link_color":"#005bd3","show_on_device":"all","section_background_color":"linear-gradient(127deg, rgba(NaN, NaN, NaN, 1) 11%, rgba(241, 246, 251, 1) 81%)","section_background_image_color":"","section_background_size":"cover","mobile_section_background_image_color":"","mobile_section_background_size":"cover","section_padding_top_bottom":0,"mobile_section_padding_top_bottom":25,"section_padding_left_right":200,"mobile_section_padding_left_right":25,"container_background_color":"","container_max_width":2000,"container_padding_top_bottom":0,"mobile_container_padding_top_bottom":10,"container_padding_left_right":10,"mobile_container_padding_left_right":10,"element_spacing":15,"container_radius":0,"container_shadow":false,"container_border_size":0,"container_border_color":"rgba(0,0,0,0)","columns":"auto","grid_gap":40,"card_uniform_height":true,"card_vertical_alignment":"center","make_card_clickable":true,"hide_button":true,"card_element_spacing":5,"card_padding":15,"card_text_size":13,"card_headline_size":18,"card_background_color":"rgba(0,0,0,0)","card_text_color":"#000000","card_radius":0,"card_shadow":false,"card_hover_animation":true,"show_description":true,"truncate_description":false,"truncate_length":50,"button_padding_tb":5,"button_padding_lr":5,"button_border_radius":5,"button_border_size":0,"button_border_color":"#888888","button_background_color":"linear-gradient(164deg, rgba(17, 17, 17, 1), rgba(51, 51, 51, 1) 100%)","button_text_color":"#ffffff","button_text_size":13,"media_aspect_ratio":"4 \/ 3","media_aspect_ratio_mobile":"4 \/ 3","mobile_display":"slideshow","mobile_columns":"1fr","progress_background_color":"linear-gradient(177deg, rgba(17, 17, 17, .25) 3%, rgba(17, 17, 17, 0.25) 100%)","progress_foreground_color":"linear-gradient(177deg, rgba(17, 17, 17, 1) 3%, rgba(17, 17, 17, 1) 100%)","indicator_color":"#111111","enable_autoplay":false,"autoplay_time":"5000","text_alignment":"center","mobile_text_alignment":"center","headline":"","text":"","headline_spacing":5}},"sp_grid_premium_aRQktU":{"type":"sp-grid-premium","blocks":{"image_9jzCVM":{"type":"image","settings":{"background_image":"shopify:\/\/shop_images\/ae6bea37d4412a3cf18a8dc6060e86c669d79e4c_1_-min.jpg","headline":"<strong>SHORTS<\/strong>","text":"Cycling shorts are easy to wear and great for casual rides, commuting, or indoor training. Cooler in warm weather and quick to pull on—they offer comfort, performance, and everyday value.","show_arrow":false,"link":""}},"image_7iApRd":{"type":"image","settings":{"background_image":"shopify:\/\/shop_images\/f5d21cf7a43a8963a40c483fc18c10955d7e4b13-min.jpg","headline":"<strong>BIB SHORTS<\/strong>","text":"Bib shorts offer a secure, stay-put fit ideal for long rides. With no waistband to dig in, they’re a top choice for serious cyclists—known for support, moisture-wicking, and a smooth feel.","show_arrow":false,"link":""}}},"block_order":["image_9jzCVM","image_7iApRd"],"custom_css":[".spro-headline {padding-top: 3%; padding-bottom: 3%;}",".spro-content {padding-left: 10%; padding-right: 30%;}",".sp-demo {display: none;}"],"name":"🚀 Grid Hero","settings":{"override_fonts":false,"headline_font":"system_ui_n4","text_font":"system_ui_n4","override_text_sizes":true,"text_size":15,"mobile_text_size":15,"text_line_height":"1.5","headline_size":40,"mobile_headline_size":40,"headline_line_height":"1.2","override_text_colors":true,"text_color":"#000000","link_color":"#005bd3","show_on_device":"all","section_background_color":"linear-gradient(127deg, rgba(248, 246, 241, 1) 11%, rgba(248, 246, 241, 1) 81%)","section_background_image_color":"","section_background_size":"cover","mobile_section_background_image_color":"","mobile_section_background_size":"cover","section_padding_top_bottom":0,"mobile_section_padding_top_bottom":25,"section_padding_left_right":0,"mobile_section_padding_left_right":0,"container_background_color":"","container_max_width":10000,"container_padding_top_bottom":0,"mobile_container_padding_top_bottom":10,"container_padding_left_right":0,"mobile_container_padding_left_right":0,"element_spacing":10,"container_radius":0,"container_shadow":false,"container_border_size":0,"container_border_color":"#888888","tile_text_size":20,"tile_text_color":"#ffffff","show_text_shadow":false,"tile_height":350,"grid_gap":0,"tile_height_mobile":350,"cover_background":"linear-gradient(164deg, rgba(17, 17, 17, 1), rgba(85, 85, 85, 1) 100%)","cover_opacity":25,"grid_type":"2-col","media_radius":0,"media_shadow":true,"text_alignment":"center","mobile_text_alignment":"center","headline":"<strong>SHORTS VS. BIB SHORTS<\/strong>","text":"Chose based on your ride preferences.","headline_spacing":15,"progress_background_color":"linear-gradient(177deg, rgba(17, 17, 17, .25) 3%, rgba(17, 17, 17, 0.25) 100%)","progress_foreground_color":"linear-gradient(177deg, rgba(17, 17, 17, 1) 3%, rgba(17, 17, 17, 1) 100%)","indicator_color":"#000000","enable_autoplay":true,"autoplay_time":"5000"}},"sp_image_with_text_aJ3AqA":{"type":"sp-image-with-text","custom_css":["a.spro-cta {border: 2px solid #000000; margin-bottom: 5%;}","a.spro-cta:hover {color: #ffffff !important; background: #000000;}",".spro-column-text {padding-left: 15%; padding-right: 15%; padding-top: 3%;}"],"name":"🚀 Image with Text (v1)","settings":{"override_fonts":false,"headline_font":"system_ui_n4","text_font":"system_ui_n4","override_text_sizes":true,"text_size":15,"mobile_text_size":15,"text_line_height":"1.5","headline_size":48,"mobile_headline_size":40,"headline_line_height":"1.2","override_text_colors":true,"text_color":"#000000","link_color":"#005bd3","show_on_device":"all","section_background_color":"linear-gradient(127deg, rgba(255, 255, 255, 1) 11%, rgba(255, 255, 255, 1) 81%)","section_background_image_color":"","section_background_size":"cover","mobile_section_background_image_color":"","mobile_section_background_size":"cover","section_padding_top_bottom":0,"mobile_section_padding_top_bottom":0,"section_padding_left_right":0,"mobile_section_padding_left_right":0,"container_background_color":"","container_max_width":10000,"container_padding_top_bottom":0,"mobile_container_padding_top_bottom":0,"container_padding_left_right":0,"mobile_container_padding_left_right":0,"element_spacing":15,"container_radius":0,"container_shadow":false,"container_border_size":0,"container_border_color":"#888888","grid_gap":0,"grid_display":"1fr 1fr","grid_vertical_alignament":"center","image_location":"left","mobile_image_location":"top","image_aspect_ratio":"16 \/ 9","border_radius":0,"media_shadow":false,"image":"shopify:\/\/shop_images\/c6318c6dcdee4499ffc98c9692b49ff4ecba7220_1_-min.jpg","text_alignment":"left","mobile_text_alignment":"center","headline":"<strong>WHAT IS A CHAMOIS?<\/strong>","content":"<p>Pronounced sham-mee, a chamois is the unsung hero of every ride. It's a padded insert in your cycling shorts or bibs, designed to cushion your sit bones, reduce pressure points, and wick moisture away from the body. Originally made from leather, today’s chamois is an engineering marvel of multi-density foams, stretch fabrics, and thoughtful shaping.<\/p>","content_padding_top_bottom":0,"mobile_content_padding_top_bottom":0,"content_padding_left_right":150,"mobile_content_padding_left_right":0,"button_background_color":"linear-gradient(164deg, rgba(17, 17, 17, 1), rgba(51, 51, 51, 1) 100%)","button_text_color":"#ffffff","button_text_size":15,"button_padding_tb":10,"button_padding_lr":25,"button_border_radius":50,"link_text":"","link":"","open_in_blank":false}},"sp_image_with_text_fqKmA4":{"type":"sp-image-with-text","name":"🚀 Image with Text (v2)","settings":{"override_fonts":false,"headline_font":"system_ui_n4","text_font":"system_ui_n4","override_text_sizes":false,"text_size":15,"mobile_text_size":15,"text_line_height":"inherit","headline_size":40,"mobile_headline_size":40,"headline_line_height":"inherit","override_text_colors":true,"text_color":"#ffffff","link_color":"#005bd3","show_on_device":"all","section_background_color":"linear-gradient(127deg, rgba(53, 59, 66, 1) 11%, rgba(53, 59, 66, 1) 81%)","section_background_image_color":"#000000","section_background_size":"contain","mobile_section_background_image_color":"","mobile_section_background_size":"cover","section_padding_top_bottom":25,"mobile_section_padding_top_bottom":25,"section_padding_left_right":25,"mobile_section_padding_left_right":25,"container_background_color":"linear-gradient(180deg, rgba(0, 0, 0, 1), rgba(0, 0, 0, 1) 100%)","container_max_width":1200,"container_padding_top_bottom":10,"mobile_container_padding_top_bottom":10,"container_padding_left_right":10,"mobile_container_padding_left_right":10,"element_spacing":15,"container_radius":50,"container_shadow":false,"container_border_size":5,"container_border_color":"#000000","grid_gap":25,"grid_display":"1fr 1fr","grid_vertical_alignament":"center","image_location":"right","mobile_image_location":"top","image_aspect_ratio":"1 \/ 1","border_radius":5,"media_shadow":true,"image":"shopify:\/\/shop_images\/da06372d96ba0f68b0bb04ffc3a0fd86616055c8.png","text_alignment":"center","mobile_text_alignment":"center","headline":"<strong>PRO LEVITATE<\/strong>","content":"<p>Designed for elite riders and long-haul adventures, the Pro level maximizes vibration damping and breathability. Multi-density foams and a supportive floating top sheet provide all-day comfort with a barely-there feel.<\/p>","content_padding_top_bottom":0,"mobile_content_padding_top_bottom":0,"content_padding_left_right":0,"mobile_content_padding_left_right":0,"button_background_color":"linear-gradient(164deg, rgba(255, 255, 255, 1), rgba(255, 255, 255, 1) 100%)","button_text_color":"#000000","button_text_size":15,"button_padding_tb":10,"button_padding_lr":25,"button_border_radius":50,"link_text":"SHOP PRO LEVITATE","link":"","open_in_blank":false}},"sp_faq_gXMXdE":{"type":"sp-faq","blocks":{"question_Ani7tr":{"type":"question","settings":{"question":"How long does a chamois last?","answer":"<p>Its simple really. You just add the questions as blocks and then you edit the question and answer.<\/p>","is_open":true}},"question_c3dwxc":{"type":"question","settings":{"question":"What makes PEARL iZUMi different?","answer":"<p>(THIS IS FILLER TEXT) Our 3L Windproof Membrane, know as AmFIB®, is your go-to for frigid rides. It combines a 0 CFM windproof rating with insulating fleece and Pi DryTM for water resistance. This makes it ideal for long winter road rides, snowy gravel adventures, or commutes where you’re exposed for extended periods in sub-freezing temps. Explore this option under AmFIB technology.<\/p>","is_open":false}},"question_At7Vnc":{"type":"question","settings":{"question":"Do I need bibs or shorts?","answer":"<p>Its simple really. You just add the questions as blocks and then you edit the question and answer.<\/p>","is_open":false}},"question_7hbRD8":{"type":"question","settings":{"question":"How do I care for my chamois?","answer":"<p>Its simple really. You just add the questions as blocks and then you edit the question and answer.<\/p>","is_open":false}}},"block_order":["question_Ani7tr","question_c3dwxc","question_At7Vnc","question_7hbRD8"],"name":"🚀 FAQ","settings":{"override_fonts":false,"headline_font":"system_ui_n4","text_font":"system_ui_n4","override_text_sizes":true,"text_size":15,"mobile_text_size":15,"text_line_height":"1.5","headline_size":48,"mobile_headline_size":40,"headline_line_height":"1.2","override_text_colors":true,"text_color":"#000000","link_color":"#005bd3","show_on_device":"all","section_background_color":"linear-gradient(127deg, rgba(255, 255, 255, 1) 11%, rgba(255, 255, 255, 1) 81%)","section_background_image_color":"","section_background_size":"cover","mobile_section_background_image_color":"","mobile_section_background_size":"cover","section_padding_top_bottom":50,"mobile_section_padding_top_bottom":40,"section_padding_left_right":25,"mobile_section_padding_left_right":25,"container_background_color":"","container_max_width":1200,"container_padding_top_bottom":10,"mobile_container_padding_top_bottom":10,"container_padding_left_right":10,"mobile_container_padding_left_right":10,"element_spacing":15,"container_radius":0,"container_shadow":false,"container_border_size":0,"container_border_color":"#888888","question_text_size":25,"question_color":"#000000","answer_color":"#444444","text_alignment":"center","mobile_text_alignment":"center","headline":"<strong>CHAMOIS FAQs<\/strong>","text":"","headline_spacing":15}},"sp_hero_g6JDy6":{"type":"sp-hero","name":"🚀 Footer Hero","settings":{"override_fonts":false,"headline_font":"system_ui_n4","text_font":"system_ui_n4","override_text_sizes":false,"text_size":16,"mobile_text_size":15,"text_line_height":"1.5","headline_size":58,"mobile_headline_size":40,"headline_line_height":"1.2","override_text_colors":false,"text_color":"#ffffff","link_color":"#005bd3","show_on_device":"desktop","section_background_color":"linear-gradient(127deg, rgba(241, 246, 251, 1) 11%, rgba(241, 246, 251, 1) 81%)","section_background_image_color":"","section_background_size":"cover","mobile_section_background_image_color":"","mobile_section_background_size":"cover","section_padding_top_bottom":0,"mobile_section_padding_top_bottom":0,"section_padding_left_right":0,"mobile_section_padding_left_right":0,"container_background_color":"","container_max_width":10000,"container_padding_top_bottom":0,"mobile_container_padding_top_bottom":10,"container_padding_left_right":0,"mobile_container_padding_left_right":10,"element_spacing":15,"container_radius":0,"container_shadow":false,"container_border_size":0,"container_border_color":"#888888","grid_padding_tb":150,"grid_padding_lr":0,"show_text_shadow":false,"cover_background":"linear-gradient(164deg, rgba(17, 17, 17, 1), rgba(0, 0, 0, 1) 100%)","cover_opacity":15,"box_alignment":"left","button_background_color":"linear-gradient(164deg, rgba(255, 255, 255, 1), rgba(255, 255, 255, 1) 100%)","button_text_color":"#000000","button_padding_tb":15,"button_padding_lr":30,"button_border_radius":50,"text_alignment":"left","mobile_text_alignment":"center","headline":"","content":"","cta":"","cta_link":"","hero_image":"shopify:\/\/shop_images\/Group_56_4_e2734a68-7e11-40da-8e4e-150514dd35b7.png","image_size":20000,"mobile_image_size":800}},"sp_hero_YeCDkg":{"type":"sp-hero","name":"🚀 Footer Hero (Mobile)","settings":{"override_fonts":false,"headline_font":"system_ui_n4","text_font":"system_ui_n4","override_text_sizes":false,"text_size":16,"mobile_text_size":15,"text_line_height":"1.5","headline_size":58,"mobile_headline_size":40,"headline_line_height":"1.2","override_text_colors":false,"text_color":"#ffffff","link_color":"#005bd3","show_on_device":"mobile","section_background_color":"linear-gradient(127deg, rgba(241, 246, 251, 1) 11%, rgba(241, 246, 251, 1) 81%)","section_background_image_color":"","section_background_size":"cover","mobile_section_background_image_color":"","mobile_section_background_size":"cover","section_padding_top_bottom":0,"mobile_section_padding_top_bottom":0,"section_padding_left_right":0,"mobile_section_padding_left_right":0,"container_background_color":"","container_max_width":10000,"container_padding_top_bottom":0,"mobile_container_padding_top_bottom":10,"container_padding_left_right":0,"mobile_container_padding_left_right":10,"element_spacing":15,"container_radius":0,"container_shadow":false,"container_border_size":0,"container_border_color":"#888888","grid_padding_tb":150,"grid_padding_lr":0,"show_text_shadow":true,"cover_background":"linear-gradient(164deg, rgba(17, 17, 17, 1), rgba(0, 0, 0, 1) 100%)","cover_opacity":15,"box_alignment":"left","button_background_color":"linear-gradient(164deg, rgba(255, 255, 255, 1), rgba(255, 255, 255, 1) 100%)","button_text_color":"#000000","button_padding_tb":15,"button_padding_lr":30,"button_border_radius":50,"text_alignment":"left","mobile_text_alignment":"center","headline":"","content":"","cta":"","cta_link":"","hero_image":"shopify:\/\/shop_images\/Group_56_4.png","image_size":2000,"mobile_image_size":800}}},"order":["sp_hero_6CJB8L","sp_hero_FmPcjH","sp_hero_66qdwC","sp_hero_g7gtrb","sp_hero_slider_HDNVEF","sp_tiles_pC38j8","sp_feature_grid_c9mh8b","sp_card_grid_XCfNDK","sp_card_grid_QEr3Wa","sp_grid_premium_aRQktU","sp_image_with_text_aJ3AqA","sp_image_with_text_fqKmA4","sp_faq_gXMXdE","sp_hero_g6JDy6","sp_hero_YeCDkg"]}