{"sections":{"sp_hero_6CJB8L":{"type":"sp-hero","custom_css":[".spro-container a.spro-cta {border: 2px solid #ffffff;}",".spro-container a.spro-cta:hover {border: 2px solid #000000; transform: translateY(0px);}",".spro-headline {padding: 0 150px 0 0;}",".spro-container > .spro-grid {margin-left: 100px;}"],"name":"🚀 Hero","settings":{"override_fonts":false,"headline_font":"system_ui_n4","text_font":"system_ui_n4","override_text_sizes":true,"text_size":16,"mobile_text_size":15,"text_line_height":"1.5","headline_size":58,"mobile_headline_size":40,"headline_line_height":"1.2","override_text_colors":true,"text_color":"#ffffff","link_color":"#005bd3","show_on_device":"desktop","section_background_color":"linear-gradient(127deg, rgba(241, 246, 251, 1) 11%, rgba(241, 246, 251, 1) 81%)","section_background_image_color":"","section_background_size":"cover","mobile_section_background_image_color":"","mobile_section_background_size":"cover","section_padding_top_bottom":0,"mobile_section_padding_top_bottom":0,"section_padding_left_right":0,"mobile_section_padding_left_right":0,"container_background_color":"","container_max_width":10000,"container_padding_top_bottom":0,"mobile_container_padding_top_bottom":10,"container_padding_left_right":0,"mobile_container_padding_left_right":10,"element_spacing":15,"container_radius":0,"container_shadow":false,"container_border_size":0,"container_border_color":"#888888","grid_padding_tb":225,"grid_padding_lr":0,"show_text_shadow":true,"cover_background":"linear-gradient(164deg, rgba(17, 17, 17, 1), rgba(0, 0, 0, 1) 100%)","cover_opacity":15,"box_alignment":"left","button_background_color":"linear-gradient(164deg, rgba(255, 255, 255, 1), rgba(255, 255, 255, 1) 100%)","button_text_color":"#000000","button_padding_tb":10,"button_padding_lr":25,"button_border_radius":50,"text_alignment":"left","mobile_text_alignment":"center","headline":"<strong>COLD MILES, NO DRAMA.<\/strong>","content":"<p>Cold, wet, or downright brutal—dial the right tight or bib tight by weather and distance. We map temps to fabric, wind to panels, and spray to finishes, then line up the exact pieces to buy. No guesswork. Just miles.<\/p>","cta":"SHOP ALL TIGHTS","cta_link":"shopify:\/\/collections\/cycling-tights-bib-tights","hero_image":"shopify:\/\/shop_images\/hero1.webp","image_size":2000,"mobile_image_size":800}},"sp_hero_FmPcjH":{"type":"sp-hero","custom_css":[".spro-container a.spro-cta {border: 2px solid #ffffff;}",".spro-container a.spro-cta:hover {border: 2px solid #000000; transform: translateY(0px);}",".spro-headline {padding: 0 0 0 10px;}",".spro-container > .spro-grid {margin-right: 80px;}"],"name":"🚀 Hero (Mobile)","settings":{"override_fonts":false,"headline_font":"system_ui_n4","text_font":"system_ui_n4","override_text_sizes":true,"text_size":16,"mobile_text_size":15,"text_line_height":"1.5","headline_size":58,"mobile_headline_size":40,"headline_line_height":"1.2","override_text_colors":true,"text_color":"#ffffff","link_color":"#005bd3","show_on_device":"mobile","section_background_color":"linear-gradient(127deg, rgba(241, 246, 251, 1) 11%, rgba(241, 246, 251, 1) 81%)","section_background_image_color":"","section_background_size":"cover","mobile_section_background_image_color":"","mobile_section_background_size":"cover","section_padding_top_bottom":0,"mobile_section_padding_top_bottom":0,"section_padding_left_right":0,"mobile_section_padding_left_right":0,"container_background_color":"","container_max_width":10000,"container_padding_top_bottom":0,"mobile_container_padding_top_bottom":0,"container_padding_left_right":0,"mobile_container_padding_left_right":0,"element_spacing":15,"container_radius":0,"container_shadow":false,"container_border_size":0,"container_border_color":"#888888","grid_padding_tb":150,"grid_padding_lr":5,"show_text_shadow":true,"cover_background":"linear-gradient(164deg, rgba(17, 17, 17, 1), rgba(0, 0, 0, 1) 100%)","cover_opacity":15,"box_alignment":"left","button_background_color":"linear-gradient(164deg, rgba(255, 255, 255, 1), rgba(255, 255, 255, 1) 100%)","button_text_color":"#000000","button_padding_tb":10,"button_padding_lr":15,"button_border_radius":50,"text_alignment":"center","mobile_text_alignment":"left","headline":"<strong>COLD MILES, NO DRAMA.<\/strong>","content":"<p>Cold, wet, or downright brutal—dial the right tight or bib tight by weather and distance. We map temps to fabric, wind to panels, and spray to finishes, then line up the exact pieces to buy. No guesswork. Just miles.<\/p>","cta":"SHOP ALL TIGHTS","cta_link":"shopify:\/\/collections\/cycling-tights-bib-tights","hero_image":"shopify:\/\/shop_images\/hero1.webp","image_size":0,"mobile_image_size":800}},"sp_grid_premium_mLBNEQ":{"type":"sp-grid-premium","blocks":{"image_WbAnai":{"type":"image","settings":{"background_image":"shopify:\/\/shop_images\/BikePI-W21-Womens-Road-Broomfield-20899-1200x800-5b2df79.jpg","headline":"<strong>TIGHTS<\/strong>","text":"Easy to pull on and off, tights can be built with or without a chamois. They layer well over padded shorts, making them a go-to for commuting, indoor-to-outdoor transitions, or riders looking for value and simplicity. <strong>Best for:<\/strong> Shorter rides, mixed-use versatility, and those who prefer a strap-free fit.","show_arrow":false,"link":"shopify:\/\/collections\/cycling-tights"}},"image_dUWqdG":{"type":"image","settings":{"background_image":"shopify:\/\/shop_images\/f5d21cf7a43a8963a40c483fc18c10955d7e4b13-min.jpg","headline":"<strong>BIB TIGHTS<\/strong>","text":"Straps hold everything in place, removing waistband pressure and sealing the gap between jersey and tight. The result: more stability, better coverage, and lasting comfort on long or cold rides. <strong>Best for:<\/strong> Long distances, colder temps, and riders who want a locked-in, race-ready feel.","show_arrow":false,"link":"shopify:\/\/collections\/cycling-bib-tights"}}},"block_order":["image_WbAnai","image_dUWqdG"],"custom_css":[".spro-headline {padding-top: 3%; padding-bottom: 3%; padding-left: 3%; padding-right: 3%;}",".spro-content {padding-left: 10%; padding-right: 30%;}",".sp-demo {display: none;}"],"name":"🚀 Grid Hero","settings":{"override_fonts":false,"headline_font":"system_ui_n4","text_font":"system_ui_n4","override_text_sizes":true,"text_size":15,"mobile_text_size":15,"text_line_height":"1.5","headline_size":40,"mobile_headline_size":40,"headline_line_height":"1.2","override_text_colors":true,"text_color":"#000000","link_color":"#005bd3","show_on_device":"all","section_background_color":"linear-gradient(127deg, rgba(255, 255, 255, 1) 11%, rgba(255, 255, 255, 1) 81%)","section_background_image_color":"","section_background_size":"cover","mobile_section_background_image_color":"","mobile_section_background_size":"cover","section_padding_top_bottom":0,"mobile_section_padding_top_bottom":25,"section_padding_left_right":0,"mobile_section_padding_left_right":0,"container_background_color":"","container_max_width":10000,"container_padding_top_bottom":0,"mobile_container_padding_top_bottom":10,"container_padding_left_right":0,"mobile_container_padding_left_right":0,"element_spacing":10,"container_radius":0,"container_shadow":false,"container_border_size":0,"container_border_color":"#888888","tile_text_size":20,"tile_text_color":"#ffffff","show_text_shadow":false,"tile_height":350,"grid_gap":0,"tile_height_mobile":350,"cover_background":"linear-gradient(164deg, rgba(17, 17, 17, 1), rgba(85, 85, 85, 1) 100%)","cover_opacity":25,"grid_type":"2-col","media_radius":0,"media_shadow":true,"text_alignment":"center","mobile_text_alignment":"center","headline":"<strong>TIGHTS VS. BIB TIGHTS<\/strong>","text":"Both fight the cold. The difference is how they stay put—and how they treat your core.","headline_spacing":15,"progress_background_color":"linear-gradient(177deg, rgba(17, 17, 17, .25) 3%, rgba(17, 17, 17, 0.25) 100%)","progress_foreground_color":"linear-gradient(177deg, rgba(17, 17, 17, 1) 3%, rgba(17, 17, 17, 1) 100%)","indicator_color":"#000000","enable_autoplay":true,"autoplay_time":"5000"}},"sp_card_grid_wVN3Um":{"type":"sp-card-grid","blocks":{"feature_aw7YND":{"type":"feature","settings":{"background_image":"shopify:\/\/shop_images\/BikePI-F24-Road-CO-356-1200x800-5b2df79_1.jpg","headline":"AmFIB® Softshell","description":"Windproof where it counts; fleece comfort where it breathes.","cta":"LEARN MORE","cta_link":"shopify:\/\/pages\/technology","open_in_blank":false}},"feature_VAdCNA":{"type":"feature","settings":{"background_image":"shopify:\/\/shop_images\/BikePI-F24-Road_SF-291-1200x800-5b2df79.jpg","headline":"PI Dry®","description":"Durable, eco-friendly water-shedding that beads spray and dries fast.","cta":"LEARN MORE","cta_link":"shopify:\/\/pages\/technology","open_in_blank":false}},"feature_VXybeE":{"type":"feature","settings":{"background_image":"shopify:\/\/shop_images\/BikePI-F24-Road_SF-332-1200x800-5b2df79_1.jpg","headline":"Levitate™ Chamois","description":"Multi-density foams that reduce friction and keep support steady as miles stack.","cta":"LEARN MORE","cta_link":"shopify:\/\/pages\/chamois-guide","open_in_blank":false}}},"block_order":["feature_aw7YND","feature_VAdCNA","feature_VXybeE"],"name":"🚀 Card Grid","settings":{"override_fonts":false,"headline_font":"system_ui_n4","text_font":"system_ui_n4","override_text_sizes":true,"text_size":15,"mobile_text_size":15,"text_line_height":"1.5","headline_size":40,"mobile_headline_size":38,"headline_line_height":"1.2","override_text_colors":true,"text_color":"#000","link_color":"#005bd3","show_on_device":"all","section_background_color":"radial-gradient(rgba(248, 246, 241, 1), rgba(248, 246, 241, 1) 100%)","section_background_image_color":"","section_background_size":"cover","mobile_section_background_image_color":"","mobile_section_background_size":"cover","section_padding_top_bottom":25,"mobile_section_padding_top_bottom":25,"section_padding_left_right":75,"mobile_section_padding_left_right":25,"container_background_color":"","container_max_width":2000,"container_padding_top_bottom":40,"mobile_container_padding_top_bottom":10,"container_padding_left_right":10,"mobile_container_padding_left_right":0,"element_spacing":15,"container_radius":0,"container_shadow":false,"container_border_size":0,"container_border_color":"#888888","columns":"auto","grid_gap":35,"card_uniform_height":true,"card_vertical_alignment":"center","make_card_clickable":true,"hide_button":false,"card_element_spacing":5,"card_padding":15,"card_text_size":14,"card_headline_size":20,"card_background_color":"#ffffff","card_text_color":"#000000","card_radius":15,"card_shadow":true,"card_hover_animation":true,"show_description":true,"truncate_description":false,"truncate_length":50,"button_padding_tb":5,"button_padding_lr":10,"button_border_radius":50,"button_border_size":0,"button_border_color":"#888888","button_background_color":"linear-gradient(164deg, rgba(0, 0, 0, 1), rgba(0, 0, 0, 1) 100%)","button_text_color":"#ffffff","button_text_size":12,"media_aspect_ratio":"4 \/ 3","media_aspect_ratio_mobile":"4 \/ 3","mobile_display":"slideshow","mobile_columns":"1fr","progress_background_color":"linear-gradient(177deg, rgba(17, 17, 17, .25) 3%, rgba(17, 17, 17, 0.25) 100%)","progress_foreground_color":"linear-gradient(177deg, rgba(17, 17, 17, 1) 3%, rgba(17, 17, 17, 1) 100%)","indicator_color":"#111111","enable_autoplay":true,"autoplay_time":"5000","text_alignment":"left","mobile_text_alignment":"center","headline":"<strong>TECH SPOTLIGHTS<\/strong>","text":"","headline_spacing":5}},"sp_image_with_text_aJ3AqA":{"type":"sp-image-with-text","custom_css":["a.spro-cta {border: 2px solid #000000; margin-bottom: 5%;}","a.spro-cta:hover {color: #ffffff !important; background: #000000;}",".spro-column-text {padding-left: 15%; padding-right: 15%; padding-top: 3%;}"],"name":"🚀 Image with Text","settings":{"override_fonts":false,"headline_font":"system_ui_n4","text_font":"system_ui_n4","override_text_sizes":true,"text_size":15,"mobile_text_size":15,"text_line_height":"1.5","headline_size":48,"mobile_headline_size":40,"headline_line_height":"1.2","override_text_colors":true,"text_color":"#000000","link_color":"#005bd3","show_on_device":"all","section_background_color":"linear-gradient(127deg, rgba(255, 255, 255, 1) 11%, rgba(255, 255, 255, 1) 81%)","section_background_image_color":"","section_background_size":"cover","mobile_section_background_image_color":"","mobile_section_background_size":"cover","section_padding_top_bottom":0,"mobile_section_padding_top_bottom":0,"section_padding_left_right":0,"mobile_section_padding_left_right":0,"container_background_color":"","container_max_width":10000,"container_padding_top_bottom":0,"mobile_container_padding_top_bottom":0,"container_padding_left_right":0,"mobile_container_padding_left_right":0,"element_spacing":15,"container_radius":0,"container_shadow":false,"container_border_size":0,"container_border_color":"#888888","grid_gap":0,"grid_display":"1fr 1fr","grid_vertical_alignament":"center","image_location":"left","mobile_image_location":"top","image_aspect_ratio":"16 \/ 9","border_radius":0,"media_shadow":false,"image":"shopify:\/\/shop_images\/BikePI-F23-Road-CO-0198-1920x1281-165ace2-min.jpg","text_alignment":"left","mobile_text_alignment":"center","headline":"<strong>BEAD THE SRPAY.<\/strong>","content":"<p>These pieces blend PI Dry® water-shedding tech with softshell panels up front and breathable thermal backs, so spray beads off while your cadence stays steady. Ideal for rain, mist, and grit-heavy roads, they deliver warmth without the boil-over—quick-dry fleece regulates heat, and secure cuffs lock in the seal.<\/p><p><strong>What matters:<\/strong> Water-shedding finishes (PI Dry®), quick-dry fleece, secure cuffs.<\/p>","content_padding_top_bottom":0,"mobile_content_padding_top_bottom":0,"content_padding_left_right":150,"mobile_content_padding_left_right":0,"button_background_color":"linear-gradient(164deg, rgba(0, 0, 0, 1), rgba(0, 0, 0, 1) 100%)","button_text_color":"#ffffff","button_text_size":15,"button_padding_tb":10,"button_padding_lr":25,"button_border_radius":50,"link_text":"SHOP WET WEATHER TIGHTS","link":"shopify:\/\/collections\/cycling-tights-for-wet-weather","open_in_blank":false}},"sp_image_with_text_RdY7C3":{"type":"sp-image-with-text","custom_css":["a.spro-cta {border: 2px solid #000000; margin-bottom: 5%;}","a.spro-cta:hover {color: #ffffff !important; background: #000000;}",".spro-column-text {padding-left: 15%; padding-right: 15%; padding-top: 3%;}"],"name":"🚀 Image with Text","settings":{"override_fonts":false,"headline_font":"system_ui_n4","text_font":"system_ui_n4","override_text_sizes":true,"text_size":15,"mobile_text_size":15,"text_line_height":"1.5","headline_size":48,"mobile_headline_size":40,"headline_line_height":"1.2","override_text_colors":true,"text_color":"#000000","link_color":"#005bd3","show_on_device":"all","section_background_color":"linear-gradient(127deg, rgba(255, 255, 255, 1) 11%, rgba(255, 255, 255, 1) 81%)","section_background_image_color":"","section_background_size":"cover","mobile_section_background_image_color":"","mobile_section_background_size":"cover","section_padding_top_bottom":0,"mobile_section_padding_top_bottom":0,"section_padding_left_right":0,"mobile_section_padding_left_right":0,"container_background_color":"","container_max_width":10000,"container_padding_top_bottom":0,"mobile_container_padding_top_bottom":0,"container_padding_left_right":0,"mobile_container_padding_left_right":0,"element_spacing":15,"container_radius":0,"container_shadow":false,"container_border_size":0,"container_border_color":"#888888","grid_gap":0,"grid_display":"1fr 1fr","grid_vertical_alignament":"center","image_location":"right","mobile_image_location":"top","image_aspect_ratio":"16 \/ 9","border_radius":0,"media_shadow":false,"image":"shopify:\/\/shop_images\/BikePIF25RoadCA0502-2048x1365-626fde3-min.jpg","text_alignment":"left","mobile_text_alignment":"center","headline":"<strong>THERMAL THAT BREATHES.<\/strong>","content":"<p>Cool, not cruel. Your daily driver for ~34–55°F: brushed thermal that traps heat and moves sweat, with supportive chamois options for real miles. Pick these for commutes, base miles, and steady‑state sessions when breathability matters as much as warmth.<\/p>","content_padding_top_bottom":0,"mobile_content_padding_top_bottom":0,"content_padding_left_right":150,"mobile_content_padding_left_right":0,"button_background_color":"linear-gradient(164deg, rgba(0, 0, 0, 1), rgba(0, 0, 0, 1) 100%)","button_text_color":"#ffffff","button_text_size":15,"button_padding_tb":10,"button_padding_lr":25,"button_border_radius":50,"link_text":"SHOP COOL WEATHER TIGHTS","link":"shopify:\/\/collections\/cycling-tights-for-cool-weather","open_in_blank":false}},"sp_image_with_text_ytnb3J":{"type":"sp-image-with-text","custom_css":["a.spro-cta {border: 2px solid #000000; margin-bottom: 5%;}","a.spro-cta:hover {color: #ffffff !important; background: #000000;}",".spro-column-text {padding-left: 15%; padding-right: 15%; padding-top: 3%;}"],"name":"🚀 Image with Text","settings":{"override_fonts":false,"headline_font":"system_ui_n4","text_font":"system_ui_n4","override_text_sizes":true,"text_size":15,"mobile_text_size":15,"text_line_height":"1.5","headline_size":48,"mobile_headline_size":40,"headline_line_height":"1.2","override_text_colors":true,"text_color":"#000000","link_color":"#005bd3","show_on_device":"all","section_background_color":"linear-gradient(127deg, rgba(255, 255, 255, 1) 11%, rgba(255, 255, 255, 1) 81%)","section_background_image_color":"","section_background_size":"cover","mobile_section_background_image_color":"","mobile_section_background_size":"cover","section_padding_top_bottom":0,"mobile_section_padding_top_bottom":0,"section_padding_left_right":0,"mobile_section_padding_left_right":0,"container_background_color":"","container_max_width":10000,"container_padding_top_bottom":0,"mobile_container_padding_top_bottom":0,"container_padding_left_right":0,"mobile_container_padding_left_right":0,"element_spacing":15,"container_radius":0,"container_shadow":false,"container_border_size":0,"container_border_color":"#888888","grid_gap":0,"grid_display":"1fr 1fr","grid_vertical_alignament":"center","image_location":"left","mobile_image_location":"top","image_aspect_ratio":"16 \/ 9","border_radius":0,"media_shadow":false,"image":"shopify:\/\/shop_images\/BikePI-F22-Road-Winter-Ned-025-2000x1333-282f2dd-min.jpg","text_alignment":"left","mobile_text_alignment":"center","headline":"<strong>WINDPROOF WHERE IT COUNTS.<\/strong>","content":"<p>Deep‑winter defense. AmFIB® softshell shields the front from wind‑chill while fleece panels breathe out the back. Reach for this when temps dip below freezing or the wind has teeth—endurance days, base miles, and dark‑o’clock starts.<\/p>","content_padding_top_bottom":0,"mobile_content_padding_top_bottom":0,"content_padding_left_right":150,"mobile_content_padding_left_right":0,"button_background_color":"linear-gradient(164deg, rgba(0, 0, 0, 1), rgba(0, 0, 0, 1) 100%)","button_text_color":"#ffffff","button_text_size":15,"button_padding_tb":10,"button_padding_lr":25,"button_border_radius":50,"link_text":"SHOP COLD WEATHER TIGHTS","link":"shopify:\/\/collections\/cycling-tights-for-cold-weather","open_in_blank":false}},"sp_hero_mnRgc7":{"type":"sp-hero","name":"🚀 Hero (no CTA)","settings":{"override_fonts":false,"headline_font":"system_ui_n4","text_font":"system_ui_n4","override_text_sizes":true,"text_size":16,"mobile_text_size":15,"text_line_height":"1.5","headline_size":48,"mobile_headline_size":40,"headline_line_height":"1.2","override_text_colors":true,"text_color":"#000000","link_color":"#005bd3","show_on_device":"all","section_background_color":"linear-gradient(127deg, rgba(248, 246, 241, 1) 33%, rgba(255, 255, 255, 1) 81%, rgba(248, 246, 241, 1) 97.125%)","section_background_image_color":"rgba(0,0,0,0)","section_background_size":"cover","mobile_section_background_image_color":"","mobile_section_background_size":"cover","section_padding_top_bottom":0,"mobile_section_padding_top_bottom":0,"section_padding_left_right":0,"mobile_section_padding_left_right":0,"container_background_color":"","container_max_width":10000,"container_padding_top_bottom":0,"mobile_container_padding_top_bottom":10,"container_padding_left_right":0,"mobile_container_padding_left_right":10,"element_spacing":15,"container_radius":0,"container_shadow":false,"container_border_size":0,"container_border_color":"#888888","grid_padding_tb":50,"grid_padding_lr":0,"show_text_shadow":false,"cover_background":"linear-gradient(164deg, rgba(255, 255, 255, 1) 6%, rgba(255, 255, 255, 1) 65%, rgba(255, 255, 255, 1) 89%)","cover_opacity":15,"box_alignment":"center","button_background_color":"linear-gradient(164deg, rgba(0, 0, 0, 1), rgba(0, 0, 0, 1) 100%)","button_text_color":"#ffffff","button_padding_tb":10,"button_padding_lr":25,"button_border_radius":50,"text_alignment":"center","mobile_text_alignment":"center","headline":"<strong>CHAMOIS OR NO CHAMOIS?<\/strong>","content":"<p>For long rides, a chamois matters. Our Levitate™ family reduces friction, cushions where it counts, and stays stable as the miles stack. But sometimes less is more—commutes, gym-to-ride transitions, or layering over your favorite short all call for a clean, no-chamois option. The choice comes down to distance, duration, and how you layer.<\/p>","cta":"","cta_link":"","image_size":2000,"mobile_image_size":800}},"sp_image_with_text_mmD4Hi":{"type":"sp-image-with-text","custom_css":["a.spro-cta {border: 2px solid #000000; margin-bottom: 5%;}","a.spro-cta:hover {color: #ffffff !important; background: #000000;}",".spro-column-text {padding-left: 15%; padding-right: 15%; padding-top: 3%;}"],"name":"🚀 Image with Text","settings":{"override_fonts":false,"headline_font":"system_ui_n4","text_font":"system_ui_n4","override_text_sizes":true,"text_size":15,"mobile_text_size":15,"text_line_height":"1.5","headline_size":48,"mobile_headline_size":40,"headline_line_height":"1.2","override_text_colors":true,"text_color":"#000000","link_color":"#005bd3","show_on_device":"all","section_background_color":"linear-gradient(127deg, rgba(255, 255, 255, 1) 11%, rgba(255, 255, 255, 1) 81%, rgba(255, 255, 255, 1) 96.043%)","section_background_image_color":"","section_background_size":"cover","mobile_section_background_image_color":"","mobile_section_background_size":"cover","section_padding_top_bottom":0,"mobile_section_padding_top_bottom":0,"section_padding_left_right":0,"mobile_section_padding_left_right":0,"container_background_color":"","container_max_width":10000,"container_padding_top_bottom":0,"mobile_container_padding_top_bottom":0,"container_padding_left_right":0,"mobile_container_padding_left_right":0,"element_spacing":15,"container_radius":0,"container_shadow":false,"container_border_size":0,"container_border_color":"#888888","grid_gap":0,"grid_display":"1fr 1fr","grid_vertical_alignament":"center","image_location":"right","mobile_image_location":"top","image_aspect_ratio":"16 \/ 9","border_radius":0,"media_shadow":false,"image":"shopify:\/\/shop_images\/Road_video_1-min.png","text_alignment":"left","mobile_text_alignment":"center","headline":"<strong>COMPLETE THE SYSTEM<\/strong>","content":"<p>Better than warm—controlled. Winter riding is all about managing heat, moisture, and wind. Start with a base to move sweat, add thermal insulation to hold heat, and finish with outer layers that block rain and bite. Pair your tights with the right top half and accessories, and the ride stays steady no matter the forecast.<\/p>","content_padding_top_bottom":0,"mobile_content_padding_top_bottom":0,"content_padding_left_right":150,"mobile_content_padding_left_right":0,"button_background_color":"linear-gradient(164deg, rgba(0, 0, 0, 1), rgba(0, 0, 0, 1) 100%)","button_text_color":"#ffffff","button_text_size":15,"button_padding_tb":10,"button_padding_lr":25,"button_border_radius":50,"link_text":"LEARN LAYERING","link":"https:\/\/www.pearlizumi.com\/pages\/how-to-choose-the-right-cycling-base-layer","open_in_blank":false}},"sp_faq_gXMXdE":{"type":"sp-faq","blocks":{"question_Ani7tr":{"type":"question","settings":{"question":"Do I need bib tights or regular tights?","answer":"<p><strong>Bib tights<\/strong> stay put with straps, remove waistband pressure, and seal the gap between jersey and tight—making them ideal for longer rides and colder conditions. <strong>Regular tights<\/strong> are quicker to pull on\/off, layer easily over padded shorts, and work well for commuting or mixed-use. Think distance and temperature: the longer and colder it gets, the more bibs make sense.<\/p>","is_open":true}},"question_c3dwxc":{"type":"question","settings":{"question":"Should I choose tights with or without a chamois?","answer":"<p>If you’re riding long miles, a <strong>built-in chamois<\/strong> adds critical comfort and stability. Our Levitate™ family is designed to reduce friction, cushion where needed, and stay steady as the ride wears on. <strong>No-chamois tights<\/strong> are better if you want to layer over padded shorts, use the same tight for commuting and the gym, or prefer flexibility in how you build your kit.<\/p>","is_open":false}},"question_At7Vnc":{"type":"question","settings":{"question":"What temperature ranges are Thermal vs. AmFIB® tights designed for?","answer":"<p><strong>Thermal tights<\/strong> are your everyday cold-weather gear—best around <strong>34–45°F<\/strong>, where warmth and breathability need to balance. <strong>AmFIB® tights<\/strong> add windproof softshell panels, making them the pick for <strong>sub-freezing rides, strong wind, or sleet<\/strong>. Intensity and layering matter too: harder efforts or more base layers shift the range.<\/p>","is_open":false}},"question_7hbRD8":{"type":"question","settings":{"question":"How should winter tights fit?","answer":"<p>They should feel <strong>supportive, not restrictive<\/strong>. Expect light compression through the legs, no sag at the knee, and straps that lie flat without digging. A proper fit disappears once you’re pedaling—no shifting, no bunching, just steady warmth and motion. If you’re between sizes, inseam length and strap comfort should guide the choice.<\/p>","is_open":false}},"question_TrpKxe":{"type":"question","settings":{"question":"Are these tights water-resistant or waterproof?","answer":"<p>Most winter tights are <strong>water-resistant, not fully waterproof<\/strong>. Finishes like <strong>PI Dry®<\/strong> bead off road spray and light rain without affecting stretch or breathability. For full waterproofing, look to our <strong>WxB jackets and shells<\/strong>, but for legs, water-shedding tights are the sweet spot: they block grime and stay comfortable without trapping heat.<\/p>","is_open":false}},"question_NQCqgw":{"type":"question","settings":{"question":"How do women’s bib tights handle bathroom breaks?","answer":"<p>Select women’s bib tights feature <strong>drop-tail designs or smart-strap systems<\/strong> that make nature breaks quick and low-stress. That means no removing layers, gloves, or jackets—just ride-ready function designed for real-world stops. Check the product details to confirm if the feature is included.<\/p>","is_open":false}},"question_fmwwA7":{"type":"question","settings":{"question":"How do I care for tights with special finishes like PI Dry® or AmFIB®?","answer":"<p>Wash cold, use mild detergent, and skip fabric softeners—they can clog performance finishes. Hang dry whenever possible to protect stretch and the chamois. For water-repellent fabrics like <strong>PI Dry®<\/strong>, a low tumble-dry cycle can help reactivate the finish. Treated right, your tights will hold their weather protection and fit season after season.<\/p>","is_open":false}}},"block_order":["question_Ani7tr","question_c3dwxc","question_At7Vnc","question_7hbRD8","question_TrpKxe","question_NQCqgw","question_fmwwA7"],"name":"🚀 FAQ","settings":{"override_fonts":false,"headline_font":"system_ui_n4","text_font":"system_ui_n4","override_text_sizes":true,"text_size":15,"mobile_text_size":15,"text_line_height":"1.5","headline_size":48,"mobile_headline_size":40,"headline_line_height":"1.2","override_text_colors":true,"text_color":"#000000","link_color":"#005bd3","show_on_device":"all","section_background_color":"linear-gradient(127deg, rgba(255, 255, 255, 1) 11%, rgba(255, 255, 255, 1) 81%)","section_background_image_color":"","section_background_size":"cover","mobile_section_background_image_color":"","mobile_section_background_size":"cover","section_padding_top_bottom":50,"mobile_section_padding_top_bottom":40,"section_padding_left_right":25,"mobile_section_padding_left_right":25,"container_background_color":"","container_max_width":1200,"container_padding_top_bottom":10,"mobile_container_padding_top_bottom":10,"container_padding_left_right":10,"mobile_container_padding_left_right":10,"element_spacing":15,"container_radius":0,"container_shadow":false,"container_border_size":0,"container_border_color":"#888888","question_text_size":25,"question_color":"#000000","answer_color":"#444444","text_alignment":"center","mobile_text_alignment":"center","headline":"<strong>ANY QUESTIONS?<\/strong>","text":"","headline_spacing":15}},"sp_hero_g6JDy6":{"type":"sp-hero","name":"🚀 Hero","settings":{"override_fonts":false,"headline_font":"system_ui_n4","text_font":"system_ui_n4","override_text_sizes":false,"text_size":16,"mobile_text_size":15,"text_line_height":"1.5","headline_size":58,"mobile_headline_size":40,"headline_line_height":"1.2","override_text_colors":false,"text_color":"#ffffff","link_color":"#005bd3","show_on_device":"desktop","section_background_color":"linear-gradient(127deg, rgba(241, 246, 251, 1) 11%, rgba(241, 246, 251, 1) 81%)","section_background_image_color":"","section_background_size":"cover","mobile_section_background_image_color":"","mobile_section_background_size":"cover","section_padding_top_bottom":0,"mobile_section_padding_top_bottom":0,"section_padding_left_right":0,"mobile_section_padding_left_right":0,"container_background_color":"","container_max_width":10000,"container_padding_top_bottom":0,"mobile_container_padding_top_bottom":10,"container_padding_left_right":0,"mobile_container_padding_left_right":10,"element_spacing":15,"container_radius":0,"container_shadow":false,"container_border_size":0,"container_border_color":"#888888","grid_padding_tb":150,"grid_padding_lr":0,"show_text_shadow":false,"cover_background":"linear-gradient(164deg, rgba(17, 17, 17, 1), rgba(0, 0, 0, 1) 100%)","cover_opacity":15,"box_alignment":"left","button_background_color":"linear-gradient(164deg, rgba(255, 255, 255, 1), rgba(255, 255, 255, 1) 100%)","button_text_color":"#000000","button_padding_tb":15,"button_padding_lr":30,"button_border_radius":50,"text_alignment":"left","mobile_text_alignment":"center","headline":"","content":"","cta":"","cta_link":"","hero_image":"shopify:\/\/shop_images\/Group_56-min_1.png","image_size":2000,"mobile_image_size":800}},"sp_hero_YeCDkg":{"type":"sp-hero","name":"🚀 Hero (Mobile)","settings":{"override_fonts":false,"headline_font":"system_ui_n4","text_font":"system_ui_n4","override_text_sizes":false,"text_size":16,"mobile_text_size":15,"text_line_height":"1.5","headline_size":58,"mobile_headline_size":40,"headline_line_height":"1.2","override_text_colors":false,"text_color":"#ffffff","link_color":"#005bd3","show_on_device":"mobile","section_background_color":"linear-gradient(127deg, rgba(241, 246, 251, 1) 11%, rgba(241, 246, 251, 1) 81%)","section_background_image_color":"","section_background_size":"cover","mobile_section_background_image_color":"","mobile_section_background_size":"cover","section_padding_top_bottom":0,"mobile_section_padding_top_bottom":0,"section_padding_left_right":0,"mobile_section_padding_left_right":0,"container_background_color":"","container_max_width":10000,"container_padding_top_bottom":0,"mobile_container_padding_top_bottom":10,"container_padding_left_right":0,"mobile_container_padding_left_right":10,"element_spacing":15,"container_radius":0,"container_shadow":false,"container_border_size":0,"container_border_color":"#888888","grid_padding_tb":150,"grid_padding_lr":0,"show_text_shadow":true,"cover_background":"linear-gradient(164deg, rgba(17, 17, 17, 1), rgba(0, 0, 0, 1) 100%)","cover_opacity":15,"box_alignment":"left","button_background_color":"linear-gradient(164deg, rgba(255, 255, 255, 1), rgba(255, 255, 255, 1) 100%)","button_text_color":"#000000","button_padding_tb":15,"button_padding_lr":30,"button_border_radius":50,"text_alignment":"left","mobile_text_alignment":"center","headline":"","content":"","cta":"","cta_link":"","hero_image":"shopify:\/\/shop_images\/Group_56-min_1.png","image_size":2000,"mobile_image_size":800}}},"order":["sp_hero_6CJB8L","sp_hero_FmPcjH","sp_grid_premium_mLBNEQ","sp_card_grid_wVN3Um","sp_image_with_text_aJ3AqA","sp_image_with_text_RdY7C3","sp_image_with_text_ytnb3J","sp_hero_mnRgc7","sp_image_with_text_mmD4Hi","sp_faq_gXMXdE","sp_hero_g6JDy6","sp_hero_YeCDkg"]}