{"sections":{"sp_hero_6CJB8L":{"type":"sp-hero","custom_css":[".spro-container a.spro-cta {border: 2px solid #ffffff;}",".spro-container a.spro-cta:hover {border: 2px solid #000000; transform: translateY(0px);}",".spro-headline {padding: 0 50px 0 0;}",".spro-container > .spro-grid {margin-left: 100px;}","p strong {font-size: 30px;}"],"name":"🚀 Main Hero","settings":{"override_fonts":false,"headline_font":"system_ui_n4","text_font":"system_ui_n4","override_text_sizes":true,"text_size":16,"mobile_text_size":15,"text_line_height":"1.5","headline_size":58,"mobile_headline_size":40,"headline_line_height":"1.2","override_text_colors":true,"text_color":"#ffffff","link_color":"#005bd3","show_on_device":"desktop","section_background_color":"linear-gradient(127deg, rgba(241, 246, 251, 1) 11%, rgba(241, 246, 251, 1) 81%)","section_background_image_color":"","section_background_size":"cover","mobile_section_background_image_color":"","mobile_section_background_size":"cover","section_padding_top_bottom":0,"mobile_section_padding_top_bottom":0,"section_padding_left_right":0,"mobile_section_padding_left_right":0,"container_background_color":"","container_max_width":10000,"container_padding_top_bottom":0,"mobile_container_padding_top_bottom":10,"container_padding_left_right":0,"mobile_container_padding_left_right":10,"element_spacing":15,"container_radius":0,"container_shadow":false,"container_border_size":0,"container_border_color":"#888888","grid_padding_tb":300,"grid_padding_lr":0,"show_text_shadow":true,"cover_background":"linear-gradient(164deg, rgba(17, 17, 17, 1), rgba(0, 0, 0, 1) 100%)","cover_opacity":15,"box_alignment":"left","button_background_color":"linear-gradient(164deg, rgba(255, 255, 255, 1), rgba(255, 255, 255, 1) 100%)","button_text_color":"#000000","button_padding_tb":10,"button_padding_lr":25,"button_border_radius":50,"text_alignment":"left","mobile_text_alignment":"center","headline":"<strong>PEARL iZUMi ORIGINS<\/strong>","content":"","cta":"","cta_link":"","hero_image":"shopify:\/\/shop_images\/hero_84af67f6-fa42-40cc-9089-87ac8b4bebee.webp","image_size":20000,"mobile_image_size":800}},"sp_hero_FmPcjH":{"type":"sp-hero","custom_css":[".spro-container a.spro-cta {border: 2px solid #ffffff;}",".spro-container a.spro-cta:hover {border: 2px solid #000000; transform: translateY(0px);}",".spro-headline {padding: 0 0 0 10px;}",".spro-container > .spro-grid {margin-right: 80px;}"],"name":"🚀 Main Hero (Mobile)","settings":{"override_fonts":false,"headline_font":"system_ui_n4","text_font":"system_ui_n4","override_text_sizes":true,"text_size":16,"mobile_text_size":15,"text_line_height":"1.5","headline_size":58,"mobile_headline_size":40,"headline_line_height":"1.2","override_text_colors":true,"text_color":"#ffffff","link_color":"#005bd3","show_on_device":"mobile","section_background_color":"linear-gradient(127deg, rgba(241, 246, 251, 1) 11%, rgba(241, 246, 251, 1) 81%)","section_background_image_color":"","section_background_size":"cover","mobile_section_background_image_color":"","mobile_section_background_size":"cover","section_padding_top_bottom":0,"mobile_section_padding_top_bottom":0,"section_padding_left_right":0,"mobile_section_padding_left_right":0,"container_background_color":"","container_max_width":10000,"container_padding_top_bottom":0,"mobile_container_padding_top_bottom":0,"container_padding_left_right":0,"mobile_container_padding_left_right":0,"element_spacing":15,"container_radius":0,"container_shadow":false,"container_border_size":0,"container_border_color":"#888888","grid_padding_tb":150,"grid_padding_lr":5,"show_text_shadow":true,"cover_background":"linear-gradient(164deg, rgba(17, 17, 17, 1), rgba(0, 0, 0, 1) 100%)","cover_opacity":15,"box_alignment":"left","button_background_color":"linear-gradient(164deg, rgba(255, 255, 255, 1), rgba(255, 255, 255, 1) 100%)","button_text_color":"#000000","button_padding_tb":10,"button_padding_lr":15,"button_border_radius":50,"text_alignment":"center","mobile_text_alignment":"left","headline":"<strong>PEARL iZUMi ORIGINS<\/strong>","content":"","cta":"","cta_link":"","hero_image":"shopify:\/\/shop_images\/hero_4dd4e1d9-59cd-493f-b324-de50d9004ac2.webp","image_size":0,"mobile_image_size":800}},"sp_hero_g7gtrb":{"type":"sp-hero","custom_css":[".spro-headline {padding-top: 50px; padding-left: 0px; padding-right: 0px;}",".spro-container > .spro-grid {max-width: none;}"],"name":"🚀 Hero (no CTA)","settings":{"override_fonts":false,"headline_font":"system_ui_n4","text_font":"system_ui_n4","override_text_sizes":true,"text_size":16,"mobile_text_size":15,"text_line_height":"1.5","headline_size":48,"mobile_headline_size":40,"headline_line_height":"1.2","override_text_colors":true,"text_color":"#000000","link_color":"#005bd3","show_on_device":"all","section_background_color":"linear-gradient(127deg, rgba(248, 246, 241, 1) 33%, rgba(255, 255, 255, 1) 81%, rgba(248, 246, 241, 1) 97.125%)","section_background_image_color":"rgba(0,0,0,0)","section_background_size":"cover","mobile_section_background_image_color":"","mobile_section_background_size":"cover","section_padding_top_bottom":0,"mobile_section_padding_top_bottom":0,"section_padding_left_right":0,"mobile_section_padding_left_right":0,"container_background_color":"","container_max_width":10000,"container_padding_top_bottom":0,"mobile_container_padding_top_bottom":10,"container_padding_left_right":0,"mobile_container_padding_left_right":10,"element_spacing":15,"container_radius":0,"container_shadow":false,"container_border_size":0,"container_border_color":"#888888","grid_padding_tb":50,"grid_padding_lr":0,"show_text_shadow":false,"cover_background":"linear-gradient(164deg, rgba(255, 255, 255, 1) 6%, rgba(255, 255, 255, 1) 65%, rgba(255, 255, 255, 1) 89%)","cover_opacity":15,"box_alignment":"center","button_background_color":"linear-gradient(164deg, rgba(0, 0, 0, 1), rgba(0, 0, 0, 1) 100%)","button_text_color":"#ffffff","button_padding_tb":10,"button_padding_lr":25,"button_border_radius":50,"text_alignment":"center","mobile_text_alignment":"center","headline":"To know where you are going, you first have to know where you came from. These are the moments that set our history in motion, and still push us forward today.","content":"","cta":"","cta_link":"","image_size":2000,"mobile_image_size":800}},"sp_hero_66qdwC":{"type":"sp-hero","name":"🚀 Hero (CTA)","settings":{"override_fonts":false,"headline_font":"system_ui_n4","text_font":"system_ui_n4","override_text_sizes":true,"text_size":16,"mobile_text_size":15,"text_line_height":"1.5","headline_size":58,"mobile_headline_size":40,"headline_line_height":"1.2","override_text_colors":true,"text_color":"#ffffff","link_color":"#005bd3","show_on_device":"all","section_background_color":"linear-gradient(127deg, rgba(241, 246, 251, 1) 11%, rgba(241, 246, 251, 1) 81%)","section_background_image_color":"","section_background_size":"cover","mobile_section_background_image_color":"","mobile_section_background_size":"cover","section_padding_top_bottom":0,"mobile_section_padding_top_bottom":0,"section_padding_left_right":0,"mobile_section_padding_left_right":0,"container_background_color":"","container_max_width":10000,"container_padding_top_bottom":0,"mobile_container_padding_top_bottom":10,"container_padding_left_right":0,"mobile_container_padding_left_right":10,"element_spacing":15,"container_radius":0,"container_shadow":false,"container_border_size":0,"container_border_color":"#888888","grid_padding_tb":150,"grid_padding_lr":0,"show_text_shadow":true,"cover_background":"linear-gradient(164deg, rgba(17, 17, 17, 1), rgba(0, 0, 0, 1) 100%)","cover_opacity":15,"box_alignment":"left","button_background_color":"linear-gradient(164deg, rgba(0, 0, 0, 1), rgba(0, 0, 0, 1) 100%)","button_text_color":"#ffffff","button_padding_tb":10,"button_padding_lr":25,"button_border_radius":50,"text_alignment":"left","mobile_text_alignment":"center","headline":"<strong>90 POUNDS. 38 MILES.<\/strong>","content":"<p>Before there was a PEARL iZUMi, there was a man and a bike. He rode that bike 38 miles a day, every day. Not for exercise or for the fun of it, but to deliver 90 pounds of clothing to his customers in a neighboring village. The year: 1950. The man’s name: Kinji Shimizu. And in fourteen short years, he’d go from lugging clothing on a bike to redefining what every cyclist wore on them.<\/p>","cta":"","cta_link":"","hero_image":"shopify:\/\/shop_images\/origins-1.webp","image_size":20000,"mobile_image_size":800}},"sp_hero_icgpYC":{"type":"sp-hero","name":"🚀 Hero (CTA)","settings":{"override_fonts":false,"headline_font":"system_ui_n4","text_font":"system_ui_n4","override_text_sizes":true,"text_size":16,"mobile_text_size":15,"text_line_height":"1.5","headline_size":58,"mobile_headline_size":40,"headline_line_height":"1.2","override_text_colors":true,"text_color":"#ffffff","link_color":"#005bd3","show_on_device":"all","section_background_color":"linear-gradient(127deg, rgba(241, 246, 251, 1) 11%, rgba(241, 246, 251, 1) 81%)","section_background_image_color":"","section_background_size":"cover","mobile_section_background_image_color":"","mobile_section_background_size":"cover","section_padding_top_bottom":0,"mobile_section_padding_top_bottom":0,"section_padding_left_right":0,"mobile_section_padding_left_right":0,"container_background_color":"","container_max_width":10000,"container_padding_top_bottom":0,"mobile_container_padding_top_bottom":10,"container_padding_left_right":0,"mobile_container_padding_left_right":10,"element_spacing":15,"container_radius":0,"container_shadow":false,"container_border_size":0,"container_border_color":"#888888","grid_padding_tb":150,"grid_padding_lr":0,"show_text_shadow":true,"cover_background":"linear-gradient(164deg, rgba(17, 17, 17, 1), rgba(0, 0, 0, 1) 100%)","cover_opacity":15,"box_alignment":"left","button_background_color":"linear-gradient(164deg, rgba(0, 0, 0, 1), rgba(0, 0, 0, 1) 100%)","button_text_color":"#ffffff","button_padding_tb":10,"button_padding_lr":25,"button_border_radius":50,"text_alignment":"left","mobile_text_alignment":"center","headline":"<strong>1 IN 15.<\/strong>","content":"<p>In 1964, one of Kinji’s sons, Hiro, raced for the Japanese national team at the Asian Cycling Championships. The team ordered its usual fourteen cotton kits. And a special fifteenth. After the races, the team director filled a helmet with scraps of paper with each racer’s name. As fate would have it, Hiro’s name was pulled. He won the special jersey. It was made in Italy and 100% nylon. Unlike anything he’d ever seen before.<\/p>","cta":"","cta_link":"","hero_image":"shopify:\/\/shop_images\/origins-2.webp","image_size":20000,"mobile_image_size":800}},"sp_hero_HyecJU":{"type":"sp-hero","name":"🚀 Hero (CTA)","settings":{"override_fonts":false,"headline_font":"system_ui_n4","text_font":"system_ui_n4","override_text_sizes":true,"text_size":16,"mobile_text_size":15,"text_line_height":"1.5","headline_size":58,"mobile_headline_size":40,"headline_line_height":"1.2","override_text_colors":true,"text_color":"#ffffff","link_color":"#005bd3","show_on_device":"all","section_background_color":"linear-gradient(127deg, rgba(241, 246, 251, 1) 11%, rgba(241, 246, 251, 1) 81%)","section_background_image_color":"","section_background_size":"cover","mobile_section_background_image_color":"","mobile_section_background_size":"cover","section_padding_top_bottom":0,"mobile_section_padding_top_bottom":0,"section_padding_left_right":0,"mobile_section_padding_left_right":0,"container_background_color":"","container_max_width":10000,"container_padding_top_bottom":0,"mobile_container_padding_top_bottom":10,"container_padding_left_right":0,"mobile_container_padding_left_right":10,"element_spacing":15,"container_radius":0,"container_shadow":false,"container_border_size":0,"container_border_color":"#888888","grid_padding_tb":150,"grid_padding_lr":0,"show_text_shadow":true,"cover_background":"linear-gradient(164deg, rgba(17, 17, 17, 1), rgba(0, 0, 0, 1) 100%)","cover_opacity":15,"box_alignment":"left","button_background_color":"linear-gradient(164deg, rgba(0, 0, 0, 1), rgba(0, 0, 0, 1) 100%)","button_text_color":"#ffffff","button_padding_tb":10,"button_padding_lr":25,"button_border_radius":50,"text_alignment":"left","mobile_text_alignment":"center","headline":"RELENTLESS FORCE.","content":"<p>Later that year, Kinji created his first kit based on that made in Italy design. He used only the best materials he could find. Kinji continued pushing his concepts. He was endless in his endeavors, constantly researching new fabrics and studying the body in motion. Over the next five decades, this obsessive approach led to innovation after innovation. Building the very foundation for everything we do today.<\/p>","cta":"","cta_link":"","hero_image":"shopify:\/\/shop_images\/origins-3.webp","image_size":20000,"mobile_image_size":800}},"sp_image_with_text_aJ3AqA":{"type":"sp-image-with-text","custom_css":["a.spro-cta {border: 2px solid #000000; margin-bottom: 5%;}","a.spro-cta:hover {color: #ffffff !important; background: #000000;}",".spro-column-text {padding-left: 15%; padding-right: 15%; padding-top: 3%;}"],"name":"🚀 Image with Text (v1)","settings":{"override_fonts":false,"headline_font":"system_ui_n4","text_font":"system_ui_n4","override_text_sizes":true,"text_size":15,"mobile_text_size":15,"text_line_height":"1.5","headline_size":48,"mobile_headline_size":40,"headline_line_height":"1.2","override_text_colors":true,"text_color":"#000000","link_color":"#005bd3","show_on_device":"all","section_background_color":"linear-gradient(127deg, rgba(255, 255, 255, 1) 11%, rgba(255, 255, 255, 1) 81%)","section_background_image_color":"","section_background_size":"cover","mobile_section_background_image_color":"","mobile_section_background_size":"cover","section_padding_top_bottom":0,"mobile_section_padding_top_bottom":0,"section_padding_left_right":0,"mobile_section_padding_left_right":0,"container_background_color":"","container_max_width":10000,"container_padding_top_bottom":0,"mobile_container_padding_top_bottom":0,"container_padding_left_right":0,"mobile_container_padding_left_right":0,"element_spacing":15,"container_radius":0,"container_shadow":false,"container_border_size":0,"container_border_color":"#888888","grid_gap":0,"grid_display":"1fr 1fr","grid_vertical_alignament":"center","image_location":"left","mobile_image_location":"top","image_aspect_ratio":"16 \/ 9","border_radius":0,"media_shadow":false,"image":"shopify:\/\/shop_images\/nno.webp","text_alignment":"left","mobile_text_alignment":"center","headline":"<strong>INNOVATION<\/strong>","content":"<p>We innovate so you ride happier, more comfortably, drier, faster, warmer, and safer. Innovation not for innovation’s sake, but for the goal of making each product better than the last.<\/p>","content_padding_top_bottom":0,"mobile_content_padding_top_bottom":0,"content_padding_left_right":150,"mobile_content_padding_left_right":0,"button_background_color":"linear-gradient(164deg, rgba(17, 17, 17, 1), rgba(51, 51, 51, 1) 100%)","button_text_color":"#ffffff","button_text_size":15,"button_padding_tb":10,"button_padding_lr":25,"button_border_radius":50,"link_text":"","link":"","open_in_blank":false}}},"order":["sp_hero_6CJB8L","sp_hero_FmPcjH","sp_hero_g7gtrb","sp_hero_66qdwC","sp_hero_icgpYC","sp_hero_HyecJU","sp_image_with_text_aJ3AqA"]}