{"sections":{"mens":{"type":"kit-landing-mens","blocks":{"cta_AENY7L":{"type":"CTA","settings":{"cta_image_one":"shopify:\/\/shop_images\/KIt_builder_mens_mtb_b308c6cc-19b3-4e05-906d-70958162b364.png","cta_header_one":"Men's Mountain Kit","cta_description_one":"","cta_url_one":"shopify:\/\/products\/mens-mtb","cta_image_two":"shopify:\/\/shop_images\/KIt_builder_mens_road_975e3187-c7b0-4015-9ca9-0633d4660e33.png","cta_header_two":"Men's Road Kit","cta_description_two":"","cta_url_two":"shopify:\/\/products\/mens-road-kit"}},"cta_eUTPQh":{"type":"CTA","settings":{"cta_image_one":"shopify:\/\/shop_images\/KIt_builder_mens_gravel_ba7b928c-1adc-47c8-ae2a-571a03e7337f.png","cta_header_one":"Men's Gravel Kit","cta_description_one":"","cta_url_one":"shopify:\/\/products\/mens-gravel-essentials","cta_image_two":"shopify:\/\/shop_images\/KIt_builder_mens_cool_88f60149-61a5-4b80-9b71-c7a8fcaa5b93.png","cta_header_two":"Men's Cool Essentials","cta_description_two":"","cta_url_two":"shopify:\/\/products\/mens-cool-essentials"}},"cta_afNTJN":{"type":"CTA","settings":{"cta_image_one":"shopify:\/\/shop_images\/KIt_builder_mens_cold_f52a5eaa-f0f5-4a6b-95b5-00583eff1cac.png","cta_header_one":"Men's Cold Essentials","cta_description_one":"","cta_url_one":"shopify:\/\/products\/mens-cold-essentials","cta_image_two":"shopify:\/\/shop_images\/women_s_kit_builder.webp","cta_header_two":"Looking for Women's Kits?","cta_description_two":"Shop Women's Kits","cta_url_two":"shopify:\/\/pages\/womens-kits"}}},"block_order":["cta_AENY7L","cta_eUTPQh","cta_afNTJN"],"settings":{"kit_header":"","kit_subheader":""}}},"order":["mens"]}