{"sections":{"sp_hero_6CJB8L":{"type":"sp-hero","custom_css":[".spro-container a.spro-cta {border: 2px solid #ffffff;}",".spro-container a.spro-cta:hover {border: 2px solid #000000; transform: translateY(0px);}",".spro-headline {padding: 0 150px 0 0;}",".spro-container > .spro-grid {margin-left: 100px;}"],"name":"🚀 Hero","settings":{"override_fonts":false,"headline_font":"system_ui_n4","text_font":"system_ui_n4","override_text_sizes":true,"text_size":16,"mobile_text_size":15,"text_line_height":"1.5","headline_size":58,"mobile_headline_size":40,"headline_line_height":"1.2","override_text_colors":true,"text_color":"#ffffff","link_color":"#005bd3","show_on_device":"desktop","section_background_color":"linear-gradient(127deg, rgba(241, 246, 251, 1) 11%, rgba(241, 246, 251, 1) 81%)","section_background_image_color":"","section_background_size":"cover","mobile_section_background_image_color":"","mobile_section_background_size":"cover","section_padding_top_bottom":0,"mobile_section_padding_top_bottom":0,"section_padding_left_right":0,"mobile_section_padding_left_right":0,"container_background_color":"","container_max_width":10000,"container_padding_top_bottom":0,"mobile_container_padding_top_bottom":10,"container_padding_left_right":0,"mobile_container_padding_left_right":10,"element_spacing":15,"container_radius":0,"container_shadow":false,"container_border_size":0,"container_border_color":"#888888","grid_padding_tb":225,"grid_padding_lr":0,"show_text_shadow":true,"cover_background":"linear-gradient(164deg, rgba(17, 17, 17, 1), rgba(0, 0, 0, 1) 100%)","cover_opacity":15,"box_alignment":"left","button_background_color":"linear-gradient(164deg, rgba(255, 255, 255, 1), rgba(255, 255, 255, 1) 100%)","button_text_color":"#000000","button_padding_tb":10,"button_padding_lr":25,"button_border_radius":50,"text_alignment":"left","mobile_text_alignment":"center","headline":"<strong>FIND YOUR FIT. RIDE FARTHER.<\/strong>","content":"<p>Discover the perfect cycling shorts or bibs to match your ride. From weekend warriors to elite racers, our gear is built to go the distance.<\/p>","cta":"SHOP ALL SHORTS & BIBS","cta_link":"shopify:\/\/collections\/cycling-shorts-bib-shorts","hero_image":"shopify:\/\/shop_images\/405f09886ff0c560a79a716605486bbcbd884629-min.jpg","image_size":2000,"mobile_image_size":800}},"sp_hero_FmPcjH":{"type":"sp-hero","custom_css":[".spro-container a.spro-cta {border: 2px solid #ffffff;}",".spro-container a.spro-cta:hover {border: 2px solid #000000; transform: translateY(0px);}",".spro-headline {padding: 0 0 0 10px;}",".spro-container > .spro-grid {margin-right: 80px;}"],"name":"🚀 Hero (Mobile)","settings":{"override_fonts":false,"headline_font":"system_ui_n4","text_font":"system_ui_n4","override_text_sizes":true,"text_size":16,"mobile_text_size":15,"text_line_height":"1.5","headline_size":58,"mobile_headline_size":40,"headline_line_height":"1.2","override_text_colors":true,"text_color":"#ffffff","link_color":"#005bd3","show_on_device":"mobile","section_background_color":"linear-gradient(127deg, rgba(241, 246, 251, 1) 11%, rgba(241, 246, 251, 1) 81%)","section_background_image_color":"","section_background_size":"cover","mobile_section_background_image_color":"","mobile_section_background_size":"cover","section_padding_top_bottom":0,"mobile_section_padding_top_bottom":0,"section_padding_left_right":0,"mobile_section_padding_left_right":0,"container_background_color":"","container_max_width":10000,"container_padding_top_bottom":0,"mobile_container_padding_top_bottom":0,"container_padding_left_right":0,"mobile_container_padding_left_right":0,"element_spacing":15,"container_radius":0,"container_shadow":false,"container_border_size":0,"container_border_color":"#888888","grid_padding_tb":150,"grid_padding_lr":5,"show_text_shadow":true,"cover_background":"linear-gradient(164deg, rgba(17, 17, 17, 1), rgba(0, 0, 0, 1) 100%)","cover_opacity":15,"box_alignment":"left","button_background_color":"linear-gradient(164deg, rgba(255, 255, 255, 1), rgba(255, 255, 255, 1) 100%)","button_text_color":"#000000","button_padding_tb":10,"button_padding_lr":15,"button_border_radius":50,"text_alignment":"center","mobile_text_alignment":"left","headline":"<strong>FIND YOUR FIT. RIDE FARTHER.<\/strong>","content":"<p>Discover the perfect cycling shorts or bibs to match your ride. From weekend warriors to elite racers, our gear is built to go the distance.<\/p>","cta":"SHOP ALL SHORTS & BIBS","cta_link":"shopify:\/\/collections\/cycling-jerseys","hero_image":"shopify:\/\/shop_images\/df7b4a4e9fe4ddd8f17cd8e68559de5a3508bfb5-min.jpg","image_size":0,"mobile_image_size":800}},"sp_image_with_text_aJ3AqA":{"type":"sp-image-with-text","custom_css":["a.spro-cta {border: 2px solid #000000;}","a.spro-cta:hover {color: #ffffff !important; background: #000000;}",".spro-column-text {padding-left: 15%; padding-right: 15%; padding-top: 3%;}"],"name":"🚀 Image with Text","settings":{"override_fonts":false,"headline_font":"system_ui_n4","text_font":"system_ui_n4","override_text_sizes":true,"text_size":15,"mobile_text_size":15,"text_line_height":"1.5","headline_size":48,"mobile_headline_size":40,"headline_line_height":"1.2","override_text_colors":true,"text_color":"#000000","link_color":"#005bd3","show_on_device":"all","section_background_color":"linear-gradient(127deg, rgba(255, 255, 255, 1) 11%, rgba(255, 255, 255, 1) 81%)","section_background_image_color":"","section_background_size":"cover","mobile_section_background_image_color":"","mobile_section_background_size":"cover","section_padding_top_bottom":0,"mobile_section_padding_top_bottom":0,"section_padding_left_right":0,"mobile_section_padding_left_right":0,"container_background_color":"","container_max_width":10000,"container_padding_top_bottom":0,"mobile_container_padding_top_bottom":0,"container_padding_left_right":0,"mobile_container_padding_left_right":0,"element_spacing":15,"container_radius":0,"container_shadow":false,"container_border_size":0,"container_border_color":"#888888","grid_gap":0,"grid_display":"1fr 1fr","grid_vertical_alignament":"center","image_location":"left","mobile_image_location":"top","image_aspect_ratio":"16 \/ 9","border_radius":0,"media_shadow":false,"image":"shopify:\/\/shop_images\/5c03f1ae1a75a07369bcef50274cc66da6039c5c-min.jpg","text_alignment":"left","mobile_text_alignment":"center","headline":"<strong>WHY FIT MATTERS<\/strong>","content":"<p>A great ride starts with the right fit. Our shorts and bibs are designed to move with you, reduce fatigue, and enhance comfort—no matter your mileage. When fit is dialed, the chamois stays locked in place, so all you feel is the ride—not the gear.<\/p>","content_padding_top_bottom":0,"mobile_content_padding_top_bottom":0,"content_padding_left_right":150,"mobile_content_padding_left_right":0,"button_background_color":"linear-gradient(164deg, rgba(17, 17, 17, 1), rgba(51, 51, 51, 1) 100%)","button_text_color":"#ffffff","button_text_size":15,"button_padding_tb":10,"button_padding_lr":25,"button_border_radius":50,"link_text":"","link":"","open_in_blank":false}},"sp_hero_g7gtrb":{"type":"sp-hero","custom_css":[".spro-headline {padding-top: 50px; padding-left: 0px; padding-right: 0px;}"],"name":"🚀 Hero","settings":{"override_fonts":false,"headline_font":"system_ui_n4","text_font":"system_ui_n4","override_text_sizes":true,"text_size":16,"mobile_text_size":15,"text_line_height":"1.5","headline_size":48,"mobile_headline_size":40,"headline_line_height":"1.2","override_text_colors":true,"text_color":"#ffffff","link_color":"#005bd3","show_on_device":"desktop","section_background_color":"linear-gradient(127deg, rgba(34, 34, 34, 1) 11%, rgba(34, 34, 34, 1) 81%)","section_background_image_color":"","section_background_size":"cover","mobile_section_background_image_color":"","mobile_section_background_size":"cover","section_padding_top_bottom":0,"mobile_section_padding_top_bottom":0,"section_padding_left_right":0,"mobile_section_padding_left_right":0,"container_background_color":"","container_max_width":10000,"container_padding_top_bottom":0,"mobile_container_padding_top_bottom":10,"container_padding_left_right":0,"mobile_container_padding_left_right":10,"element_spacing":15,"container_radius":0,"container_shadow":false,"container_border_size":0,"container_border_color":"#888888","grid_padding_tb":50,"grid_padding_lr":0,"show_text_shadow":false,"cover_background":"linear-gradient(164deg, rgba(255, 255, 255, 1) 6%, rgba(255, 255, 255, 1) 65%, rgba(255, 255, 255, 1) 89%)","cover_opacity":0,"box_alignment":"center","button_background_color":"linear-gradient(164deg, rgba(0, 0, 0, 1), rgba(0, 0, 0, 1) 100%)","button_text_color":"#ffffff","button_padding_tb":10,"button_padding_lr":25,"button_border_radius":50,"text_alignment":"center","mobile_text_alignment":"center","headline":"<strong>MEET THE CHAMOIS<\/strong>","content":"<p>It’s pronounced 'sham-mee'—and it’s the reason you can ride longer, stronger, and more comfortably. A chamois is the padded insert in cycling shorts and bibs that cushions pressure points and keeps friction in check. At PEARL iZUMi, we design every chamois in-house, giving us the freedom to rethink comfort from the ground up.<\/p>","cta":"","cta_link":"","image_size":2000,"mobile_image_size":800}},"sp_hero_NGxi9w":{"type":"sp-hero","name":"🚀 Hero (Mobile)","settings":{"override_fonts":false,"headline_font":"system_ui_n4","text_font":"system_ui_n4","override_text_sizes":true,"text_size":16,"mobile_text_size":15,"text_line_height":"1.5","headline_size":48,"mobile_headline_size":40,"headline_line_height":"1.2","override_text_colors":true,"text_color":"#000000","link_color":"#005bd3","show_on_device":"mobile","section_background_color":"linear-gradient(127deg, rgba(255, 255, 255, 1) 11%, rgba(255, 255, 255, 1) 81%)","section_background_image_color":"","section_background_size":"cover","mobile_section_background_image_color":"","mobile_section_background_size":"cover","section_padding_top_bottom":0,"mobile_section_padding_top_bottom":0,"section_padding_left_right":0,"mobile_section_padding_left_right":0,"container_background_color":"","container_max_width":10000,"container_padding_top_bottom":0,"mobile_container_padding_top_bottom":10,"container_padding_left_right":0,"mobile_container_padding_left_right":10,"element_spacing":15,"container_radius":0,"container_shadow":false,"container_border_size":0,"container_border_color":"#888888","grid_padding_tb":25,"grid_padding_lr":0,"show_text_shadow":false,"cover_background":"linear-gradient(164deg, rgba(255, 255, 255, 1) 6%, rgba(255, 255, 255, 1) 65%, rgba(255, 255, 255, 1) 89%)","cover_opacity":15,"box_alignment":"center","button_background_color":"linear-gradient(164deg, rgba(0, 0, 0, 1), rgba(0, 0, 0, 1) 100%)","button_text_color":"#ffffff","button_padding_tb":10,"button_padding_lr":25,"button_border_radius":50,"text_alignment":"center","mobile_text_alignment":"center","headline":"<strong>MEET THE CHAMOIS<\/strong>","content":"<p>It’s pronounced 'sham-mee'—and it’s the reason you can ride longer, stronger, and more comfortably. A chamois is the padded insert in cycling shorts and bibs that cushions pressure points and keeps friction in check. At PEARL iZUMi, we design every chamois in-house, giving us the freedom to rethink comfort from the ground up.<\/p>","cta":"DISCOVER MORE","cta_link":"shopify:\/\/collections\/cycling-jerseys","image_size":2000,"mobile_image_size":800}},"sp_card_grid_aqh8n6":{"type":"sp-card-grid","blocks":{"feature_M3zDFJ":{"type":"feature","settings":{"background_image":"shopify:\/\/shop_images\/pro.webp","headline":"<strong>PRO LEVITATE™<\/strong>","description":"Our pinnacle pad built for all-day, high-intensity riding. Multi-density support and a floating top layer deliver unmatched comfort that adapts mile after mile. If you’re chasing performance without compromise, this is the chamois that disappears beneath you.","cta":"Shop Now","cta_link":"shopify:\/\/collections\/pro-levitate-chamois","open_in_blank":false}},"feature_LV6gD7":{"type":"feature","settings":{"background_image":"shopify:\/\/shop_images\/elite.webp","headline":"<strong>ELITE LEVITATE™<\/strong>","description":"Engineered for long training blocks and big weekend miles. Strategic padding and breathability balance comfort and performance, keeping you fresher deeper into the ride. The sweet spot for riders who demand serious performance at a versatile price point.","cta":"Shop Now","cta_link":"shopify:\/\/collections\/elite-levitate-chamois","open_in_blank":false}},"feature_7r7ria":{"type":"feature","settings":{"background_image":"shopify:\/\/shop_images\/select.webp","headline":"<strong>SELECT LEVITATE™<\/strong>","description":"Focused on everyday rides and fitness spins with reliable comfort. A single-density design smooths the pressure points and keeps things simple. Dependable, accessible, and built to make every mile feel better.","cta":"Shop Now","cta_link":"shopify:\/\/collections\/select-levitate-chamois","open_in_blank":false}}},"block_order":["feature_M3zDFJ","feature_LV6gD7","feature_7r7ria"],"custom_css":[".spro-section {padding-bottom: 60px;}"],"name":"🚀 Card Grid","settings":{"override_fonts":false,"headline_font":"system_ui_n4","text_font":"system_ui_n4","override_text_sizes":true,"text_size":15,"mobile_text_size":15,"text_line_height":"1.5","headline_size":40,"mobile_headline_size":40,"headline_line_height":"1.2","override_text_colors":true,"text_color":"#ffffff","link_color":"#005bd3","show_on_device":"all","section_background_color":"radial-gradient(rgba(34, 34, 34, 1), rgba(34, 34, 34, 1) 97%)","section_background_image_color":"","section_background_size":"cover","mobile_section_background_image_color":"","mobile_section_background_size":"cover","section_padding_top_bottom":0,"mobile_section_padding_top_bottom":25,"section_padding_left_right":200,"mobile_section_padding_left_right":25,"container_background_color":"","container_max_width":2000,"container_padding_top_bottom":0,"mobile_container_padding_top_bottom":10,"container_padding_left_right":10,"mobile_container_padding_left_right":10,"element_spacing":15,"container_radius":0,"container_shadow":false,"container_border_size":0,"container_border_color":"rgba(0,0,0,0)","columns":"auto","grid_gap":40,"card_uniform_height":true,"card_vertical_alignment":"center","make_card_clickable":true,"hide_button":true,"card_element_spacing":5,"card_padding":15,"card_text_size":13,"card_headline_size":18,"card_background_color":"rgba(0,0,0,0)","card_text_color":"#ffffff","card_radius":0,"card_shadow":false,"card_hover_animation":true,"show_description":true,"truncate_description":false,"truncate_length":50,"button_padding_tb":5,"button_padding_lr":5,"button_border_radius":5,"button_border_size":0,"button_border_color":"#888888","button_background_color":"linear-gradient(164deg, rgba(17, 17, 17, 1), rgba(51, 51, 51, 1) 100%)","button_text_color":"#ffffff","button_text_size":13,"media_aspect_ratio":"4 \/ 3","media_aspect_ratio_mobile":"4 \/ 3","mobile_display":"slideshow","mobile_columns":"1fr","progress_background_color":"linear-gradient(177deg, rgba(17, 17, 17, .25) 3%, rgba(17, 17, 17, 0.25) 100%)","progress_foreground_color":"linear-gradient(177deg, rgba(17, 17, 17, 1) 3%, rgba(17, 17, 17, 1) 100%)","indicator_color":"#111111","enable_autoplay":false,"autoplay_time":"5000","text_alignment":"center","mobile_text_alignment":"center","headline":"","text":"","headline_spacing":5}},"sp_grid_premium_mLBNEQ":{"type":"sp-grid-premium","blocks":{"image_WbAnai":{"type":"image","settings":{"background_image":"shopify:\/\/shop_images\/ae6bea37d4412a3cf18a8dc6060e86c669d79e4c_1_-min.jpg","headline":"<strong>SHORTS<\/strong>","text":"Cycling shorts are easy to wear and great for casual rides, commuting, or indoor training. Cooler in warm weather and quick to pull on—they offer comfort, performance, and everyday value.","show_arrow":false,"link":""}},"image_dUWqdG":{"type":"image","settings":{"background_image":"shopify:\/\/shop_images\/f5d21cf7a43a8963a40c483fc18c10955d7e4b13-min.jpg","headline":"<strong>BIB SHORTS<\/strong>","text":"Bib shorts offer a secure, stay-put fit ideal for long rides. With no waistband to dig in, they’re a top choice for serious cyclists—known for support, moisture-wicking, and a smooth feel.","show_arrow":false,"link":""}}},"block_order":["image_WbAnai","image_dUWqdG"],"custom_css":[".spro-headline {padding-top: 3%; padding-bottom: 3%;}",".spro-content {padding-left: 10%; padding-right: 30%;}",".sp-demo {display: none;}"],"name":"🚀 Grid Hero","settings":{"override_fonts":false,"headline_font":"system_ui_n4","text_font":"system_ui_n4","override_text_sizes":true,"text_size":15,"mobile_text_size":15,"text_line_height":"1.5","headline_size":40,"mobile_headline_size":40,"headline_line_height":"1.2","override_text_colors":true,"text_color":"#000000","link_color":"#005bd3","show_on_device":"all","section_background_color":"linear-gradient(127deg, rgba(248, 246, 241, 1) 11%, rgba(248, 246, 241, 1) 81%)","section_background_image_color":"","section_background_size":"cover","mobile_section_background_image_color":"","mobile_section_background_size":"cover","section_padding_top_bottom":0,"mobile_section_padding_top_bottom":25,"section_padding_left_right":0,"mobile_section_padding_left_right":0,"container_background_color":"","container_max_width":10000,"container_padding_top_bottom":0,"mobile_container_padding_top_bottom":10,"container_padding_left_right":0,"mobile_container_padding_left_right":0,"element_spacing":10,"container_radius":0,"container_shadow":false,"container_border_size":0,"container_border_color":"#888888","tile_text_size":20,"tile_text_color":"#ffffff","show_text_shadow":false,"tile_height":350,"grid_gap":0,"tile_height_mobile":350,"cover_background":"linear-gradient(164deg, rgba(17, 17, 17, 1), rgba(85, 85, 85, 1) 100%)","cover_opacity":25,"grid_type":"2-col","media_radius":0,"media_shadow":true,"text_alignment":"center","mobile_text_alignment":"center","headline":"<strong>SHORTS VS. BIB SHORTS<\/strong>","text":"Pick what fits your ride—and your vibe. Shorts give you everyday versatility, bibs bring a pro-inspired edge to every pedal stroke.","headline_spacing":15,"progress_background_color":"linear-gradient(177deg, rgba(17, 17, 17, .25) 3%, rgba(17, 17, 17, 0.25) 100%)","progress_foreground_color":"linear-gradient(177deg, rgba(17, 17, 17, 1) 3%, rgba(17, 17, 17, 1) 100%)","indicator_color":"#000000","enable_autoplay":true,"autoplay_time":"5000"}},"sp_hero_slider_UyTLUW":{"type":"sp-hero-slider","blocks":{"slide_WGVeCm":{"type":"slide","settings":{"image":"shopify:\/\/shop_images\/917bc38aae7e0451a51bd44afc9a523d58d4ac9a-min.jpg","image_size":1100,"mobile_image_size":800,"slide_text":"<strong>ROAD<\/strong>","slide_alt":"Streamlined speed, pro comfort. Aero-efficient fabrics and a chamois that vanishes when you’re on the gas. <strong>Fit:<\/strong> Compressive—race-trim, stays locked when watts go up.","cta_text":"ALL ROAD SHORTS & BIBS","cta_link":"shopify:\/\/collections\/road-cycling-shorts-bib-shorts"}},"slide_A8LTAP":{"type":"slide","settings":{"image":"shopify:\/\/shop_images\/725897c5f2b53f7a1410fc07a4006a31c05582ab-min.jpg","image_size":1100,"mobile_image_size":800,"slide_text":"<strong>GRAVEL<\/strong>","slide_alt":"Fast feel, everyday tough. Do-everything bibs and shorts with durable stretch, breathability, and stash pockets for long dirt days. <strong>Fit:<\/strong> Performance—close to the body without squeeze.","cta_text":"ALL GRAVEL SHORTS & BIBS","cta_link":"shopify:\/\/collections\/gravel-cycling-shorts-bib-shorts"}},"slide_TmV684":{"type":"slide","settings":{"image":"shopify:\/\/shop_images\/BikePI-S25-MTB-TU_116-1501x844-9735e75-min.jpg","image_size":1100,"mobile_image_size":800,"slide_text":"<strong>TRAIL<\/strong>","slide_alt":"Built for rough lines and repeat laps. Tough, flexible shorts that pedal clean, shed spray, and pack pockets right. <strong>Fit:<\/strong> Relaxed—room to move, zero snag.","cta_text":"ALL TRAIL SHORTS","cta_link":"shopify:\/\/collections\/mountain-bike-shorts"}},"slide_qWdgVB":{"type":"slide","settings":{"image":"shopify:\/\/shop_images\/BikePI-S24-Sugar-CA_148A6957-2000x1333-282f2dd-min.jpg","image_size":1100,"mobile_image_size":800,"slide_text":"<strong>SUGAR<\/strong>","slide_alt":"Style-forward comfort designed for women who ride their own way—from studio spin to casual miles outside. Easy, flattering, and built to perform without overthinking it. <strong>Fit:<\/strong> Supportive and close to the body, but softer at the edges.","cta_text":"ALL SUGAR SHORTS","cta_link":"shopify:\/\/collections\/sugar-collection"}}},"block_order":["slide_WGVeCm","slide_A8LTAP","slide_TmV684","slide_qWdgVB"],"name":"🚀 Hero Slider","settings":{"override_fonts":false,"headline_font":"system_ui_n4","text_font":"system_ui_n4","override_text_sizes":true,"text_size":15,"mobile_text_size":15,"text_line_height":"1.5","headline_size":48,"mobile_headline_size":40,"headline_line_height":"1.2","override_text_colors":false,"text_color":"#111111","link_color":"#005bd3","show_on_device":"desktop","section_background_color":"linear-gradient(127deg, rgba(255, 255, 255, 1) 11%, rgba(255, 255, 255, 1) 81%)","section_background_image_color":"","section_background_size":"cover","mobile_section_background_image_color":"","mobile_section_background_size":"cover","section_padding_top_bottom":40,"mobile_section_padding_top_bottom":25,"section_padding_left_right":25,"mobile_section_padding_left_right":0,"container_background_color":"","container_max_width":1300,"container_padding_top_bottom":10,"mobile_container_padding_top_bottom":10,"container_padding_left_right":10,"mobile_container_padding_left_right":10,"element_spacing":10,"container_radius":0,"container_shadow":false,"container_border_size":0,"container_border_color":"#888888","progress_background_color":"linear-gradient(177deg, rgba(255, 255, 255, .25) 3%, rgba(255, 255, 255, 0.25) 100%)","progress_foreground_color":"linear-gradient(177deg, rgba(255, 255, 255, 1) 3%, rgba(255, 255, 255, 1) 100%)","indicator_color":"#ffffff","cover_background":"linear-gradient(164deg, rgba(17, 17, 17, 1), rgba(85, 85, 85, 1) 100%)","cover_opacity":25,"caption_margin":10,"caption_padding":20,"slide_text_color":"#000000","caption_background_color":"linear-gradient(177deg, rgba(255, 255, 255, .5) 3%, rgba(255, 255, 255, .85) 100%)","show_glass_effect":true,"button_padding_tb":10,"button_padding_lr":25,"button_border_radius":50,"button_background_color":"linear-gradient(164deg, rgba(17, 17, 17, 1), rgba(51, 51, 51, 1) 100%)","button_text_color":"#ffffff","text_shadow":false,"media_radius":30,"media_shadow":false,"media_aspect_ratio":"16 \/ 9","mobile_media_aspect_ratio":"4 \/ 3","enable_autoplay":true,"autoplay_time":"5000","text_alignment":"center","mobile_text_alignment":"center","headline":"","text":"","headline_spacing":15}},"sp_tiles_U8p6Y7":{"type":"sp-tiles","blocks":{"tile_FAjXXr":{"type":"tile","settings":{"background_image":"shopify:\/\/shop_images\/Screenshot_2025-09-04_at_3.28.41_PM.png","headline":"<strong>ROAD<\/strong>","text":"Streamlined speed, pro comfort. Aero-efficient fabrics and a chamois that vanishes when you’re on the gas. <strong>Fit:<\/strong> Compressive—race-trim, stays locked when watts go up.","link":"shopify:\/\/collections\/road-cycling-shorts-bib-shorts"}},"tile_g6njNb":{"type":"tile","settings":{"background_image":"shopify:\/\/shop_images\/725897c5f2b53f7a1410fc07a4006a31c05582ab-min.jpg","headline":"<strong>GRAVEL<\/strong>","text":"Fast feel, everyday tough. Do-everything bibs and shorts with durable stretch, breathability, and stash pockets for long dirt days. <strong>Fit:<\/strong> Performance—close to the body without squeeze.","link":"shopify:\/\/collections\/gravel-cycling-shorts-bib-shorts"}},"tile_wAdnpR":{"type":"tile","settings":{"background_image":"shopify:\/\/shop_images\/Frame_1538232425_1.png","headline":"<strong>TRAIL<\/strong>","text":"Built for rough lines and repeat laps. Tough, flexible shorts that pedal clean, shed spray, and pack pockets right. <strong>Fit:<\/strong> Relaxed—room to move, zero snag.","link":"shopify:\/\/collections\/mountain-bike-shorts"}},"tile_xQcTAD":{"type":"tile","settings":{"background_image":"shopify:\/\/shop_images\/Rectangle_4009_1.png","headline":"<strong>SUGAR<\/strong>","text":"Style-forward comfort designed for women who ride their own way—from studio spin to casual miles outside. Easy, flattering, and built to perform without overthinking it. <strong>Fit:<\/strong> Supportive and close to the body, but softer at the edges.","link":"shopify:\/\/collections\/sugar-collection"}}},"block_order":["tile_FAjXXr","tile_g6njNb","tile_wAdnpR","tile_xQcTAD"],"name":"🚀 Tiles (Mobile)","settings":{"override_fonts":false,"headline_font":"system_ui_n4","text_font":"system_ui_n4","override_text_sizes":true,"text_size":15,"mobile_text_size":14,"text_line_height":"1.5","headline_size":40,"mobile_headline_size":40,"headline_line_height":"1.2","override_text_colors":false,"text_color":"#111111","link_color":"#005bd3","show_on_device":"mobile","section_background_color":"linear-gradient(127deg, rgba(255, 255, 255, 1) 11%, rgba(255, 255, 255, 1) 81%)","section_background_image_color":"","section_background_size":"cover","mobile_section_background_image_color":"","mobile_section_background_size":"cover","section_padding_top_bottom":25,"mobile_section_padding_top_bottom":25,"section_padding_left_right":25,"mobile_section_padding_left_right":10,"container_background_color":"","container_max_width":1000,"container_padding_top_bottom":10,"mobile_container_padding_top_bottom":10,"container_padding_left_right":10,"mobile_container_padding_left_right":10,"element_spacing":10,"container_radius":0,"container_shadow":false,"container_border_size":0,"container_border_color":"#888888","show_text_shadow":true,"tile_text_color":"#ffffff","tile_text_size":20,"tile_height":300,"grid_gap":15,"media_radius":30,"media_shadow":true,"image_width":1000,"mobile_image_width":1000,"mobile_columns":"1fr","mobile_gap":15,"text_alignment":"center","mobile_text_alignment":"center","headline":"","text":"","headline_spacing":10}},"sp_image_with_text_mmD4Hi":{"type":"sp-image-with-text","custom_css":["a.spro-cta {border: 2px solid #000000; margin-bottom: 5%;}","a.spro-cta:hover {color: #ffffff !important; background: #000000;}",".spro-column-text {padding-left: 20%; padding-right: 15%; padding-top: 3%;}"],"name":"🚀 Image with Text","settings":{"override_fonts":false,"headline_font":"system_ui_n4","text_font":"system_ui_n4","override_text_sizes":true,"text_size":15,"mobile_text_size":15,"text_line_height":"1.5","headline_size":48,"mobile_headline_size":40,"headline_line_height":"1.2","override_text_colors":true,"text_color":"#000000","link_color":"#005bd3","show_on_device":"all","section_background_color":"linear-gradient(127deg, rgba(248, 246, 241, 1) 11%, rgba(255, 255, 255, 1) 81%, rgba(248, 246, 241, 1) 96.043%)","section_background_image_color":"","section_background_size":"cover","mobile_section_background_image_color":"","mobile_section_background_size":"cover","section_padding_top_bottom":0,"mobile_section_padding_top_bottom":0,"section_padding_left_right":0,"mobile_section_padding_left_right":0,"container_background_color":"","container_max_width":10000,"container_padding_top_bottom":0,"mobile_container_padding_top_bottom":0,"container_padding_left_right":0,"mobile_container_padding_left_right":0,"element_spacing":15,"container_radius":0,"container_shadow":false,"container_border_size":0,"container_border_color":"#888888","grid_gap":0,"grid_display":"1fr 1fr","grid_vertical_alignament":"center","image_location":"right","mobile_image_location":"top","image_aspect_ratio":"16 \/ 9","border_radius":0,"media_shadow":false,"image":"shopify:\/\/shop_images\/Road_video_1-min.png","text_alignment":"left","mobile_text_alignment":"center","headline":"<strong>STAY WARM IN ANY WEATHER.<\/strong>","content":"<p>Riding in the cold? Discover our tights. A must-have for winter warriors.<\/p>","content_padding_top_bottom":0,"mobile_content_padding_top_bottom":0,"content_padding_left_right":150,"mobile_content_padding_left_right":0,"button_background_color":"linear-gradient(164deg, rgba(17, 17, 17, 0), rgba(17, 17, 17, 0) 100%)","button_text_color":"#000000","button_text_size":15,"button_padding_tb":10,"button_padding_lr":25,"button_border_radius":50,"link_text":"CYCLING TIGHTS GUIDE","link":"shopify:\/\/pages\/how-to-choose-tights-guide","open_in_blank":false}},"sp_faq_gXMXdE":{"type":"sp-faq","blocks":{"question_Ani7tr":{"type":"question","settings":{"question":"How should cycling shorts fit?","answer":"<p>Close and supportive—no sag, no pinch. They should feel compressive standing up and perfect once you’re in the riding position. If fabric wrinkles or the chamois shifts, size down; if leg grippers bite or straps feel restrictive, size up.<\/p>","is_open":true}},"question_c3dwxc":{"type":"question","settings":{"question":"How tight is “too tight”?","answer":"<p>If you see overstretched fabric, feel restricted breathing, or the leg openings leave deep marks, that’s too tight. You’re aiming for “second skin,” not tourniquet.<\/p>","is_open":false}},"question_hJPVr8":{"type":"question","settings":{"question":"Are bib straps supposed to feel snug?","answer":"<p>Snug, not pulling. In riding position the straps should lie flat without pressure on shoulders or chest. If they bow or dig, check torso length options or size.<\/p>","is_open":false}},"question_At7Vnc":{"type":"question","settings":{"question":"Do I wear underwear with cycling shorts?","answer":"<p>No. Underwear causes seams and friction. The short’s built-in chamois is designed to be next to skin.<\/p>","is_open":false}},"question_DJtVUU":{"type":"question","settings":{"question":"How do I know the chamois is positioned right?","answer":"<p>Center the pad under your sit bones. In the saddle, you shouldn’t feel edges, folds, or seams. If you’re hovering on the front or the pad drifts, reassess size or rise (bibs usually solve this).<\/p>","is_open":false}},"question_mfdcgk":{"type":"question","settings":{"question":"Road vs. Gravel vs. Trail—what should I pick?","answer":"<p><strong>Road:<\/strong> Compressive fit, aero-lean fabrics, minimal pockets.<br\/><br\/><strong>Gravel (Expedition):<\/strong> Durable stretch, cargo pockets, stable chamois for mixed terrain.<br\/><br\/><strong>Trail:<\/strong> Outer shell short over a liner; abrasion-ready with pedal-friendly articulation.<\/p>","is_open":false}},"question_wfGHay":{"type":"question","settings":{"question":"Liner short or integrated chamois—what’s the move for MTB?","answer":"<p>For Trail, go liner + shell. The liner keeps the pad where it belongs; the shell adds durability, pockets, and protection without snagging the saddle.<\/p>","is_open":false}},"question_7hbRD8":{"type":"question","settings":{"question":"What’s different about women’s bibs and Sugar bottoms?","answer":"<p>Women’s bibs feature women-specific chamois shaping and drop-tail designs for quick nature breaks—no jersey off, no fuss. Sugar shorts are women-specific, style-forward, and tuned for studio spin and casual outdoor rides: supportive, soft-edged, easy to wear.<\/p>","is_open":false}},"question_REJBdH":{"type":"question","settings":{"question":"How do I care for my shorts and bibs?","answer":"<p>Cold wash, gentle cycle. Skip fabric softeners and bleach—they break down performance fibers and the chamois. Hang dry only; heat shortens the life of elastane and adhesives.<\/p>","is_open":false}}},"block_order":["question_Ani7tr","question_c3dwxc","question_hJPVr8","question_At7Vnc","question_DJtVUU","question_mfdcgk","question_wfGHay","question_7hbRD8","question_REJBdH"],"name":"🚀 FAQ","settings":{"override_fonts":false,"headline_font":"system_ui_n4","text_font":"system_ui_n4","override_text_sizes":true,"text_size":15,"mobile_text_size":15,"text_line_height":"1.5","headline_size":48,"mobile_headline_size":40,"headline_line_height":"1.2","override_text_colors":true,"text_color":"#000000","link_color":"#005bd3","show_on_device":"all","section_background_color":"linear-gradient(127deg, rgba(255, 255, 255, 1) 11%, rgba(255, 255, 255, 1) 81%)","section_background_image_color":"","section_background_size":"cover","mobile_section_background_image_color":"","mobile_section_background_size":"cover","section_padding_top_bottom":50,"mobile_section_padding_top_bottom":40,"section_padding_left_right":25,"mobile_section_padding_left_right":25,"container_background_color":"","container_max_width":1200,"container_padding_top_bottom":10,"mobile_container_padding_top_bottom":10,"container_padding_left_right":10,"mobile_container_padding_left_right":10,"element_spacing":15,"container_radius":0,"container_shadow":false,"container_border_size":0,"container_border_color":"#888888","question_text_size":25,"question_color":"#000000","answer_color":"#444444","text_alignment":"center","mobile_text_alignment":"center","headline":"<strong>ANY QUESTIONS?<\/strong>","text":"","headline_spacing":15}},"sp_hero_g6JDy6":{"type":"sp-hero","name":"🚀 Hero","settings":{"override_fonts":false,"headline_font":"system_ui_n4","text_font":"system_ui_n4","override_text_sizes":false,"text_size":16,"mobile_text_size":15,"text_line_height":"1.5","headline_size":58,"mobile_headline_size":40,"headline_line_height":"1.2","override_text_colors":false,"text_color":"#ffffff","link_color":"#005bd3","show_on_device":"desktop","section_background_color":"linear-gradient(127deg, rgba(241, 246, 251, 1) 11%, rgba(241, 246, 251, 1) 81%)","section_background_image_color":"","section_background_size":"cover","mobile_section_background_image_color":"","mobile_section_background_size":"cover","section_padding_top_bottom":0,"mobile_section_padding_top_bottom":0,"section_padding_left_right":0,"mobile_section_padding_left_right":0,"container_background_color":"","container_max_width":10000,"container_padding_top_bottom":0,"mobile_container_padding_top_bottom":10,"container_padding_left_right":0,"mobile_container_padding_left_right":10,"element_spacing":15,"container_radius":0,"container_shadow":false,"container_border_size":0,"container_border_color":"#888888","grid_padding_tb":150,"grid_padding_lr":0,"show_text_shadow":false,"cover_background":"linear-gradient(164deg, rgba(17, 17, 17, 1), rgba(0, 0, 0, 1) 100%)","cover_opacity":15,"box_alignment":"left","button_background_color":"linear-gradient(164deg, rgba(255, 255, 255, 1), rgba(255, 255, 255, 1) 100%)","button_text_color":"#000000","button_padding_tb":15,"button_padding_lr":30,"button_border_radius":50,"text_alignment":"left","mobile_text_alignment":"center","headline":"","content":"","cta":"","cta_link":"","hero_image":"shopify:\/\/shop_images\/Group_56-min_1.png","image_size":2000,"mobile_image_size":800}},"sp_hero_YeCDkg":{"type":"sp-hero","name":"🚀 Hero (Mobile)","settings":{"override_fonts":false,"headline_font":"system_ui_n4","text_font":"system_ui_n4","override_text_sizes":false,"text_size":16,"mobile_text_size":15,"text_line_height":"1.5","headline_size":58,"mobile_headline_size":40,"headline_line_height":"1.2","override_text_colors":false,"text_color":"#ffffff","link_color":"#005bd3","show_on_device":"mobile","section_background_color":"linear-gradient(127deg, rgba(241, 246, 251, 1) 11%, rgba(241, 246, 251, 1) 81%)","section_background_image_color":"","section_background_size":"cover","mobile_section_background_image_color":"","mobile_section_background_size":"cover","section_padding_top_bottom":0,"mobile_section_padding_top_bottom":0,"section_padding_left_right":0,"mobile_section_padding_left_right":0,"container_background_color":"","container_max_width":10000,"container_padding_top_bottom":0,"mobile_container_padding_top_bottom":10,"container_padding_left_right":0,"mobile_container_padding_left_right":10,"element_spacing":15,"container_radius":0,"container_shadow":false,"container_border_size":0,"container_border_color":"#888888","grid_padding_tb":150,"grid_padding_lr":0,"show_text_shadow":true,"cover_background":"linear-gradient(164deg, rgba(17, 17, 17, 1), rgba(0, 0, 0, 1) 100%)","cover_opacity":15,"box_alignment":"left","button_background_color":"linear-gradient(164deg, rgba(255, 255, 255, 1), rgba(255, 255, 255, 1) 100%)","button_text_color":"#000000","button_padding_tb":15,"button_padding_lr":30,"button_border_radius":50,"text_alignment":"left","mobile_text_alignment":"center","headline":"","content":"","cta":"","cta_link":"","hero_image":"shopify:\/\/shop_images\/Group_56-min_1.png","image_size":2000,"mobile_image_size":800}}},"order":["sp_hero_6CJB8L","sp_hero_FmPcjH","sp_image_with_text_aJ3AqA","sp_hero_g7gtrb","sp_hero_NGxi9w","sp_card_grid_aqh8n6","sp_grid_premium_mLBNEQ","sp_hero_slider_UyTLUW","sp_tiles_U8p6Y7","sp_image_with_text_mmD4Hi","sp_faq_gXMXdE","sp_hero_g6JDy6","sp_hero_YeCDkg"]}