{"sections":{"womens":{"type":"kit-landing-womens","blocks":{"cta_XbyfGb":{"type":"CTA","settings":{"cta_image_one":"shopify:\/\/shop_images\/KIt_builder_womens_mtb_d0eb5ab5-17b9-4426-bc11-35379a575a7f.png","cta_header_one":"Women's Mountain Kit","cta_description_one":"","cta_url_one":"shopify:\/\/products\/womens-mountain-bike-kit","cta_image_two":"shopify:\/\/shop_images\/KIt_builder_womens_road_70472af9-8103-4d16-a286-79d56548f56e.png","cta_header_two":"Women's Road Kit","cta_description_two":"","cta_url_two":"shopify:\/\/products\/womens-road-kit"}},"cta_PaAB6w":{"type":"CTA","settings":{"cta_image_one":"shopify:\/\/shop_images\/KIt_builder_womens_gravel_687108b9-706b-4234-990d-1440666b2aa1.png","cta_header_one":"Women's Gravel Kit","cta_description_one":"","cta_url_one":"shopify:\/\/products\/womens-gravel-kit","cta_image_two":"shopify:\/\/shop_images\/KIt_builder_womens_cool_5a63dffc-7e3f-488d-a27b-792b46c9a75e.png","cta_header_two":"Women's Cool Essentials","cta_description_two":"","cta_url_two":"shopify:\/\/products\/womens-cool-essentials"}},"cta_9PzViy":{"type":"CTA","settings":{"cta_image_one":"shopify:\/\/shop_images\/KIt_builder_womens_cold_06899c00-350f-42e2-8c61-1824a5b3b957.png","cta_header_one":"Women's Cold Essentials","cta_description_one":"","cta_url_one":"shopify:\/\/products\/womens-cold-essentials","cta_image_two":"shopify:\/\/shop_images\/Men_s_Kit.webp","cta_header_two":"Looking for Men's Kits?","cta_description_two":"Shop Men's Kits","cta_url_two":"shopify:\/\/pages\/mens-kits"}}},"block_order":["cta_XbyfGb","cta_PaAB6w","cta_9PzViy"],"settings":{"kit_header":"","kit_subheader":""}}},"order":["womens"]}