{"sections":{"stores-banner":{"type":"stores-banner","settings":{"image":"shopify:\/\/shop_images\/BikePI-S25-Gravel-TU_348-8148x2829-a99b328-min.jpg","title":"Find a Local Store"}},"stores-list":{"type":"stores-list","blocks":{"8f1485df-5466-4669-8e01-dea2f02b66aa":{"type":"store","disabled":true,"settings":{"image":"shopify:\/\/shop_images\/SLV_1.jpg","title":"PEARL iZUMi Factory Store - Silverthorne","subtitle":"HOURSMonday-Saturday: 10AM-7PMSunday: 10AM-6PM","table":"<p>227 Blue River Pkwy<\/p><p>Silverthorne, CO 80498<br\/><\/p>","url":"shopify:\/\/pages\/store-locator"}},"688da540-6f6d-4a63-bcfc-44daa75d7bdd":{"type":"store","disabled":true,"settings":{"image":"shopify:\/\/shop_images\/PC_1.jpg","title":"PEARL iZUMi Factory Store - Park City","subtitle":"HOURS<br>Monday-Saturday: 10AM-7PM<br>Sunday: 11AM-6PM","table":"<p>6699 N Landmark Dr K-150<\/p><p>Park City, UT 84098<\/p><p><\/p>","url":"shopify:\/\/pages\/store-locator"}},"7ef4e9a9-a1b2-440b-846e-08187a2c66a2":{"type":"store","disabled":true,"settings":{"image":"shopify:\/\/shop_images\/download_1.webp","title":"PEARL iZUMi Factory Store - Castle Rock","subtitle":"HOURS<br>Monday-Saturday: 10AM-8PM<br>Sunday: 11AM-6PM","table":"<p>5050 Factory Shops Blvd, Space 150<\/p><p>Castle Rock, CO 80108<\/p>","url":"shopify:\/\/pages\/factory-store-castle-rock"}}},"block_order":["8f1485df-5466-4669-8e01-dea2f02b66aa","688da540-6f6d-4a63-bcfc-44daa75d7bdd","7ef4e9a9-a1b2-440b-846e-08187a2c66a2"],"settings":{"title":""}},"stores-map":{"type":"stores-map","settings":{"html":"<!-- LOCALLY.COM WIDGET EMBED CODE -->\n<div id=\"lcly-button-0\">\n  <a id=\"lcly-link-0\" href=\"https:\/\/brands.locally.com\" target=\"_blank\">\n    Store Locator by Locally\n  <\/a>\n<\/div>\n<script id=\"lcly-script-0\" async><\/script>\n<script id=\"lcly-config-0\">\n  var lcly_config_0 = {\n    \"company_name\": \"PEARL iZUMi\",\n    \"company_id\": \"113\",\n    \"inline\": \"1\",\n    \"lang\": \"en-us\"\n  };\n  var lcly_query_0 = Object.keys(lcly_config_0)\n  .reduce(function(a,k){a.push(encodeURIComponent(k) + '=' \n  + encodeURIComponent(lcly_config_0[k]));return a},[]).join('&');\n  var lcly_endpoint_0 = 'https:\/\/PearlIzumi.locally.com\/stores\/map.js?' + lcly_query_0;\n  document.getElementById('lcly-script-0').src = lcly_endpoint_0;\n<\/script>"}}},"order":["stores-banner","stores-list","stores-map"]}