{"sections":{"sp_hero_6CJB8L":{"type":"sp-hero","custom_css":[".spro-container a.spro-cta {border: 2px solid #ffffff;}",".spro-container a.spro-cta:hover {border: 2px solid #000000; transform: translateY(0px);}",".spro-headline {padding: 0 50px 0 0;}",".spro-container > .spro-grid {margin-left: 100px;}","p strong {font-size: 30px;}"],"name":"🚀 Main Hero","settings":{"override_fonts":false,"headline_font":"system_ui_n4","text_font":"system_ui_n4","override_text_sizes":true,"text_size":16,"mobile_text_size":15,"text_line_height":"1.5","headline_size":58,"mobile_headline_size":40,"headline_line_height":"1.2","override_text_colors":true,"text_color":"#ffffff","link_color":"#005bd3","show_on_device":"desktop","section_background_color":"linear-gradient(127deg, rgba(241, 246, 251, 1) 11%, rgba(241, 246, 251, 1) 81%)","section_background_image_color":"","section_background_size":"cover","mobile_section_background_image_color":"","mobile_section_background_size":"cover","section_padding_top_bottom":0,"mobile_section_padding_top_bottom":0,"section_padding_left_right":0,"mobile_section_padding_left_right":0,"container_background_color":"","container_max_width":10000,"container_padding_top_bottom":0,"mobile_container_padding_top_bottom":10,"container_padding_left_right":0,"mobile_container_padding_left_right":10,"element_spacing":15,"container_radius":0,"container_shadow":false,"container_border_size":0,"container_border_color":"#888888","grid_padding_tb":225,"grid_padding_lr":0,"show_text_shadow":true,"cover_background":"linear-gradient(164deg, rgba(17, 17, 17, 1), rgba(0, 0, 0, 1) 100%)","cover_opacity":15,"box_alignment":"left","button_background_color":"linear-gradient(164deg, rgba(255, 255, 255, 1), rgba(255, 255, 255, 1) 100%)","button_text_color":"#000000","button_padding_tb":10,"button_padding_lr":25,"button_border_radius":50,"text_alignment":"left","mobile_text_alignment":"center","headline":"<strong>PICK YOUR CONDITIONS. WE'LL DIAL THE PROTECTION.<\/strong>","content":"<p>Weather isn’t cookie-cutter. Neither is our outerwear. From jersey-pocket packables to fully waterproof rain jackets, each piece protects, breathes, and disappears when you’re pushing.<\/p>","cta":"SHOP JACKETS & VESTS","cta_link":"shopify:\/\/collections\/cycling-jackets-vests","hero_image":"shopify:\/\/shop_images\/BikePIF25RoadCA0496-2048x1365-626fde3-min.jpg","image_size":20000,"mobile_image_size":800}},"sp_hero_FmPcjH":{"type":"sp-hero","custom_css":[".spro-container a.spro-cta {border: 2px solid #ffffff;}",".spro-container a.spro-cta:hover {border: 2px solid #000000; transform: translateY(0px);}",".spro-headline {padding: 0 0 0 10px;}",".spro-container > .spro-grid {margin-right: 80px;}"],"name":"🚀 Main Hero (Mobile)","settings":{"override_fonts":false,"headline_font":"system_ui_n4","text_font":"system_ui_n4","override_text_sizes":true,"text_size":16,"mobile_text_size":15,"text_line_height":"1.5","headline_size":58,"mobile_headline_size":40,"headline_line_height":"1.2","override_text_colors":true,"text_color":"#ffffff","link_color":"#005bd3","show_on_device":"mobile","section_background_color":"linear-gradient(127deg, rgba(241, 246, 251, 1) 11%, rgba(241, 246, 251, 1) 81%)","section_background_image_color":"","section_background_size":"cover","mobile_section_background_image_color":"","mobile_section_background_size":"cover","section_padding_top_bottom":0,"mobile_section_padding_top_bottom":0,"section_padding_left_right":0,"mobile_section_padding_left_right":0,"container_background_color":"","container_max_width":10000,"container_padding_top_bottom":0,"mobile_container_padding_top_bottom":0,"container_padding_left_right":0,"mobile_container_padding_left_right":0,"element_spacing":15,"container_radius":0,"container_shadow":false,"container_border_size":0,"container_border_color":"#888888","grid_padding_tb":150,"grid_padding_lr":5,"show_text_shadow":true,"cover_background":"linear-gradient(164deg, rgba(17, 17, 17, 1), rgba(0, 0, 0, 1) 100%)","cover_opacity":15,"box_alignment":"left","button_background_color":"linear-gradient(164deg, rgba(255, 255, 255, 1), rgba(255, 255, 255, 1) 100%)","button_text_color":"#000000","button_padding_tb":10,"button_padding_lr":15,"button_border_radius":50,"text_alignment":"center","mobile_text_alignment":"left","headline":"<strong>PICK YOUR CONDITIONS. WE'LL DIAL THE PROTECTION.<\/strong>","content":"<p>Weather isn’t cookie-cutter. Neither is our outerwear. From jersey-pocket packables to fully waterproof rain jackets, each piece protects, breathes, and disappears when you’re pushing.<\/p>","cta":"","cta_link":"","hero_image":"shopify:\/\/shop_images\/df7b4a4e9fe4ddd8f17cd8e68559de5a3508bfb5-min.jpg","image_size":0,"mobile_image_size":800}},"sp_feature_grid_c9mh8b":{"type":"sp-feature-grid","blocks":{"feature_UzmitX":{"type":"feature","settings":{"background_image":"shopify:\/\/shop_images\/BikePIF25GravelCA5607-1200x800-5b2df79-min.jpg","headline":"<strong>WIND<\/strong>","cta":"","cta_link":"shopify:\/\/collections\/ride-365-windy-weather","make_block_clickable":true,"show_secondary_button":false,"cta_2":"Secondary Action","cta_link_2":""}},"feature_9ihatD":{"type":"feature","settings":{"background_image":"shopify:\/\/shop_images\/BikePIF25TrailCA9430-1200x800-5b2df79-min.jpg","headline":"<strong>WET<\/strong>","cta":"","cta_link":"shopify:\/\/collections\/wet-weather-cycling-jackets","make_block_clickable":false,"show_secondary_button":false,"cta_2":"Secondary Action","cta_link_2":""}},"feature_c83GLg":{"type":"feature","settings":{"background_image":"shopify:\/\/shop_images\/BikePIF25GravelCA7194-1200x800-5b2df79-min.jpg","headline":"<strong>COLD<\/strong>","cta":"","cta_link":"shopify:\/\/collections\/ride-365-cold-weather","make_block_clickable":false,"show_secondary_button":false,"cta_2":"Secondary Action","cta_link_2":""}}},"block_order":["feature_UzmitX","feature_9ihatD","feature_c83GLg"],"name":"🚀 Feature Grid","settings":{"override_fonts":false,"headline_font":"system_ui_n4","text_font":"system_ui_n4","override_text_sizes":true,"text_size":15,"mobile_text_size":15,"text_line_height":"1.5","headline_size":48,"mobile_headline_size":40,"headline_line_height":"1.2","override_text_colors":true,"text_color":"#000000","link_color":"#005bd3","show_on_device":"all","section_background_color":"linear-gradient(127deg, rgba(255, 255, 255, 1) 11%, rgba(255, 255, 255, 1) 81%)","section_background_image_color":"","section_background_size":"cover","mobile_section_background_image_color":"","mobile_section_background_size":"cover","section_padding_top_bottom":50,"mobile_section_padding_top_bottom":25,"section_padding_left_right":25,"mobile_section_padding_left_right":25,"container_background_color":"","container_max_width":1000,"container_padding_top_bottom":10,"mobile_container_padding_top_bottom":10,"container_padding_left_right":10,"mobile_container_padding_left_right":10,"element_spacing":15,"container_radius":0,"container_shadow":false,"container_border_size":0,"container_border_color":"#888888","feature_text_color":"#ffffff","feature_text_size":20,"feature_mobile_text_size":20,"feature_show_text_shadow":true,"gap":20,"cover_background":"linear-gradient(164deg, rgba(17, 17, 17, 1), rgba(85, 85, 85, 1) 100%)","cover_opacity":15,"media_aspect_ratio":"1 \/ 1","media_aspect_ratio_mobile":"1 \/ 1","media_radius":30,"media_shadow":false,"mobile_display":"stacked","mobile_columns":"1fr","progress_background_color":"linear-gradient(177deg, rgba(17, 17, 17, .25) 3%, rgba(17, 17, 17, 0.25) 100%)","progress_foreground_color":"linear-gradient(177deg, rgba(17, 17, 17, 1) 3%, rgba(17, 17, 17, 1) 100%)","indicator_color":"#111111","enable_autoplay":true,"autoplay_time":"5000","button_padding_tb":10,"button_padding_lr":25,"button_border_radius":5,"button_border_size":0,"button_border_color":"#111111","button_background_color":"linear-gradient(164deg, rgba(17, 17, 17, 1), rgba(51, 51, 51, 1) 100%)","button_text_color":"#ffffff","button_background_color_2":"linear-gradient(164deg, rgba(17, 17, 17, 1), rgba(51, 51, 51, 1) 100%)","button_text_color_2":"#ffffff","text_alignment":"center","mobile_text_alignment":"center","headline":"<strong>CONDITIONS DECIDE<\/strong>","text":"You ride anyway. Select Wind, Wet, or Cold to shop our proven pieces—waterproof when it dumps, wind-cutting when it bites, warm without bulk.","headline_spacing":15}},"sp_card_grid_XCfNDK":{"type":"sp-card-grid","blocks":{"feature_nXNf8H":{"type":"feature","settings":{"background_image":"shopify:\/\/shop_images\/e664kx3dhp6fr4tl4fhkac9b1lqv1enx2025-08-28_1000x_86ad167d-5201-4c20-9676-10c30e9f0ced.webp","headline":"PRO Rain Jacket","description":"Fully waterproof, race-trim shell with taped seams and a two-way zip that dumps heat on the climb.","cta":"","cta_link":"https:\/\/www.pearlizumi.com\/collections\/shop?q=PRO%20RAIN%20JACKET","open_in_blank":false}},"feature_9DRxTb":{"type":"feature","settings":{"background_image":"shopify:\/\/shop_images\/oh80iyph6wdms6lp1zk26lghbxn6r3e32025-08-26_1000x_606a8cdf-6599-44e7-b856-228623b74386.webp","headline":"Summit 3L WxB Jacket","description":"MTB-tough 3-layer protection with a helmet-friendly hood and breathability that keeps pace on technical trails.","cta":"","cta_link":"https:\/\/www.pearlizumi.com\/collections\/shop?q=SUMMIT%203L%20WXB%20JACKET","open_in_blank":false}},"feature_U4HwNQ":{"type":"feature","settings":{"background_image":"shopify:\/\/shop_images\/39c5c628929257d743beda2ed02e3730844f7cd5_1000x_677255bc-f82e-462c-a08f-fbe097838174.webp","headline":"PRO Barrier Jacket","description":"Ultra-light wind layer that takes the sting out of descents and packs down to a jersey pocket.","cta":"","cta_link":"https:\/\/www.pearlizumi.com\/collections\/shop?q=pro%20barrier%20jacket","open_in_blank":false}},"feature_mgD8mF":{"type":"feature","settings":{"background_image":"shopify:\/\/shop_images\/bsqwaqbyrdkguecuudew2025-08-26_1000x_dcc22583-89eb-45c2-9590-5f3d56b27ac6.webp","headline":"Attack WxB Jacket","description":"Streamlined waterproof coverage at a go-to weight and price—built for all-season rain miles.","cta":"","cta_link":"https:\/\/www.pearlizumi.com\/collections\/shop?q=attack%20wxb%20jacket","open_in_blank":false}},"feature_YUJLPM":{"type":"feature","settings":{"background_image":"shopify:\/\/shop_images\/q4unjjv1figqfuj1ni90ce3c0emczsui2025-09-03_1000x_b182b10d-2f0b-4cc6-9196-a206f5731741.webp","headline":"Quest Barrier Convertible Jacket","description":"Versatile wind\/water-resistant shell that zips off into a vest when the day warms up.","cta":"","cta_link":"https:\/\/www.pearlizumi.com\/collections\/shop?q=quest%20barrier%20convertible%20jacket","open_in_blank":false}},"feature_nF8aU6":{"type":"feature","settings":{"background_image":"shopify:\/\/shop_images\/d3smt0t267x4mha41kxrlq5xj42r412m2025-07-24_1000x_8b93ebc8-759b-48a0-8286-3b595ae05453.webp","headline":"PRO Winter Jacket","description":"Quiet softshell warmth tuned for steady effort, so you stay warm without cooking.","cta":"","cta_link":"https:\/\/www.pearlizumi.com\/collections\/shop?q=pro%20winter%20jacket","open_in_blank":false}}},"block_order":["feature_nXNf8H","feature_9DRxTb","feature_U4HwNQ","feature_mgD8mF","feature_YUJLPM","feature_nF8aU6"],"name":"🚀 Card Grid (v1)","settings":{"override_fonts":false,"headline_font":"system_ui_n4","text_font":"system_ui_n4","override_text_sizes":true,"text_size":15,"mobile_text_size":15,"text_line_height":"1.5","headline_size":40,"mobile_headline_size":38,"headline_line_height":"1.2","override_text_colors":false,"text_color":"#111111","link_color":"#005bd3","show_on_device":"all","section_background_color":"radial-gradient(rgba(248, 246, 241, 1), rgba(248, 246, 241, 1) 100%)","section_background_image_color":"","section_background_size":"cover","mobile_section_background_image_color":"","mobile_section_background_size":"cover","section_padding_top_bottom":25,"mobile_section_padding_top_bottom":25,"section_padding_left_right":75,"mobile_section_padding_left_right":25,"container_background_color":"","container_max_width":2000,"container_padding_top_bottom":10,"mobile_container_padding_top_bottom":10,"container_padding_left_right":10,"mobile_container_padding_left_right":0,"element_spacing":15,"container_radius":0,"container_shadow":false,"container_border_size":0,"container_border_color":"#888888","columns":"auto","grid_gap":20,"card_uniform_height":true,"card_vertical_alignment":"center","make_card_clickable":true,"hide_button":true,"card_element_spacing":5,"card_padding":15,"card_text_size":13,"card_headline_size":18,"card_background_color":"#ffffff","card_text_color":"#000000","card_radius":15,"card_shadow":true,"card_hover_animation":true,"show_description":true,"truncate_description":false,"truncate_length":50,"button_padding_tb":5,"button_padding_lr":5,"button_border_radius":5,"button_border_size":0,"button_border_color":"#888888","button_background_color":"linear-gradient(164deg, rgba(17, 17, 17, 1), rgba(51, 51, 51, 1) 100%)","button_text_color":"#ffffff","button_text_size":13,"media_aspect_ratio":"auto","media_aspect_ratio_mobile":"auto","mobile_display":"slideshow","mobile_columns":"1fr","progress_background_color":"linear-gradient(177deg, rgba(17, 17, 17, .25) 3%, rgba(17, 17, 17, 0.25) 100%)","progress_foreground_color":"linear-gradient(177deg, rgba(17, 17, 17, 1) 3%, rgba(17, 17, 17, 1) 100%)","indicator_color":"#111111","enable_autoplay":true,"autoplay_time":"5000","text_alignment":"left","mobile_text_alignment":"center","headline":"<strong>Most-Ridden Jackets<\/strong>","text":"Six proven shells riders reach for first—waterproof when it dumps, wind-cutting when it bites, warmth without the wall.","headline_spacing":5}},"sp_image_with_text_aJ3AqA":{"type":"sp-image-with-text","custom_css":["a.spro-cta {border: 2px solid #000000; margin-bottom: 5%;}","a.spro-cta:hover {color: #ffffff !important; background: #000000;}",".spro-column-text {padding-left: 15%; padding-right: 15%; padding-top: 3%;}"],"name":"🚀 Image with Text (v1)","settings":{"override_fonts":false,"headline_font":"system_ui_n4","text_font":"system_ui_n4","override_text_sizes":true,"text_size":15,"mobile_text_size":15,"text_line_height":"1.5","headline_size":48,"mobile_headline_size":40,"headline_line_height":"1.2","override_text_colors":true,"text_color":"#000000","link_color":"#005bd3","show_on_device":"all","section_background_color":"linear-gradient(127deg, rgba(255, 255, 255, 1) 11%, rgba(255, 255, 255, 1) 81%)","section_background_image_color":"","section_background_size":"cover","mobile_section_background_image_color":"","mobile_section_background_size":"cover","section_padding_top_bottom":0,"mobile_section_padding_top_bottom":0,"section_padding_left_right":0,"mobile_section_padding_left_right":0,"container_background_color":"","container_max_width":10000,"container_padding_top_bottom":0,"mobile_container_padding_top_bottom":0,"container_padding_left_right":0,"mobile_container_padding_left_right":0,"element_spacing":15,"container_radius":0,"container_shadow":false,"container_border_size":0,"container_border_color":"#888888","grid_gap":0,"grid_display":"1fr 1fr","grid_vertical_alignament":"center","image_location":"left","mobile_image_location":"top","image_aspect_ratio":"16 \/ 9","border_radius":0,"media_shadow":false,"image":"shopify:\/\/shop_images\/BikePIF25RoadCA1958-1200x900-e339a72-min.jpg","text_alignment":"left","mobile_text_alignment":"center","headline":"<strong>SHELTER AT SPEED<\/strong>","content":"<p>Form-fit shells that vanish in the draft: pocket-pack wind layers, fully waterproof race shells with on-the-move venting, and softshell warmth tuned for tempo. Pick by conditions—stay fast when the weather isn’t.<\/p>","content_padding_top_bottom":0,"mobile_content_padding_top_bottom":0,"content_padding_left_right":150,"mobile_content_padding_left_right":0,"button_background_color":"linear-gradient(164deg, rgba(0, 0, 0, 1), rgba(0, 0, 0, 1) 100%)","button_text_color":"#ffffff","button_text_size":15,"button_padding_tb":10,"button_padding_lr":25,"button_border_radius":50,"link_text":"SHOP ROAD OUTERWEAR","link":"shopify:\/\/collections\/road-cycling-jackets-vests","open_in_blank":false}},"sp_image_with_text_r7GXQD":{"type":"sp-image-with-text","custom_css":["a.spro-cta {border: 2px solid #000000; margin-bottom: 5%;}","a.spro-cta:hover {color: #ffffff !important; background: #000000;}",".spro-column-text {padding-left: 15%; padding-right: 15%; padding-top: 3%;}"],"name":"🚀 Image with Text (v1)","settings":{"override_fonts":false,"headline_font":"system_ui_n4","text_font":"system_ui_n4","override_text_sizes":true,"text_size":15,"mobile_text_size":15,"text_line_height":"1.5","headline_size":48,"mobile_headline_size":40,"headline_line_height":"1.2","override_text_colors":true,"text_color":"#000000","link_color":"#005bd3","show_on_device":"all","section_background_color":"linear-gradient(127deg, rgba(255, 255, 255, 1) 11%, rgba(255, 255, 255, 1) 81%)","section_background_image_color":"","section_background_size":"cover","mobile_section_background_image_color":"","mobile_section_background_size":"cover","section_padding_top_bottom":0,"mobile_section_padding_top_bottom":0,"section_padding_left_right":0,"mobile_section_padding_left_right":0,"container_background_color":"","container_max_width":10000,"container_padding_top_bottom":0,"mobile_container_padding_top_bottom":0,"container_padding_left_right":0,"mobile_container_padding_left_right":0,"element_spacing":15,"container_radius":0,"container_shadow":false,"container_border_size":0,"container_border_color":"#888888","grid_gap":0,"grid_display":"1fr 1fr","grid_vertical_alignament":"center","image_location":"right","mobile_image_location":"top","image_aspect_ratio":"16 \/ 9","border_radius":0,"media_shadow":false,"image":"shopify:\/\/shop_images\/BikePIF25GravelCA2435-1200x800-5b2df79-min.jpg","text_alignment":"left","mobile_text_alignment":"center","headline":"<strong>DIRT MILES, DRY CORE<\/strong>","content":"<p>Breathable protection for hours of mixed terrain and shifting skies. Abrasion-tough fabrics, storage-friendly cuts, and hooded options that block spray without cooking you on the climb.<\/p>","content_padding_top_bottom":0,"mobile_content_padding_top_bottom":0,"content_padding_left_right":150,"mobile_content_padding_left_right":0,"button_background_color":"linear-gradient(164deg, rgba(0, 0, 0, 1), rgba(0, 0, 0, 1) 100%)","button_text_color":"#ffffff","button_text_size":15,"button_padding_tb":10,"button_padding_lr":25,"button_border_radius":50,"link_text":"SHOP GRAVEL OUTERWEAR","link":"shopify:\/\/collections\/gravel-cycling-jackets-vests","open_in_blank":false}},"sp_image_with_text_Uw6pGq":{"type":"sp-image-with-text","custom_css":["a.spro-cta {border: 2px solid #000000; margin-bottom: 5%;}","a.spro-cta:hover {color: #ffffff !important; background: #000000;}",".spro-column-text {padding-left: 15%; padding-right: 15%; padding-top: 3%;}"],"name":"🚀 Image with Text (v1)","settings":{"override_fonts":false,"headline_font":"system_ui_n4","text_font":"system_ui_n4","override_text_sizes":true,"text_size":15,"mobile_text_size":15,"text_line_height":"1.5","headline_size":48,"mobile_headline_size":40,"headline_line_height":"1.2","override_text_colors":true,"text_color":"#000000","link_color":"#005bd3","show_on_device":"all","section_background_color":"linear-gradient(127deg, rgba(255, 255, 255, 1) 11%, rgba(255, 255, 255, 1) 81%)","section_background_image_color":"","section_background_size":"cover","mobile_section_background_image_color":"","mobile_section_background_size":"cover","section_padding_top_bottom":0,"mobile_section_padding_top_bottom":0,"section_padding_left_right":0,"mobile_section_padding_left_right":0,"container_background_color":"","container_max_width":10000,"container_padding_top_bottom":0,"mobile_container_padding_top_bottom":0,"container_padding_left_right":0,"mobile_container_padding_left_right":0,"element_spacing":15,"container_radius":0,"container_shadow":false,"container_border_size":0,"container_border_color":"#888888","grid_gap":0,"grid_display":"1fr 1fr","grid_vertical_alignament":"center","image_location":"left","mobile_image_location":"top","image_aspect_ratio":"16 \/ 9","border_radius":0,"media_shadow":false,"image":"shopify:\/\/shop_images\/BikePIF25TrailCA1276-1201x800-5b2df79-min.jpg","text_alignment":"left","mobile_text_alignment":"center","headline":"<strong>QUIET PROTECTION, LOUD TRAILS<\/strong>","content":"<p>Durable 3-layer shells and flexy softshells built for rough lines—helmet-compatible hoods, big vents, and mud-shielding drop tails. Stable when it’s rowdy, simple when it’s steady.<\/p>","content_padding_top_bottom":0,"mobile_content_padding_top_bottom":0,"content_padding_left_right":150,"mobile_content_padding_left_right":0,"button_background_color":"linear-gradient(164deg, rgba(0, 0, 0, 1), rgba(0, 0, 0, 1) 100%)","button_text_color":"#ffffff","button_text_size":15,"button_padding_tb":10,"button_padding_lr":25,"button_border_radius":50,"link_text":"SHOP TRAIL OUTERWEAR","link":"shopify:\/\/collections\/mountain-bike-jackets-vests","open_in_blank":false}},"sp_image_with_text_wPPwaK":{"type":"sp-image-with-text","custom_css":["a.spro-cta {border: 2px solid #000000; margin-bottom: 5%;}","a.spro-cta:hover {color: #ffffff !important; background: #000000;}",".spro-column-text {padding-left: 20%; padding-right: 15%; padding-top: 3%;}"],"name":"🚀 Image with Text","settings":{"override_fonts":false,"headline_font":"system_ui_n4","text_font":"system_ui_n4","override_text_sizes":true,"text_size":15,"mobile_text_size":15,"text_line_height":"1.5","headline_size":48,"mobile_headline_size":40,"headline_line_height":"1.2","override_text_colors":true,"text_color":"#000000","link_color":"#005bd3","show_on_device":"all","section_background_color":"linear-gradient(127deg, rgba(248, 246, 241, 1) 11%, rgba(255, 255, 255, 1) 81%, rgba(248, 246, 241, 1) 96.043%)","section_background_image_color":"","section_background_size":"cover","mobile_section_background_image_color":"","mobile_section_background_size":"cover","section_padding_top_bottom":0,"mobile_section_padding_top_bottom":0,"section_padding_left_right":0,"mobile_section_padding_left_right":0,"container_background_color":"","container_max_width":10000,"container_padding_top_bottom":0,"mobile_container_padding_top_bottom":0,"container_padding_left_right":0,"mobile_container_padding_left_right":0,"element_spacing":15,"container_radius":0,"container_shadow":false,"container_border_size":0,"container_border_color":"#888888","grid_gap":0,"grid_display":"1fr 1fr","grid_vertical_alignament":"center","image_location":"right","mobile_image_location":"top","image_aspect_ratio":"16 \/ 9","border_radius":0,"media_shadow":false,"image":"shopify:\/\/shop_images\/Road_video_1-min.png","text_alignment":"left","mobile_text_alignment":"center","headline":"<strong>BUILD YOUR 365 LAYERING SYSTEM<\/strong>","content":"<p>Base wicks. Mid regulates. Shell protects. One system, any weather.<\/p>","content_padding_top_bottom":0,"mobile_content_padding_top_bottom":0,"content_padding_left_right":150,"mobile_content_padding_left_right":0,"button_background_color":"linear-gradient(164deg, rgba(17, 17, 17, 0), rgba(17, 17, 17, 0) 100%)","button_text_color":"#000000","button_text_size":15,"button_padding_tb":10,"button_padding_lr":25,"button_border_radius":50,"link_text":"LAYERING GUIDE","link":"","open_in_blank":false}},"sp_faq_gXMXdE":{"type":"sp-faq","blocks":{"question_Ani7tr":{"type":"question","settings":{"question":"Waterproof vs water‑resistant—what’s the difference?","answer":"<p>Waterproof uses a membrane and taped seams to stop rain from getting in while letting sweat escape. Water‑resistant sheds light rain and road spray but isn’t for long downpours.<\/p>","is_open":true}},"question_c3dwxc":{"type":"question","settings":{"question":"How should I layer for rain around 45°F (7°C)?","answer":"<p>Transfer baselayer + thermal jersey + waterproof shell. Open vents and the two‑way zip on climbs; close them for descents.<\/p>","is_open":false}},"question_At7Vnc":{"type":"question","settings":{"question":"What’s “packable” in real terms?","answer":"<p>Folds to a jersey pocket or a small bar bag so you can bring it every ride.<\/p>","is_open":false}},"question_7hbRD8":{"type":"question","settings":{"question":"Care tips to keep DWR working?","answer":"<p>Wash regularly, avoid fabric softeners, and refresh the water‑shedding finish with heat or a replenisher when water stops beading.<\/p>","is_open":false}},"question_FnVr4p":{"type":"question","settings":{"question":"Hood over or under helmet?","answer":"<p>Road shells are typically hood‑less for speed. Adventure shells use helmet‑compatible hoods for true weather days.<\/p>","is_open":false}}},"block_order":["question_Ani7tr","question_c3dwxc","question_At7Vnc","question_7hbRD8","question_FnVr4p"],"name":"🚀 FAQ","settings":{"override_fonts":false,"headline_font":"system_ui_n4","text_font":"system_ui_n4","override_text_sizes":true,"text_size":15,"mobile_text_size":15,"text_line_height":"1.5","headline_size":48,"mobile_headline_size":40,"headline_line_height":"1.2","override_text_colors":true,"text_color":"#000000","link_color":"#005bd3","show_on_device":"all","section_background_color":"linear-gradient(127deg, rgba(255, 255, 255, 1) 11%, rgba(255, 255, 255, 1) 81%)","section_background_image_color":"","section_background_size":"cover","mobile_section_background_image_color":"","mobile_section_background_size":"cover","section_padding_top_bottom":50,"mobile_section_padding_top_bottom":40,"section_padding_left_right":25,"mobile_section_padding_left_right":25,"container_background_color":"","container_max_width":1200,"container_padding_top_bottom":10,"mobile_container_padding_top_bottom":10,"container_padding_left_right":10,"mobile_container_padding_left_right":10,"element_spacing":15,"container_radius":0,"container_shadow":false,"container_border_size":0,"container_border_color":"#888888","question_text_size":25,"question_color":"#000000","answer_color":"#444444","text_alignment":"center","mobile_text_alignment":"center","headline":"<strong>CHAMOIS FAQs<\/strong>","text":"","headline_spacing":15}},"sp_hero_g6JDy6":{"type":"sp-hero","name":"🚀 Footer Hero","settings":{"override_fonts":false,"headline_font":"system_ui_n4","text_font":"system_ui_n4","override_text_sizes":false,"text_size":16,"mobile_text_size":15,"text_line_height":"1.5","headline_size":58,"mobile_headline_size":40,"headline_line_height":"1.2","override_text_colors":false,"text_color":"#ffffff","link_color":"#005bd3","show_on_device":"desktop","section_background_color":"linear-gradient(127deg, rgba(241, 246, 251, 1) 11%, rgba(241, 246, 251, 1) 81%)","section_background_image_color":"","section_background_size":"cover","mobile_section_background_image_color":"","mobile_section_background_size":"cover","section_padding_top_bottom":0,"mobile_section_padding_top_bottom":0,"section_padding_left_right":0,"mobile_section_padding_left_right":0,"container_background_color":"","container_max_width":10000,"container_padding_top_bottom":0,"mobile_container_padding_top_bottom":10,"container_padding_left_right":0,"mobile_container_padding_left_right":10,"element_spacing":15,"container_radius":0,"container_shadow":false,"container_border_size":0,"container_border_color":"#888888","grid_padding_tb":150,"grid_padding_lr":0,"show_text_shadow":false,"cover_background":"linear-gradient(164deg, rgba(17, 17, 17, 1), rgba(0, 0, 0, 1) 100%)","cover_opacity":15,"box_alignment":"left","button_background_color":"linear-gradient(164deg, rgba(255, 255, 255, 1), rgba(255, 255, 255, 1) 100%)","button_text_color":"#000000","button_padding_tb":15,"button_padding_lr":30,"button_border_radius":50,"text_alignment":"left","mobile_text_alignment":"center","headline":"","content":"","cta":"","cta_link":"","hero_image":"shopify:\/\/shop_images\/Group_56_4_e2734a68-7e11-40da-8e4e-150514dd35b7.png","image_size":20000,"mobile_image_size":800}},"sp_hero_YeCDkg":{"type":"sp-hero","name":"🚀 Footer Hero (Mobile)","settings":{"override_fonts":false,"headline_font":"system_ui_n4","text_font":"system_ui_n4","override_text_sizes":false,"text_size":16,"mobile_text_size":15,"text_line_height":"1.5","headline_size":58,"mobile_headline_size":40,"headline_line_height":"1.2","override_text_colors":false,"text_color":"#ffffff","link_color":"#005bd3","show_on_device":"mobile","section_background_color":"linear-gradient(127deg, rgba(241, 246, 251, 1) 11%, rgba(241, 246, 251, 1) 81%)","section_background_image_color":"","section_background_size":"cover","mobile_section_background_image_color":"","mobile_section_background_size":"cover","section_padding_top_bottom":0,"mobile_section_padding_top_bottom":0,"section_padding_left_right":0,"mobile_section_padding_left_right":0,"container_background_color":"","container_max_width":10000,"container_padding_top_bottom":0,"mobile_container_padding_top_bottom":10,"container_padding_left_right":0,"mobile_container_padding_left_right":10,"element_spacing":15,"container_radius":0,"container_shadow":false,"container_border_size":0,"container_border_color":"#888888","grid_padding_tb":150,"grid_padding_lr":0,"show_text_shadow":true,"cover_background":"linear-gradient(164deg, rgba(17, 17, 17, 1), rgba(0, 0, 0, 1) 100%)","cover_opacity":15,"box_alignment":"left","button_background_color":"linear-gradient(164deg, rgba(255, 255, 255, 1), rgba(255, 255, 255, 1) 100%)","button_text_color":"#000000","button_padding_tb":15,"button_padding_lr":30,"button_border_radius":50,"text_alignment":"left","mobile_text_alignment":"center","headline":"","content":"","cta":"","cta_link":"","hero_image":"shopify:\/\/shop_images\/Group_56_4.png","image_size":2000,"mobile_image_size":800}}},"order":["sp_hero_6CJB8L","sp_hero_FmPcjH","sp_feature_grid_c9mh8b","sp_card_grid_XCfNDK","sp_image_with_text_aJ3AqA","sp_image_with_text_r7GXQD","sp_image_with_text_Uw6pGq","sp_image_with_text_wPPwaK","sp_faq_gXMXdE","sp_hero_g6JDy6","sp_hero_YeCDkg"]}