{"sections":{"sp_hero_6CJB8L":{"type":"sp-hero","custom_css":[".spro-container a.spro-cta {border: 2px solid #ffffff;}",".spro-container a.spro-cta:hover {border: 2px solid #000000; transform: translateY(0px);}",".spro-headline {padding: 0 50px 0 0;}",".spro-container > .spro-grid {margin-left: 100px;}","p strong {font-size: 30px;}"],"name":"🚀 Hero","settings":{"override_fonts":false,"headline_font":"sans-serif","text_font":"sans-serif","override_text_sizes":true,"text_size":16,"mobile_text_size":15,"text_line_height":"1.5","headline_size":58,"mobile_headline_size":40,"headline_line_height":"1.2","override_text_colors":true,"text_color":"#ffffff","link_color":"#005bd3","show_on_device":"desktop","section_background_color":"linear-gradient(127deg, rgba(241, 246, 251, 1) 11%, rgba(241, 246, 251, 1) 81%)","section_background_image_color":"","section_background_size":"cover","mobile_section_background_image_color":"","mobile_section_background_size":"cover","section_padding_top_bottom":0,"mobile_section_padding_top_bottom":0,"section_padding_left_right":0,"mobile_section_padding_left_right":0,"container_background_color":"","container_max_width":10000,"container_padding_top_bottom":0,"mobile_container_padding_top_bottom":10,"container_padding_left_right":0,"mobile_container_padding_left_right":10,"element_spacing":15,"container_radius":0,"container_shadow":false,"container_border_size":0,"container_border_color":"#888888","grid_padding_tb":225,"grid_padding_lr":0,"show_text_shadow":true,"cover_background":"linear-gradient(164deg, rgba(17, 17, 17, 1), rgba(0, 0, 0, 1) 100%)","cover_opacity":15,"box_alignment":"left","button_background_color":"linear-gradient(164deg, rgba(255, 255, 255, 1), rgba(255, 255, 255, 1) 100%)","button_text_color":"#000000","button_padding_tb":10,"button_padding_lr":25,"button_border_radius":50,"text_alignment":"left","mobile_text_alignment":"center","headline":"<strong>THE CORE OF COMFORT<\/strong>","content":"<p><strong>UNDERSTANDING THE PEARL IZUMI CHAMOIS.<br\/><\/strong>Saddle up for a deep dive into the most crucial piece of gear you never see. Meet the chamois: your ride's hidden hero, engineered for unmatched comfort and peak performance.<\/p>","cta":"","cta_link":"","hero_image":"shopify:\/\/shop_images\/df7b4a4e9fe4ddd8f17cd8e68559de5a3508bfb5-min.jpg","image_size":20000,"mobile_image_size":800}},"sp_hero_FmPcjH":{"type":"sp-hero","custom_css":[".spro-container a.spro-cta {border: 2px solid #ffffff;}",".spro-container a.spro-cta:hover {border: 2px solid #000000; transform: translateY(0px);}",".spro-headline {padding: 0 0 0 10px;}",".spro-container > .spro-grid {margin-right: 80px;}"],"name":"🚀 Hero (Mobile)","settings":{"override_fonts":false,"headline_font":"sans-serif","text_font":"sans-serif","override_text_sizes":true,"text_size":16,"mobile_text_size":15,"text_line_height":"1.5","headline_size":58,"mobile_headline_size":40,"headline_line_height":"1.2","override_text_colors":true,"text_color":"#ffffff","link_color":"#005bd3","show_on_device":"mobile","section_background_color":"linear-gradient(127deg, rgba(241, 246, 251, 1) 11%, rgba(241, 246, 251, 1) 81%)","section_background_image_color":"","section_background_size":"cover","mobile_section_background_image_color":"","mobile_section_background_size":"cover","section_padding_top_bottom":0,"mobile_section_padding_top_bottom":0,"section_padding_left_right":0,"mobile_section_padding_left_right":0,"container_background_color":"","container_max_width":10000,"container_padding_top_bottom":0,"mobile_container_padding_top_bottom":0,"container_padding_left_right":0,"mobile_container_padding_left_right":0,"element_spacing":15,"container_radius":0,"container_shadow":false,"container_border_size":0,"container_border_color":"#888888","grid_padding_tb":150,"grid_padding_lr":5,"show_text_shadow":true,"cover_background":"linear-gradient(164deg, rgba(17, 17, 17, 1), rgba(0, 0, 0, 1) 100%)","cover_opacity":15,"box_alignment":"left","button_background_color":"linear-gradient(164deg, rgba(255, 255, 255, 1), rgba(255, 255, 255, 1) 100%)","button_text_color":"#000000","button_padding_tb":10,"button_padding_lr":15,"button_border_radius":50,"text_alignment":"center","mobile_text_alignment":"left","headline":"<strong>THE CORE OF COMFORT<\/strong>","content":"<p><strong>UNDERSTANDING PEARL IZUMI CHAMOIS<\/strong><\/p><p>Saddle up for a deep dive into the most crucial piece of gear you never see. Meet the chamois: your ride's hidden hero, engineered for unmatched comfort and peak performance.<\/p>","cta":"","cta_link":"","hero_image":"shopify:\/\/shop_images\/df7b4a4e9fe4ddd8f17cd8e68559de5a3508bfb5-min.jpg","image_size":0,"mobile_image_size":800}},"sp_image_with_text_aJ3AqA":{"type":"sp-image-with-text","custom_css":["a.spro-cta {border: 2px solid #000000;}","a.spro-cta:hover {color: #ffffff !important; background: #000000;}",".spro-column-text {padding-left: 15%; padding-right: 15%; padding-top: 3%;}"],"name":"🚀 Image with Text","settings":{"override_fonts":false,"headline_font":"sans-serif","text_font":"sans-serif","override_text_sizes":true,"text_size":15,"mobile_text_size":15,"text_line_height":"1.5","headline_size":48,"mobile_headline_size":40,"headline_line_height":"1.2","override_text_colors":true,"text_color":"#000000","link_color":"#005bd3","show_on_device":"all","section_background_color":"linear-gradient(127deg, rgba(255, 255, 255, 1) 11%, rgba(255, 255, 255, 1) 81%)","section_background_image_color":"","section_background_size":"cover","mobile_section_background_image_color":"","mobile_section_background_size":"cover","section_padding_top_bottom":0,"mobile_section_padding_top_bottom":0,"section_padding_left_right":0,"mobile_section_padding_left_right":0,"container_background_color":"","container_max_width":10000,"container_padding_top_bottom":0,"mobile_container_padding_top_bottom":0,"container_padding_left_right":0,"mobile_container_padding_left_right":0,"element_spacing":15,"container_radius":0,"container_shadow":false,"container_border_size":0,"container_border_color":"#888888","grid_gap":0,"grid_display":"1fr 1fr","grid_vertical_alignament":"center","image_location":"left","mobile_image_location":"top","image_aspect_ratio":"16 \/ 9","border_radius":0,"media_shadow":false,"image":"shopify:\/\/shop_images\/c6318c6dcdee4499ffc98c9692b49ff4ecba7220_1_-min.jpg","text_alignment":"left","mobile_text_alignment":"center","headline":"<strong>WHAT IS A CHAMOIS?<\/strong>","content":"<p>Pronounced sham-mee, a chamois is the unsung hero of every ride. It's a padded insert in your cycling shorts or bibs, designed to cushion your sit bones, reduce pressure points, and wick moisture away from the body. Originally made from leather, today’s chamois is an engineering marvel of multi-density foams, stretch fabrics, and thoughtful shaping.<\/p>","content_padding_top_bottom":0,"mobile_content_padding_top_bottom":0,"content_padding_left_right":150,"mobile_content_padding_left_right":0,"button_background_color":"linear-gradient(164deg, rgba(17, 17, 17, 1), rgba(51, 51, 51, 1) 100%)","button_text_color":"#ffffff","button_text_size":15,"button_padding_tb":10,"button_padding_lr":25,"button_border_radius":50,"link_text":"","link":"","open_in_blank":false}},"sp_image_with_text_dwqnpd":{"type":"sp-image-with-text","custom_css":["a.spro-cta {border: 2px solid #000000;}","a.spro-cta:hover {color: #ffffff !important; background: #000000;}",".spro-column-text {padding-left: 15%; padding-right: 15%; padding-top: 3%;}"],"name":"🚀 Image with Text","settings":{"override_fonts":false,"headline_font":"sans-serif","text_font":"sans-serif","override_text_sizes":true,"text_size":15,"mobile_text_size":15,"text_line_height":"1.5","headline_size":48,"mobile_headline_size":40,"headline_line_height":"1.2","override_text_colors":true,"text_color":"#000000","link_color":"#005bd3","show_on_device":"all","section_background_color":"linear-gradient(127deg, rgba(255, 255, 255, 1) 11%, rgba(255, 255, 255, 1) 81%)","section_background_image_color":"","section_background_size":"cover","mobile_section_background_image_color":"","mobile_section_background_size":"cover","section_padding_top_bottom":0,"mobile_section_padding_top_bottom":0,"section_padding_left_right":0,"mobile_section_padding_left_right":0,"container_background_color":"","container_max_width":10000,"container_padding_top_bottom":0,"mobile_container_padding_top_bottom":0,"container_padding_left_right":0,"mobile_container_padding_left_right":0,"element_spacing":15,"container_radius":0,"container_shadow":false,"container_border_size":0,"container_border_color":"#888888","grid_gap":0,"grid_display":"1fr 1fr","grid_vertical_alignament":"center","image_location":"right","mobile_image_location":"top","image_aspect_ratio":"16 \/ 9","border_radius":0,"media_shadow":false,"image":"shopify:\/\/shop_images\/2aefde22abd05a9a773df3feae3780d56badbbe5-min.jpg","text_alignment":"left","mobile_text_alignment":"center","headline":"<strong>WHY CHAMOIS MATTER<\/strong>","content":"<p>The right chamois can make or break your ride. Ours is built to support pressure zones, wick moisture, shed heat, and eliminate friction—so you can stay focused when it counts.<\/p>","content_padding_top_bottom":0,"mobile_content_padding_top_bottom":0,"content_padding_left_right":150,"mobile_content_padding_left_right":0,"button_background_color":"linear-gradient(164deg, rgba(17, 17, 17, 1), rgba(51, 51, 51, 1) 100%)","button_text_color":"#ffffff","button_text_size":15,"button_padding_tb":10,"button_padding_lr":25,"button_border_radius":50,"link_text":"","link":"","open_in_blank":false}},"sp_hero_g7gtrb":{"type":"sp-hero","custom_css":[".spro-headline {padding-top: 50px; padding-left: 0px; padding-right: 0px;}",".spro-container > .spro-grid {max-width: none;}"],"name":"🚀 Hero","settings":{"override_fonts":false,"headline_font":"sans-serif","text_font":"sans-serif","override_text_sizes":true,"text_size":16,"mobile_text_size":15,"text_line_height":"1.5","headline_size":48,"mobile_headline_size":40,"headline_line_height":"1.2","override_text_colors":true,"text_color":"#000000","link_color":"#005bd3","show_on_device":"all","section_background_color":"linear-gradient(127deg, rgba(248, 246, 241, 1) 33%, rgba(255, 255, 255, 1) 81%, rgba(248, 246, 241, 1) 97.125%)","section_background_image_color":"rgba(0,0,0,0)","section_background_size":"cover","mobile_section_background_image_color":"","mobile_section_background_size":"cover","section_padding_top_bottom":0,"mobile_section_padding_top_bottom":0,"section_padding_left_right":0,"mobile_section_padding_left_right":0,"container_background_color":"","container_max_width":10000,"container_padding_top_bottom":0,"mobile_container_padding_top_bottom":10,"container_padding_left_right":0,"mobile_container_padding_left_right":10,"element_spacing":15,"container_radius":0,"container_shadow":false,"container_border_size":0,"container_border_color":"#888888","grid_padding_tb":50,"grid_padding_lr":0,"show_text_shadow":false,"cover_background":"linear-gradient(164deg, rgba(255, 255, 255, 1) 6%, rgba(255, 255, 255, 1) 65%, rgba(255, 255, 255, 1) 89%)","cover_opacity":15,"box_alignment":"center","button_background_color":"linear-gradient(164deg, rgba(0, 0, 0, 1), rgba(0, 0, 0, 1) 100%)","button_text_color":"#ffffff","button_padding_tb":10,"button_padding_lr":25,"button_border_radius":50,"text_alignment":"center","mobile_text_alignment":"center","headline":"<strong>MEET LEVITATE™: OUR PROPRIETARY CHAMOIS PLATFORM.<\/strong>","content":"<p>Our proprietary Levitate™ Chamois Platform includes three tiers: PRO LEVITATE, ELITE LEVITATE, and SELECT LEVITATE. Each is tuned for different ride styles and intensity levels, but all share a common goal—exceptional in-saddle comfort. Designed by cyclists, for cyclists, and obsessively tested, they redefine performance where it matters most.<\/p>","cta":"","cta_link":"","image_size":2000,"mobile_image_size":800}},"sp_hero_GrrcCb":{"type":"sp-hero","custom_css":[".spro-headline {padding-top: 50px; padding-left: 0px; padding-right: 0px;}",".spro-container > .spro-grid {max-width: none;}"],"name":"🚀 Hero","settings":{"override_fonts":false,"headline_font":"sans-serif","text_font":"sans-serif","override_text_sizes":true,"text_size":16,"mobile_text_size":15,"text_line_height":"1.5","headline_size":48,"mobile_headline_size":40,"headline_line_height":"1.2","override_text_colors":true,"text_color":"#ffffff","link_color":"#005bd3","show_on_device":"all","section_background_color":"linear-gradient(127deg, rgba(53, 59, 66, 1) 11%, rgba(53, 59, 66, 1) 81%)","section_background_image_color":"","section_background_size":"cover","mobile_section_background_image_color":"","mobile_section_background_size":"cover","section_padding_top_bottom":0,"mobile_section_padding_top_bottom":0,"section_padding_left_right":0,"mobile_section_padding_left_right":0,"container_background_color":"","container_max_width":10000,"container_padding_top_bottom":0,"mobile_container_padding_top_bottom":10,"container_padding_left_right":0,"mobile_container_padding_left_right":10,"element_spacing":15,"container_radius":0,"container_shadow":false,"container_border_size":0,"container_border_color":"#888888","grid_padding_tb":50,"grid_padding_lr":0,"show_text_shadow":false,"cover_background":"","cover_opacity":15,"box_alignment":"center","button_background_color":"linear-gradient(164deg, rgba(255, 255, 255, 1), rgba(255, 255, 255, 1) 100%)","button_text_color":"#ffffff","button_padding_tb":10,"button_padding_lr":25,"button_border_radius":50,"text_alignment":"center","mobile_text_alignment":"center","headline":"<strong>KNOW YOUR RIDE–KNOW YOUR PAD<\/strong>","content":"<p>THREE TIERS. ONE GOAL: COMFORT.<\/p>","cta":"","cta_link":"","image_size":2000,"mobile_image_size":800}},"sp_image_with_text_fqKmA4":{"type":"sp-image-with-text","name":"🚀 Image with Text","settings":{"override_fonts":false,"headline_font":"sans-serif","text_font":"sans-serif","override_text_sizes":false,"text_size":15,"mobile_text_size":15,"text_line_height":"inherit","headline_size":40,"mobile_headline_size":40,"headline_line_height":"inherit","override_text_colors":true,"text_color":"#ffffff","link_color":"#005bd3","show_on_device":"all","section_background_color":"linear-gradient(127deg, rgba(53, 59, 66, 1) 11%, rgba(53, 59, 66, 1) 81%)","section_background_image_color":"#000000","section_background_size":"contain","mobile_section_background_image_color":"","mobile_section_background_size":"cover","section_padding_top_bottom":25,"mobile_section_padding_top_bottom":25,"section_padding_left_right":25,"mobile_section_padding_left_right":25,"container_background_color":"linear-gradient(180deg, rgba(0, 0, 0, 1), rgba(0, 0, 0, 1) 100%)","container_max_width":1200,"container_padding_top_bottom":10,"mobile_container_padding_top_bottom":10,"container_padding_left_right":10,"mobile_container_padding_left_right":10,"element_spacing":15,"container_radius":50,"container_shadow":false,"container_border_size":5,"container_border_color":"#000000","grid_gap":25,"grid_display":"1fr 1fr","grid_vertical_alignament":"center","image_location":"right","mobile_image_location":"top","image_aspect_ratio":"1 \/ 1","border_radius":5,"media_shadow":true,"image":"shopify:\/\/shop_images\/da06372d96ba0f68b0bb04ffc3a0fd86616055c8.png","text_alignment":"center","mobile_text_alignment":"center","headline":"<strong>PRO LEVITATE<\/strong>","content":"<p>Designed for elite riders and long-haul adventures, the Pro level maximizes vibration damping and breathability. Multi-density foams and a supportive floating top sheet provide all-day comfort with a barely-there feel.<\/p>","content_padding_top_bottom":0,"mobile_content_padding_top_bottom":0,"content_padding_left_right":0,"mobile_content_padding_left_right":0,"button_background_color":"linear-gradient(164deg, rgba(255, 255, 255, 1), rgba(255, 255, 255, 1) 100%)","button_text_color":"#000000","button_text_size":15,"button_padding_tb":10,"button_padding_lr":25,"button_border_radius":50,"link_text":"SHOP PRO LEVITATE","link":"","open_in_blank":false}},"sp_image_with_text_768aDf":{"type":"sp-image-with-text","name":"🚀 Image with Text","settings":{"override_fonts":false,"headline_font":"sans-serif","text_font":"sans-serif","override_text_sizes":false,"text_size":15,"mobile_text_size":15,"text_line_height":"inherit","headline_size":40,"mobile_headline_size":40,"headline_line_height":"inherit","override_text_colors":true,"text_color":"#ffffff","link_color":"#005bd3","show_on_device":"all","section_background_color":"linear-gradient(127deg, rgba(53, 59, 66, 1) 11%, rgba(53, 59, 66, 1) 81%)","section_background_image_color":"#000000","section_background_size":"contain","mobile_section_background_image_color":"","mobile_section_background_size":"cover","section_padding_top_bottom":25,"mobile_section_padding_top_bottom":25,"section_padding_left_right":25,"mobile_section_padding_left_right":25,"container_background_color":"linear-gradient(180deg, rgba(0, 0, 0, 1), rgba(0, 0, 0, 1) 100%)","container_max_width":1200,"container_padding_top_bottom":10,"mobile_container_padding_top_bottom":10,"container_padding_left_right":10,"mobile_container_padding_left_right":10,"element_spacing":15,"container_radius":50,"container_shadow":false,"container_border_size":5,"container_border_color":"#000000","grid_gap":25,"grid_display":"1fr 1fr","grid_vertical_alignament":"center","image_location":"left","mobile_image_location":"top","image_aspect_ratio":"auto","border_radius":5,"media_shadow":true,"image":"shopify:\/\/shop_images\/0b7ee7aa3a0936db39fbe914488cd076ca15dc7f.png","text_alignment":"center","mobile_text_alignment":"center","headline":"<strong>ELITE LEVITATE<\/strong>","content":"<p>Perfect for dedicated enthusiasts, this mid-tier option strikes a balance between cushion and responsiveness. It features strategic foam layering and adaptive support zones to keep you fresh mile after mile.<\/p>","content_padding_top_bottom":0,"mobile_content_padding_top_bottom":0,"content_padding_left_right":0,"mobile_content_padding_left_right":0,"button_background_color":"linear-gradient(164deg, rgba(255, 255, 255, 1), rgba(255, 255, 255, 1) 100%)","button_text_color":"#000000","button_text_size":15,"button_padding_tb":10,"button_padding_lr":25,"button_border_radius":50,"link_text":"SHOP ELITE LEVITATE","link":"","open_in_blank":false}},"sp_image_with_text_WTBiR7":{"type":"sp-image-with-text","name":"🚀 Image with Text","settings":{"override_fonts":false,"headline_font":"sans-serif","text_font":"sans-serif","override_text_sizes":false,"text_size":15,"mobile_text_size":15,"text_line_height":"inherit","headline_size":40,"mobile_headline_size":40,"headline_line_height":"inherit","override_text_colors":true,"text_color":"#ffffff","link_color":"#005bd3","show_on_device":"all","section_background_color":"linear-gradient(127deg, rgba(53, 59, 66, 1) 11%, rgba(53, 59, 66, 1) 81%)","section_background_image_color":"#000000","section_background_size":"contain","mobile_section_background_image_color":"","mobile_section_background_size":"cover","section_padding_top_bottom":25,"mobile_section_padding_top_bottom":25,"section_padding_left_right":25,"mobile_section_padding_left_right":25,"container_background_color":"linear-gradient(180deg, rgba(0, 0, 0, 1), rgba(0, 0, 0, 1) 100%)","container_max_width":1200,"container_padding_top_bottom":10,"mobile_container_padding_top_bottom":10,"container_padding_left_right":10,"mobile_container_padding_left_right":10,"element_spacing":15,"container_radius":50,"container_shadow":false,"container_border_size":5,"container_border_color":"#000000","grid_gap":25,"grid_display":"1fr 1fr","grid_vertical_alignament":"center","image_location":"right","mobile_image_location":"top","image_aspect_ratio":"auto","border_radius":5,"media_shadow":true,"image":"shopify:\/\/shop_images\/f8e1f7976ccab12cb64d9b972f419547cc1f1499.png","text_alignment":"center","mobile_text_alignment":"center","headline":"<strong>SELECT LEVITATE<\/strong>","content":"<p>The entry point to our chamois system doesn’t skimp on performance. With supportive shaping and moisture-wicking comfort, it's built to elevate everyday rides.<\/p>","content_padding_top_bottom":0,"mobile_content_padding_top_bottom":0,"content_padding_left_right":0,"mobile_content_padding_left_right":0,"button_background_color":"linear-gradient(164deg, rgba(255, 255, 255, 1), rgba(255, 255, 255, 1) 100%)","button_text_color":"#000000","button_text_size":15,"button_padding_tb":10,"button_padding_lr":25,"button_border_radius":50,"link_text":"SHOP SELECT LEVITATE","link":"","open_in_blank":false}},"sp_hero_66qdwC":{"type":"sp-hero","name":"🚀 Hero","settings":{"override_fonts":false,"headline_font":"sans-serif","text_font":"sans-serif","override_text_sizes":true,"text_size":16,"mobile_text_size":15,"text_line_height":"1.5","headline_size":58,"mobile_headline_size":40,"headline_line_height":"1.2","override_text_colors":true,"text_color":"#000","link_color":"#005bd3","show_on_device":"all","section_background_color":"linear-gradient(127deg, rgba(241, 246, 251, 1) 11%, rgba(241, 246, 251, 1) 81%)","section_background_image_color":"","section_background_size":"cover","mobile_section_background_image_color":"","mobile_section_background_size":"cover","section_padding_top_bottom":0,"mobile_section_padding_top_bottom":0,"section_padding_left_right":0,"mobile_section_padding_left_right":0,"container_background_color":"","container_max_width":10000,"container_padding_top_bottom":0,"mobile_container_padding_top_bottom":10,"container_padding_left_right":0,"mobile_container_padding_left_right":10,"element_spacing":15,"container_radius":0,"container_shadow":false,"container_border_size":0,"container_border_color":"#888888","grid_padding_tb":150,"grid_padding_lr":0,"show_text_shadow":true,"cover_background":"linear-gradient(164deg, rgba(17, 17, 17, 1), rgba(0, 0, 0, 1) 100%)","cover_opacity":15,"box_alignment":"left","button_background_color":"linear-gradient(164deg, rgba(0, 0, 0, 1), rgba(0, 0, 0, 1) 100%)","button_text_color":"#ffffff","button_padding_tb":10,"button_padding_lr":25,"button_border_radius":50,"text_alignment":"left","mobile_text_alignment":"center","headline":"<strong>SHOP THE COLLECTION<\/strong>","content":"<p>Browse our PRO, ELITE, and SELECT chamois in bib shorts and tights to experience chamois technology built to move with you—and elevate every ride.<\/p>","cta":"SHOP NOW","cta_link":"shopify:\/\/collections\/levitate-chamois","hero_image":"shopify:\/\/shop_images\/Frame_1538232426_2.png","image_size":20000,"mobile_image_size":800}},"sp_faq_gXMXdE":{"type":"sp-faq","blocks":{"question_Ani7tr":{"type":"question","settings":{"question":"How long does a chamois last?","answer":"<p>Its simple really. You just add the questions as blocks and then you edit the question and answer.<\/p>","is_open":true}},"question_c3dwxc":{"type":"question","settings":{"question":"What makes PEARL iZUMi different?","answer":"<p>(THIS IS FILLER TEXT) Our 3L Windproof Membrane, know as AmFIB®, is your go-to for frigid rides. It combines a 0 CFM windproof rating with insulating fleece and Pi DryTM for water resistance. This makes it ideal for long winter road rides, snowy gravel adventures, or commutes where you’re exposed for extended periods in sub-freezing temps. Explore this option under AmFIB technology.<\/p>","is_open":false}},"question_At7Vnc":{"type":"question","settings":{"question":"Do I need bibs or shorts?","answer":"<p>Its simple really. You just add the questions as blocks and then you edit the question and answer.<\/p>","is_open":false}},"question_7hbRD8":{"type":"question","settings":{"question":"How do I care for my chamois?","answer":"<p>Its simple really. You just add the questions as blocks and then you edit the question and answer.<\/p>","is_open":false}}},"block_order":["question_Ani7tr","question_c3dwxc","question_At7Vnc","question_7hbRD8"],"name":"🚀 FAQ","settings":{"override_fonts":false,"headline_font":"sans-serif","text_font":"sans-serif","override_text_sizes":true,"text_size":15,"mobile_text_size":15,"text_line_height":"1.5","headline_size":48,"mobile_headline_size":40,"headline_line_height":"1.2","override_text_colors":true,"text_color":"#000000","link_color":"#005bd3","show_on_device":"all","section_background_color":"linear-gradient(127deg, rgba(255, 255, 255, 1) 11%, rgba(255, 255, 255, 1) 81%)","section_background_image_color":"","section_background_size":"cover","mobile_section_background_image_color":"","mobile_section_background_size":"cover","section_padding_top_bottom":50,"mobile_section_padding_top_bottom":40,"section_padding_left_right":25,"mobile_section_padding_left_right":25,"container_background_color":"","container_max_width":1200,"container_padding_top_bottom":10,"mobile_container_padding_top_bottom":10,"container_padding_left_right":10,"mobile_container_padding_left_right":10,"element_spacing":15,"container_radius":0,"container_shadow":false,"container_border_size":0,"container_border_color":"#888888","question_text_size":25,"question_color":"#000000","answer_color":"#444444","text_alignment":"center","mobile_text_alignment":"center","headline":"<strong>CHAMOIS FAQs<\/strong>","text":"","headline_spacing":15}},"sp_hero_g6JDy6":{"type":"sp-hero","name":"🚀 Hero","settings":{"override_fonts":false,"headline_font":"sans-serif","text_font":"sans-serif","override_text_sizes":false,"text_size":16,"mobile_text_size":15,"text_line_height":"1.5","headline_size":58,"mobile_headline_size":40,"headline_line_height":"1.2","override_text_colors":false,"text_color":"#ffffff","link_color":"#005bd3","show_on_device":"desktop","section_background_color":"linear-gradient(127deg, rgba(241, 246, 251, 1) 11%, rgba(241, 246, 251, 1) 81%)","section_background_image_color":"","section_background_size":"cover","mobile_section_background_image_color":"","mobile_section_background_size":"cover","section_padding_top_bottom":0,"mobile_section_padding_top_bottom":0,"section_padding_left_right":0,"mobile_section_padding_left_right":0,"container_background_color":"","container_max_width":10000,"container_padding_top_bottom":0,"mobile_container_padding_top_bottom":10,"container_padding_left_right":0,"mobile_container_padding_left_right":10,"element_spacing":15,"container_radius":0,"container_shadow":false,"container_border_size":0,"container_border_color":"#888888","grid_padding_tb":150,"grid_padding_lr":0,"show_text_shadow":false,"cover_background":"linear-gradient(164deg, rgba(17, 17, 17, 1), rgba(0, 0, 0, 1) 100%)","cover_opacity":15,"box_alignment":"left","button_background_color":"linear-gradient(164deg, rgba(255, 255, 255, 1), rgba(255, 255, 255, 1) 100%)","button_text_color":"#000000","button_padding_tb":15,"button_padding_lr":30,"button_border_radius":50,"text_alignment":"left","mobile_text_alignment":"center","headline":"","content":"","cta":"","cta_link":"","hero_image":"shopify:\/\/shop_images\/Group_56_4_e2734a68-7e11-40da-8e4e-150514dd35b7.png","image_size":20000,"mobile_image_size":800}},"sp_hero_YeCDkg":{"type":"sp-hero","name":"🚀 Hero (Mobile)","settings":{"override_fonts":false,"headline_font":"sans-serif","text_font":"sans-serif","override_text_sizes":false,"text_size":16,"mobile_text_size":15,"text_line_height":"1.5","headline_size":58,"mobile_headline_size":40,"headline_line_height":"1.2","override_text_colors":false,"text_color":"#ffffff","link_color":"#005bd3","show_on_device":"mobile","section_background_color":"linear-gradient(127deg, rgba(241, 246, 251, 1) 11%, rgba(241, 246, 251, 1) 81%)","section_background_image_color":"","section_background_size":"cover","mobile_section_background_image_color":"","mobile_section_background_size":"cover","section_padding_top_bottom":0,"mobile_section_padding_top_bottom":0,"section_padding_left_right":0,"mobile_section_padding_left_right":0,"container_background_color":"","container_max_width":10000,"container_padding_top_bottom":0,"mobile_container_padding_top_bottom":10,"container_padding_left_right":0,"mobile_container_padding_left_right":10,"element_spacing":15,"container_radius":0,"container_shadow":false,"container_border_size":0,"container_border_color":"#888888","grid_padding_tb":150,"grid_padding_lr":0,"show_text_shadow":true,"cover_background":"linear-gradient(164deg, rgba(17, 17, 17, 1), rgba(0, 0, 0, 1) 100%)","cover_opacity":15,"box_alignment":"left","button_background_color":"linear-gradient(164deg, rgba(255, 255, 255, 1), rgba(255, 255, 255, 1) 100%)","button_text_color":"#000000","button_padding_tb":15,"button_padding_lr":30,"button_border_radius":50,"text_alignment":"left","mobile_text_alignment":"center","headline":"","content":"","cta":"","cta_link":"","hero_image":"shopify:\/\/shop_images\/Group_56_4.png","image_size":2000,"mobile_image_size":800}}},"order":["sp_hero_6CJB8L","sp_hero_FmPcjH","sp_image_with_text_aJ3AqA","sp_image_with_text_dwqnpd","sp_hero_g7gtrb","sp_hero_GrrcCb","sp_image_with_text_fqKmA4","sp_image_with_text_768aDf","sp_image_with_text_WTBiR7","sp_hero_66qdwC","sp_faq_gXMXdE","sp_hero_g6JDy6","sp_hero_YeCDkg"]}