{"sections":{"sp_hero_6CJB8L":{"type":"sp-hero","custom_css":[".spro-container a.spro-cta {border: 2px solid #ffffff;}",".spro-container a.spro-cta:hover {border: 2px solid #000000; transform: translateY(0px);}",".spro-headline {padding: 0 150px 0 0;}",".spro-container > .spro-grid {margin-left: 100px;}"],"name":"🚀 Hero","settings":{"override_fonts":false,"headline_font":"system_ui_n4","text_font":"system_ui_n4","override_text_sizes":true,"text_size":16,"mobile_text_size":15,"text_line_height":"1.5","headline_size":58,"mobile_headline_size":40,"headline_line_height":"1.2","override_text_colors":true,"text_color":"#ffffff","link_color":"#005bd3","show_on_device":"desktop","section_background_color":"linear-gradient(127deg, rgba(241, 246, 251, 1) 11%, rgba(241, 246, 251, 1) 81%)","section_background_image_color":"","section_background_size":"cover","mobile_section_background_image_color":"","mobile_section_background_size":"cover","section_padding_top_bottom":0,"mobile_section_padding_top_bottom":0,"section_padding_left_right":0,"mobile_section_padding_left_right":0,"container_background_color":"","container_max_width":10000,"container_padding_top_bottom":0,"mobile_container_padding_top_bottom":10,"container_padding_left_right":0,"mobile_container_padding_left_right":10,"element_spacing":15,"container_radius":0,"container_shadow":false,"container_border_size":0,"container_border_color":"#888888","grid_padding_tb":225,"grid_padding_lr":0,"show_text_shadow":true,"cover_background":"linear-gradient(164deg, rgba(17, 17, 17, 1), rgba(0, 0, 0, 1) 100%)","cover_opacity":15,"box_alignment":"left","button_background_color":"linear-gradient(164deg, rgba(255, 255, 255, 1), rgba(255, 255, 255, 1) 100%)","button_text_color":"#000000","button_padding_tb":10,"button_padding_lr":25,"button_border_radius":50,"text_alignment":"left","mobile_text_alignment":"center","headline":"<strong>THE RIGHT JERSEY MAKES ALL THE DIFFERENCE<\/strong>","content":"<p>From race-day fits to relaxed all-road styles—discover what works for your ride.<\/p>","cta":"SHOP ALL JERSEYS","cta_link":"shopify:\/\/collections\/cycling-jerseys","hero_image":"shopify:\/\/shop_images\/Frame_1538232425_1.png","image_size":2000,"mobile_image_size":800}},"sp_hero_FmPcjH":{"type":"sp-hero","custom_css":[".spro-container a.spro-cta {border: 2px solid #ffffff;}",".spro-container a.spro-cta:hover {border: 2px solid #000000; transform: translateY(0px);}",".spro-headline {padding: 0 0 0 10px;}",".spro-container > .spro-grid {margin-right: 80px;}"],"name":"🚀 Hero (Mobile)","settings":{"override_fonts":false,"headline_font":"system_ui_n4","text_font":"system_ui_n4","override_text_sizes":true,"text_size":16,"mobile_text_size":15,"text_line_height":"1.5","headline_size":58,"mobile_headline_size":40,"headline_line_height":"1.2","override_text_colors":true,"text_color":"#ffffff","link_color":"#005bd3","show_on_device":"mobile","section_background_color":"linear-gradient(127deg, rgba(241, 246, 251, 1) 11%, rgba(241, 246, 251, 1) 81%)","section_background_image_color":"","section_background_size":"cover","mobile_section_background_image_color":"","mobile_section_background_size":"cover","section_padding_top_bottom":0,"mobile_section_padding_top_bottom":0,"section_padding_left_right":0,"mobile_section_padding_left_right":0,"container_background_color":"","container_max_width":10000,"container_padding_top_bottom":0,"mobile_container_padding_top_bottom":0,"container_padding_left_right":0,"mobile_container_padding_left_right":0,"element_spacing":15,"container_radius":0,"container_shadow":false,"container_border_size":0,"container_border_color":"#888888","grid_padding_tb":150,"grid_padding_lr":5,"show_text_shadow":true,"cover_background":"linear-gradient(164deg, rgba(17, 17, 17, 1), rgba(0, 0, 0, 1) 100%)","cover_opacity":15,"box_alignment":"left","button_background_color":"linear-gradient(164deg, rgba(255, 255, 255, 1), rgba(255, 255, 255, 1) 100%)","button_text_color":"#000000","button_padding_tb":10,"button_padding_lr":25,"button_border_radius":50,"text_alignment":"center","mobile_text_alignment":"left","headline":"<strong>THE RIGHT JERSEY MAKES ALL THE DIFFERENCE<\/strong>","content":"<p>From race-day fits to relaxed all-road styles—discover what works for your ride.<\/p>","cta":"SHOP ALL JERSEYS","cta_link":"shopify:\/\/collections\/cycling-jerseys","hero_image":"shopify:\/\/shop_images\/Frame_1538232425_1.png","image_size":0,"mobile_image_size":800}},"sp_feature_grid_HKbjh3":{"type":"sp-feature-grid","blocks":{"feature_XD98zk":{"type":"feature","settings":{"background_image":"shopify:\/\/shop_images\/f4f4421441ac4adb3f9737af72efa3e4d525ff60-min.jpg","headline":"<strong>ROAD<\/strong>","cta":"","cta_link":"shopify:\/\/collections\/road-cycling-jerseys","make_block_clickable":true,"show_secondary_button":false,"cta_2":"Secondary Action","cta_link_2":""}},"feature_UhhrJJ":{"type":"feature","settings":{"background_image":"shopify:\/\/shop_images\/382ef5e0ab74ae93ee67597bb92b469aaee1dd0b-min.jpg","headline":"<strong>GRAVEL<\/strong>","cta":"","cta_link":"shopify:\/\/collections\/gravel-cycling-jerseys","make_block_clickable":false,"show_secondary_button":false,"cta_2":"Secondary Action","cta_link_2":""}},"feature_JnXHq4":{"type":"feature","settings":{"background_image":"shopify:\/\/shop_images\/5741f08cb22d0e1eabe686edfd710373351ad7c0-min.jpg","headline":"<strong>TRAIL<\/strong>","cta":"","cta_link":"shopify:\/\/collections\/mountain-bike-jerseys","make_block_clickable":false,"show_secondary_button":false,"cta_2":"Secondary Action","cta_link_2":""}}},"block_order":["feature_XD98zk","feature_UhhrJJ","feature_JnXHq4"],"name":"🚀 Feature Grid","settings":{"override_fonts":false,"headline_font":"system_ui_n4","text_font":"system_ui_n4","override_text_sizes":true,"text_size":15,"mobile_text_size":15,"text_line_height":"1.5","headline_size":48,"mobile_headline_size":40,"headline_line_height":"1.2","override_text_colors":true,"text_color":"#000000","link_color":"#005bd3","show_on_device":"all","section_background_color":"linear-gradient(127deg, rgba(248, 246, 241, 1) 11%, rgba(248, 246, 241, 1) 81%)","section_background_image_color":"","section_background_size":"cover","mobile_section_background_image_color":"","mobile_section_background_size":"cover","section_padding_top_bottom":50,"mobile_section_padding_top_bottom":25,"section_padding_left_right":25,"mobile_section_padding_left_right":25,"container_background_color":"","container_max_width":1000,"container_padding_top_bottom":10,"mobile_container_padding_top_bottom":10,"container_padding_left_right":10,"mobile_container_padding_left_right":10,"element_spacing":15,"container_radius":0,"container_shadow":false,"container_border_size":0,"container_border_color":"#888888","feature_text_color":"#ffffff","feature_text_size":20,"feature_mobile_text_size":20,"feature_show_text_shadow":true,"gap":20,"cover_background":"linear-gradient(164deg, rgba(17, 17, 17, 1), rgba(85, 85, 85, 1) 100%)","cover_opacity":15,"media_aspect_ratio":"1 \/ 1","media_aspect_ratio_mobile":"1 \/ 1","media_radius":30,"media_shadow":false,"mobile_display":"stacked","mobile_columns":"1fr","progress_background_color":"linear-gradient(177deg, rgba(17, 17, 17, .25) 3%, rgba(17, 17, 17, 0.25) 100%)","progress_foreground_color":"linear-gradient(177deg, rgba(17, 17, 17, 1) 3%, rgba(17, 17, 17, 1) 100%)","indicator_color":"#111111","enable_autoplay":true,"autoplay_time":"5000","button_padding_tb":10,"button_padding_lr":25,"button_border_radius":5,"button_border_size":0,"button_border_color":"#111111","button_background_color":"linear-gradient(164deg, rgba(17, 17, 17, 1), rgba(51, 51, 51, 1) 100%)","button_text_color":"#ffffff","button_background_color_2":"linear-gradient(164deg, rgba(17, 17, 17, 1), rgba(51, 51, 51, 1) 100%)","button_text_color_2":"#ffffff","text_alignment":"center","mobile_text_alignment":"center","headline":"<strong>WHAT'S YOUR RIDE TYPE?<\/strong>","text":"Road, gravel, or trail? Let your ride type guide your jersey choice. Explore gear built for your terrain.","headline_spacing":15}},"sp_hero_slider_UyTLUW":{"type":"sp-hero-slider","blocks":{"slide_WGVeCm":{"type":"slide","settings":{"image":"shopify:\/\/shop_images\/BikePI-S24-Road-Monterey-6031-2000x1333-282f2dd-min.jpg","image_size":1100,"mobile_image_size":800,"slide_text":"<strong>PRO<\/strong>","slide_alt":"Second-skin aero with precise support and high breathability. For riders counting watts, not seams. <strong>Fit:<\/strong> Race\/Aero—compressive, streamlined.","cta_text":"SHOP PRO JERSEYS","cta_link":"shopify:\/\/collections\/pro-collection"}},"slide_A8LTAP":{"type":"slide","settings":{"image":"shopify:\/\/shop_images\/BikePI-S24-Road-Monterey-4976-2000x1333-282f2dd-min.jpg","image_size":1100,"mobile_image_size":800,"slide_text":"<strong>Attack<\/strong>","slide_alt":"Fast feel, everyday tough. Your do-everything training jersey—stretchy, breathable, reliable. <strong>Fit:<\/strong> Performance—close to the body without squeeze.","cta_text":"SHOP ATTACK JERSEYS","cta_link":"shopify:\/\/collections\/attack-collection"}},"slide_TmV684":{"type":"slide","settings":{"image":"shopify:\/\/shop_images\/BikePI-S22-Road-Frisco-_JL19037-2000x1333-282f2dd-min.jpg","image_size":1100,"mobile_image_size":800,"slide_text":"<strong>Quest<\/strong>","slide_alt":"Essential comfort without the fuss. Clean fit, easy storage, and miles-deep durability. <strong>Fit:<\/strong> Classic—relaxed through the torso for room to move.","cta_text":"SHOP QUEST JERSEYS","cta_link":"shopify:\/\/collections\/quest-collection"}},"slide_qWdgVB":{"type":"slide","settings":{"image":"shopify:\/\/shop_images\/BikePI-S24-Sugar-CA_148A6101-2001x1334-158867e-min.jpg","image_size":1100,"mobile_image_size":800,"slide_text":"<strong>Sugar<\/strong>","slide_alt":"Women’s road favorite—soft hand, stay-put fit, and pocket-smart design. Style-forward, function first. <strong>Fit:<\/strong> Women’s Performance—contoured and supportive, not restrictive.","cta_text":"SHOP SUGAR JERSEYS","cta_link":"shopify:\/\/collections\/sugar-collection"}}},"block_order":["slide_WGVeCm","slide_A8LTAP","slide_TmV684","slide_qWdgVB"],"name":"🚀 Hero Slider","settings":{"override_fonts":false,"headline_font":"system_ui_n4","text_font":"system_ui_n4","override_text_sizes":true,"text_size":15,"mobile_text_size":15,"text_line_height":"inherit","headline_size":48,"mobile_headline_size":40,"headline_line_height":"inherit","override_text_colors":false,"text_color":"#111111","link_color":"#005bd3","show_on_device":"desktop","section_background_color":"linear-gradient(127deg, rgba(255, 255, 255, 1) 11%, rgba(255, 255, 255, 1) 81%)","section_background_image_color":"","section_background_size":"cover","mobile_section_background_image_color":"","mobile_section_background_size":"cover","section_padding_top_bottom":25,"mobile_section_padding_top_bottom":25,"section_padding_left_right":25,"mobile_section_padding_left_right":0,"container_background_color":"","container_max_width":1150,"container_padding_top_bottom":10,"mobile_container_padding_top_bottom":10,"container_padding_left_right":10,"mobile_container_padding_left_right":10,"element_spacing":15,"container_radius":0,"container_shadow":false,"container_border_size":0,"container_border_color":"#888888","progress_background_color":"linear-gradient(177deg, rgba(255, 255, 255, .25) 3%, rgba(255, 255, 255, 0.25) 100%)","progress_foreground_color":"linear-gradient(177deg, rgba(255, 255, 255, 1) 3%, rgba(255, 255, 255, 1) 100%)","indicator_color":"#ffffff","cover_background":"linear-gradient(164deg, rgba(17, 17, 17, 1), rgba(85, 85, 85, 1) 100%)","cover_opacity":25,"caption_margin":10,"caption_padding":20,"slide_text_color":"#111111","caption_background_color":"linear-gradient(177deg, rgba(255, 255, 255, .5) 3%, rgba(255, 255, 255, .85) 100%)","show_glass_effect":true,"button_padding_tb":10,"button_padding_lr":25,"button_border_radius":50,"button_background_color":"linear-gradient(164deg, rgba(17, 17, 17, 1), rgba(51, 51, 51, 1) 100%)","button_text_color":"#ffffff","text_shadow":false,"media_radius":30,"media_shadow":true,"media_aspect_ratio":"16 \/ 9","mobile_media_aspect_ratio":"4 \/ 3","enable_autoplay":true,"autoplay_time":"3000","text_alignment":"center","mobile_text_alignment":"center","headline":"<strong>ROAD JERSEYS THAT VANISH<\/strong>","text":"From race-day aero to everyday miles, these jerseys disappear under effort. Choose your fit, match your pace, forget the rest.","headline_spacing":15}},"sp_tiles_U8p6Y7":{"type":"sp-tiles","blocks":{"tile_FAjXXr":{"type":"tile","settings":{"background_image":"shopify:\/\/shop_images\/BikePI-S24-Road-Monterey-6031-2000x1333-282f2dd-min.jpg","headline":"PRO Jerseys","text":"Second-skin aero with precise support and high breathability. For riders counting watts, not seams. <strong>Fit:<\/strong> Race\/Aero—compressive, streamlined.","link":"shopify:\/\/collections\/pro-collection"}},"tile_g6njNb":{"type":"tile","settings":{"background_image":"shopify:\/\/shop_images\/BikePI-S24-Road-Monterey-4976-2000x1333-282f2dd-min.jpg","headline":"Attack Jerseys","text":"Fast feel, everyday tough. Your do-everything training jersey—stretchy, breathable, reliable. <strong>Fit:<\/strong> Performance—close to the body without squeeze.","link":"shopify:\/\/collections\/attack-collection"}},"tile_wAdnpR":{"type":"tile","settings":{"background_image":"shopify:\/\/shop_images\/BikePI-S22-Road-Frisco-_JL19037-2000x1333-282f2dd-min.jpg","headline":"Quest Jerseys","text":"Essential comfort without the fuss. Clean fit, easy storage, and miles-deep durability. <strong>Fit:<\/strong> Classic—relaxed through the torso for room to move.","link":"shopify:\/\/collections\/quest-collection"}},"tile_xQcTAD":{"type":"tile","settings":{"background_image":"shopify:\/\/shop_images\/BikePI-S24-Sugar-CA_148A6101-2001x1334-158867e-min.jpg","headline":"Sugar Jerseys","text":"Women’s road favorite—soft hand, stay-put fit, and pocket-smart design. Style-forward, function first. <strong>Fit:<\/strong> Women’s Performance—contoured and supportive, not restrictive.","link":"shopify:\/\/collections\/sugar-collection"}}},"block_order":["tile_FAjXXr","tile_g6njNb","tile_wAdnpR","tile_xQcTAD"],"name":"🚀 Tiles (Mobile)","settings":{"override_fonts":false,"headline_font":"system_ui_n4","text_font":"system_ui_n4","override_text_sizes":true,"text_size":15,"mobile_text_size":13,"text_line_height":"1.5","headline_size":40,"mobile_headline_size":40,"headline_line_height":"1.2","override_text_colors":false,"text_color":"#111111","link_color":"#005bd3","show_on_device":"mobile","section_background_color":"linear-gradient(127deg, rgba(255, 255, 255, 1) 11%, rgba(255, 255, 255, 1) 81%)","section_background_image_color":"","section_background_size":"cover","mobile_section_background_image_color":"","mobile_section_background_size":"cover","section_padding_top_bottom":25,"mobile_section_padding_top_bottom":25,"section_padding_left_right":25,"mobile_section_padding_left_right":10,"container_background_color":"","container_max_width":1000,"container_padding_top_bottom":10,"mobile_container_padding_top_bottom":10,"container_padding_left_right":10,"mobile_container_padding_left_right":10,"element_spacing":10,"container_radius":0,"container_shadow":false,"container_border_size":0,"container_border_color":"#888888","show_text_shadow":true,"tile_text_color":"#ffffff","tile_text_size":20,"tile_height":300,"grid_gap":15,"media_radius":30,"media_shadow":true,"image_width":1000,"mobile_image_width":1000,"mobile_columns":"1fr","mobile_gap":15,"text_alignment":"center","mobile_text_alignment":"center","headline":"<strong>ROAD JERSEYS THAT VANISH<\/strong>","text":"From race-day aero to everyday miles, these jerseys disappear under effort. Choose your fit, match your pace, forget the rest.","headline_spacing":10}},"sp_block_builder_QWzCcR":{"type":"sp-block-builder","blocks":{"sp_row_diGfWz":{"type":"sp-row","name":"🚀 Row","settings":{},"blocks":{"sp_column_AzFJQT":{"type":"sp-column","name":"🚀 Column","settings":{"flex":1},"blocks":{"sp_richtext_WgcJgx":{"type":"sp-richtext","name":"🚀 Richtext","settings":{"override_fonts":false,"headline_font":"system_ui_n4","text_font":"system_ui_n4","override_text_sizes":true,"text_size":16,"mobile_text_size":15,"text_line_height":"1.5","headline_size":48,"mobile_headline_size":40,"headline_line_height":"1.2","override_text_colors":true,"text_color":"#ffffff","link_color":"#005bd3","show_on_device":"all","block_background_color":"","block_padding_top_bottom":0,"mobile_block_padding_top_bottom":25,"block_padding_left_right":0,"mobile_block_padding_left_right":15,"block_spacing":0,"mobile_block_spacing":0,"container_background_color":"","container_padding_top_bottom":25,"mobile_container_padding_top_bottom":0,"container_padding_left_right":50,"mobile_container_padding_left_right":0,"element_spacing":10,"container_radius":0,"container_shadow":false,"container_border_size":0,"container_border_color":"rgba(0,0,0,0)","text_alignment":"left","content":"<h2><strong>WHAT'S THE WEATHER LIKE?<\/strong><\/h2><p>This is content for the expanding section. Use the richtext editor to create headlines, lists, and paragraphs.<\/p>","desktop_css":"","mobile_css":""},"blocks":{}},"sp_buttons_pitPM4":{"type":"sp-buttons","name":"🚀 Buttons","settings":{"show_on_device":"all","block_background_color":"","block_padding_top_bottom":0,"mobile_block_padding_top_bottom":0,"block_padding_left_right":0,"mobile_block_padding_left_right":0,"block_spacing":0,"mobile_block_spacing":0,"container_background_color":"","container_padding_top_bottom":0,"mobile_container_padding_top_bottom":15,"container_padding_left_right":50,"mobile_container_padding_left_right":15,"element_spacing":10,"container_radius":0,"container_shadow":false,"container_border_size":0,"container_border_color":"rgba(0,0,0,0)","alignment":"left","cta":"HOT WEATHER","cta_link":"shopify:\/\/collections\/hot-weather-cycling-jerseys","show_secondary_button":true,"cta_2":"COLD WEATHER","cta_link_2":"shopify:\/\/collections\/cold-weather-cycling-jerseys","button_background_color":"linear-gradient(164deg, rgba(255, 255, 255, 1), rgba(255, 255, 255, 1) 100%)","button_background_color_2":"linear-gradient(164deg, rgba(255, 255, 255, 1), rgba(255, 255, 255, 1) 100%)","button_text_color":"#000000","button_text_color_2":"#000000","button_text_size":15,"button_padding_tb":10,"button_padding_lr":15,"button_border_radius":50,"button_border_size":0,"button_border_color":"#111111","button_shadow":false,"button_animation":false,"desktop_css":".sprob-button {\n  border: 2px solid #ffffff;\nmargin-bottom: 10px;\n}\n\n.sprob-button:hover {\n  border: 2px solid #ffffff;\ncolor: #ffffff;\nbackground: transparent;\n  transform: translateY(0px);\n}","mobile_css":""},"blocks":{}}},"block_order":["sp_richtext_WgcJgx","sp_buttons_pitPM4"]},"sp_column_6YVyMt":{"type":"sp-column","name":"🚀 Column","settings":{"flex":2},"blocks":{"sp_image_XPT8t8":{"type":"sp-image","name":"🚀 Image","settings":{"show_on_device":"all","block_background_color":"","block_padding_top_bottom":0,"mobile_block_padding_top_bottom":0,"block_padding_left_right":0,"mobile_block_padding_left_right":0,"block_spacing":0,"mobile_block_spacing":0,"container_background_color":"","container_padding_top_bottom":0,"mobile_container_padding_top_bottom":0,"container_padding_left_right":0,"mobile_container_padding_left_right":0,"element_spacing":0,"container_radius":0,"container_shadow":false,"container_border_size":0,"container_border_color":"#ffffff","caption_background_color":"linear-gradient(177deg, rgba(255, 255, 255, .5) 3%, rgba(255, 255, 255, .85) 100%)","media_aspect_ratio":"16 \/ 9","image":"shopify:\/\/shop_images\/JERSEY_GROUP_1.jpg","desktop_css":"","mobile_css":""},"blocks":{}}},"block_order":["sp_image_XPT8t8"]}},"block_order":["sp_column_AzFJQT","sp_column_6YVyMt"]}},"block_order":["sp_row_diGfWz"],"custom_css":[],"name":"🚀 Block Builder","settings":{"show_on_device":"all","section_background_color":"linear-gradient(127deg, rgba(255, 255, 255, 1) 11%, rgba(255, 255, 255, 1) 81%)","section_background_image_color":"","section_background_size":"cover","mobile_section_background_image_color":"","mobile_section_background_size":"cover","section_padding_top_bottom":0,"mobile_section_padding_top_bottom":0,"section_padding_left_right":0,"mobile_section_padding_left_right":0,"section_custom_class":"","container_background_color":"radial-gradient(rgba(53, 59, 66, 1), rgba(53, 59, 66, 1) 100%)","container_max_width":10000,"container_padding_top_bottom":0,"mobile_container_padding_top_bottom":0,"container_padding_left_right":0,"mobile_container_padding_left_right":0,"container_radius":0,"container_shadow":false,"container_border_size":0,"container_border_color":"rgba(0,0,0,0)","grid_gap":0,"content_gap":0,"vertical_alignment":"center"}},"sp_block_builder_HGxy9K":{"type":"sp-block-builder","blocks":{"sp_row_NP8hnK":{"type":"sp-row","name":"🚀 Row","settings":{},"blocks":{"sp_column_ifdmwj":{"type":"sp-column","name":"🚀 Column","settings":{"flex":2},"blocks":{"sp_image_k4zB34":{"type":"sp-image","name":"🚀 Image","settings":{"show_on_device":"all","block_background_color":"","block_padding_top_bottom":0,"mobile_block_padding_top_bottom":0,"block_padding_left_right":0,"mobile_block_padding_left_right":0,"block_spacing":0,"mobile_block_spacing":0,"container_background_color":"","container_padding_top_bottom":0,"mobile_container_padding_top_bottom":0,"container_padding_left_right":0,"mobile_container_padding_left_right":0,"element_spacing":0,"container_radius":0,"container_shadow":false,"container_border_size":0,"container_border_color":"#ffffff","caption_background_color":"linear-gradient(177deg, rgba(255, 255, 255, .5) 3%, rgba(255, 255, 255, .85) 100%)","media_aspect_ratio":"16 \/ 9","image":"shopify:\/\/shop_images\/Screenshot_2025-09-04_at_3.25.59_PM.png","desktop_css":"","mobile_css":""},"blocks":{}}},"block_order":["sp_image_k4zB34"]},"sp_column_tzV9xT":{"type":"sp-column","name":"🚀 Column","settings":{"flex":1},"blocks":{"sp_richtext_PwQfEz":{"type":"sp-richtext","name":"🚀 Richtext","settings":{"override_fonts":false,"headline_font":"system_ui_n4","text_font":"system_ui_n4","override_text_sizes":true,"text_size":16,"mobile_text_size":15,"text_line_height":"1.5","headline_size":48,"mobile_headline_size":40,"headline_line_height":"1.2","override_text_colors":true,"text_color":"#ffffff","link_color":"#005bd3","show_on_device":"all","block_background_color":"","block_padding_top_bottom":0,"mobile_block_padding_top_bottom":25,"block_padding_left_right":0,"mobile_block_padding_left_right":15,"block_spacing":0,"mobile_block_spacing":0,"container_background_color":"","container_padding_top_bottom":25,"mobile_container_padding_top_bottom":0,"container_padding_left_right":50,"mobile_container_padding_left_right":0,"element_spacing":10,"container_radius":0,"container_shadow":false,"container_border_size":0,"container_border_color":"rgba(0,0,0,0)","text_alignment":"left","content":"<h2><strong>DO YOU NEED EXTRA STORAGE OR DURABILITY?<\/strong><\/h2><p>For long days, bike packing, or multi-hour gravel epics, opt for Expedition jerseys with extra pockets and rugged fabrics.<\/p>","desktop_css":"","mobile_css":""},"blocks":{}},"sp_buttons_GHKeLd":{"type":"sp-buttons","name":"🚀 Buttons","settings":{"show_on_device":"all","block_background_color":"","block_padding_top_bottom":0,"mobile_block_padding_top_bottom":0,"block_padding_left_right":0,"mobile_block_padding_left_right":0,"block_spacing":0,"mobile_block_spacing":0,"container_background_color":"","container_padding_top_bottom":0,"mobile_container_padding_top_bottom":15,"container_padding_left_right":50,"mobile_container_padding_left_right":10,"element_spacing":10,"container_radius":0,"container_shadow":false,"container_border_size":0,"container_border_color":"rgba(0,0,0,0)","alignment":"left","cta":"SHOP EXPEDITION","cta_link":"shopify:\/\/collections\/expedition-collection","show_secondary_button":false,"cta_2":"","cta_link_2":"","button_background_color":"linear-gradient(164deg, rgba(255, 255, 255, 1), rgba(255, 255, 255, 1) 100%)","button_background_color_2":"linear-gradient(164deg, rgba(255, 255, 255, 1), rgba(255, 255, 255, 1) 100%)","button_text_color":"#000000","button_text_color_2":"#000000","button_text_size":15,"button_padding_tb":10,"button_padding_lr":25,"button_border_radius":50,"button_border_size":0,"button_border_color":"#111111","button_shadow":false,"button_animation":false,"desktop_css":".sprob-button {\n  border: 2px solid #ffffff;\nmargin-bottom: 10px;\n}\n\n.sprob-button:hover {\n  border: 2px solid #ffffff;\ncolor: #ffffff;\nbackground: transparent;\n  transform: translateY(0px);\n}","mobile_css":""},"blocks":{}}},"block_order":["sp_richtext_PwQfEz","sp_buttons_GHKeLd"]}},"block_order":["sp_column_ifdmwj","sp_column_tzV9xT"]}},"block_order":["sp_row_NP8hnK"],"name":"🚀 Block Builder","settings":{"show_on_device":"desktop","section_background_color":"linear-gradient(127deg, rgba(255, 255, 255, 1) 11%, rgba(255, 255, 255, 1) 81%)","section_background_image_color":"","section_background_size":"cover","mobile_section_background_image_color":"","mobile_section_background_size":"cover","section_padding_top_bottom":0,"mobile_section_padding_top_bottom":0,"section_padding_left_right":0,"mobile_section_padding_left_right":0,"section_custom_class":"","container_background_color":"radial-gradient(rgba(53, 59, 66, 1), rgba(53, 59, 66, 1) 100%)","container_max_width":10000,"container_padding_top_bottom":0,"mobile_container_padding_top_bottom":0,"container_padding_left_right":0,"mobile_container_padding_left_right":0,"container_radius":0,"container_shadow":false,"container_border_size":0,"container_border_color":"rgba(0,0,0,0)","grid_gap":0,"content_gap":0,"vertical_alignment":"center"}},"sp_block_builder_Pg9NPG":{"type":"sp-block-builder","blocks":{"sp_row_QN8YkR":{"type":"sp-row","name":"🚀 Row","settings":{},"blocks":{"sp_column_xJkTDj":{"type":"sp-column","name":"🚀 Column","settings":{"flex":1},"blocks":{"sp_richtext_WiGBbG":{"type":"sp-richtext","name":"🚀 Richtext","settings":{"override_fonts":false,"headline_font":"system_ui_n4","text_font":"system_ui_n4","override_text_sizes":true,"text_size":16,"mobile_text_size":15,"text_line_height":"1.5","headline_size":48,"mobile_headline_size":40,"headline_line_height":"1.2","override_text_colors":true,"text_color":"#ffffff","link_color":"#005bd3","show_on_device":"all","block_background_color":"","block_padding_top_bottom":0,"mobile_block_padding_top_bottom":25,"block_padding_left_right":0,"mobile_block_padding_left_right":15,"block_spacing":0,"mobile_block_spacing":0,"container_background_color":"","container_padding_top_bottom":25,"mobile_container_padding_top_bottom":0,"container_padding_left_right":50,"mobile_container_padding_left_right":0,"element_spacing":10,"container_radius":0,"container_shadow":false,"container_border_size":0,"container_border_color":"rgba(0,0,0,0)","text_alignment":"left","content":"<h2><strong>DO YOU NEED EXTRA STORAGE OR DURABILITY?<\/strong><\/h2><p>For long days, bike packing, or multi-hour gravel epics, opt for Expedition jerseys with extra pockets and rugged fabrics.<\/p>","desktop_css":"","mobile_css":""},"blocks":{}},"sp_buttons_KkaXta":{"type":"sp-buttons","name":"🚀 Buttons","settings":{"show_on_device":"mobile","block_background_color":"","block_padding_top_bottom":0,"mobile_block_padding_top_bottom":0,"block_padding_left_right":0,"mobile_block_padding_left_right":0,"block_spacing":0,"mobile_block_spacing":0,"container_background_color":"","container_padding_top_bottom":0,"mobile_container_padding_top_bottom":15,"container_padding_left_right":50,"mobile_container_padding_left_right":15,"element_spacing":10,"container_radius":0,"container_shadow":false,"container_border_size":0,"container_border_color":"rgba(0,0,0,0)","alignment":"left","cta":"SHOP EXPEDITION","cta_link":"shopify:\/\/collections\/expedition-collection","show_secondary_button":false,"cta_2":"","cta_link_2":"","button_background_color":"linear-gradient(164deg, rgba(255, 255, 255, 1), rgba(255, 255, 255, 1) 100%)","button_background_color_2":"linear-gradient(164deg, rgba(255, 255, 255, 1), rgba(255, 255, 255, 1) 100%)","button_text_color":"#000000","button_text_color_2":"#000000","button_text_size":15,"button_padding_tb":10,"button_padding_lr":25,"button_border_radius":50,"button_border_size":0,"button_border_color":"#111111","button_shadow":false,"button_animation":false,"desktop_css":".sprob-button {\n  border: 2px solid #ffffff;\nmargin-bottom: 10px;\n}\n\n.sprob-button:hover {\n  border: 2px solid #ffffff;\ncolor: #ffffff;\nbackground: transparent;\n  transform: translateY(0px);\n}","mobile_css":""},"blocks":{}}},"block_order":["sp_richtext_WiGBbG","sp_buttons_KkaXta"]},"sp_column_wJgkDF":{"type":"sp-column","name":"🚀 Column","settings":{"flex":2},"blocks":{"sp_image_cHGhbf":{"type":"sp-image","name":"🚀 Image","settings":{"show_on_device":"all","block_background_color":"","block_padding_top_bottom":0,"mobile_block_padding_top_bottom":0,"block_padding_left_right":0,"mobile_block_padding_left_right":0,"block_spacing":0,"mobile_block_spacing":0,"container_background_color":"","container_padding_top_bottom":0,"mobile_container_padding_top_bottom":0,"container_padding_left_right":0,"mobile_container_padding_left_right":0,"element_spacing":0,"container_radius":0,"container_shadow":false,"container_border_size":0,"container_border_color":"#ffffff","caption_background_color":"linear-gradient(177deg, rgba(255, 255, 255, .5) 3%, rgba(255, 255, 255, .85) 100%)","media_aspect_ratio":"16 \/ 9","image":"shopify:\/\/shop_images\/Screenshot_2025-09-04_at_3.25.59_PM.png","desktop_css":"","mobile_css":""},"blocks":{}}},"block_order":["sp_image_cHGhbf"]}},"block_order":["sp_column_xJkTDj","sp_column_wJgkDF"]}},"block_order":["sp_row_QN8YkR"],"name":"🚀 Block Builder (Mobile)","settings":{"show_on_device":"mobile","section_background_color":"linear-gradient(127deg, rgba(255, 255, 255, 1) 11%, rgba(255, 255, 255, 1) 81%)","section_background_image_color":"","section_background_size":"cover","mobile_section_background_image_color":"","mobile_section_background_size":"cover","section_padding_top_bottom":0,"mobile_section_padding_top_bottom":0,"section_padding_left_right":0,"mobile_section_padding_left_right":0,"section_custom_class":"","container_background_color":"radial-gradient(rgba(53, 59, 66, 1), rgba(53, 59, 66, 1) 100%)","container_max_width":10000,"container_padding_top_bottom":0,"mobile_container_padding_top_bottom":0,"container_padding_left_right":0,"mobile_container_padding_left_right":0,"container_radius":0,"container_shadow":false,"container_border_size":0,"container_border_color":"rgba(0,0,0,0)","grid_gap":0,"content_gap":0,"vertical_alignment":"center"}},"sp_block_builder_PYER9J":{"type":"sp-block-builder","blocks":{"sp_row_nc6Cy6":{"type":"sp-row","name":"🚀 Row","settings":{},"blocks":{"sp_column_mm4qLw":{"type":"sp-column","name":"🚀 Column","settings":{"flex":1},"blocks":{"sp_richtext_DXN8Em":{"type":"sp-richtext","name":"🚀 Richtext","settings":{"override_fonts":false,"headline_font":"system_ui_n4","text_font":"system_ui_n4","override_text_sizes":true,"text_size":16,"mobile_text_size":15,"text_line_height":"1.5","headline_size":48,"mobile_headline_size":40,"headline_line_height":"1.2","override_text_colors":true,"text_color":"#ffffff","link_color":"#005bd3","show_on_device":"all","block_background_color":"","block_padding_top_bottom":0,"mobile_block_padding_top_bottom":25,"block_padding_left_right":0,"mobile_block_padding_left_right":15,"block_spacing":0,"mobile_block_spacing":0,"container_background_color":"","container_padding_top_bottom":25,"mobile_container_padding_top_bottom":0,"container_padding_left_right":50,"mobile_container_padding_left_right":0,"element_spacing":10,"container_radius":0,"container_shadow":false,"container_border_size":0,"container_border_color":"rgba(0,0,0,0)","text_alignment":"left","content":"<h2><strong>RIDE READY.<br\/>ALL YEAR.<\/strong><\/h2><p>Shop our coolest picks for the hottest month.<\/p>","desktop_css":"","mobile_css":""},"blocks":{}},"sp_buttons_8rqP8C":{"type":"sp-buttons","name":"🚀 Buttons","settings":{"show_on_device":"all","block_background_color":"","block_padding_top_bottom":0,"mobile_block_padding_top_bottom":0,"block_padding_left_right":0,"mobile_block_padding_left_right":0,"block_spacing":0,"mobile_block_spacing":0,"container_background_color":"","container_padding_top_bottom":0,"mobile_container_padding_top_bottom":15,"container_padding_left_right":50,"mobile_container_padding_left_right":15,"element_spacing":10,"container_radius":0,"container_shadow":false,"container_border_size":0,"container_border_color":"rgba(0,0,0,0)","alignment":"left","cta":"SHOP NOW","cta_link":"shopify:\/\/collections\/cycling-jerseys","show_secondary_button":false,"cta_2":"","cta_link_2":"","button_background_color":"linear-gradient(164deg, rgba(255, 255, 255, 1), rgba(255, 255, 255, 1) 100%)","button_background_color_2":"linear-gradient(164deg, rgba(255, 255, 255, 1), rgba(255, 255, 255, 1) 100%)","button_text_color":"#000000","button_text_color_2":"#000000","button_text_size":15,"button_padding_tb":10,"button_padding_lr":25,"button_border_radius":50,"button_border_size":0,"button_border_color":"#111111","button_shadow":false,"button_animation":false,"desktop_css":".sprob-button {\n  border: 2px solid #ffffff;\nmargin-bottom: 10px;\n}\n\n.sprob-button:hover {\n  border: 2px solid #ffffff;\ncolor: #ffffff;\nbackground: transparent;\n  transform: translateY(0px);\n}","mobile_css":""},"blocks":{}}},"block_order":["sp_richtext_DXN8Em","sp_buttons_8rqP8C"]},"sp_column_HaLJdy":{"type":"sp-column","name":"🚀 Column","settings":{"flex":2},"blocks":{"sp_image_ADTNK9":{"type":"sp-image","name":"🚀 Image","settings":{"show_on_device":"all","block_background_color":"","block_padding_top_bottom":0,"mobile_block_padding_top_bottom":0,"block_padding_left_right":0,"mobile_block_padding_left_right":0,"block_spacing":0,"mobile_block_spacing":0,"container_background_color":"","container_padding_top_bottom":0,"mobile_container_padding_top_bottom":0,"container_padding_left_right":0,"mobile_container_padding_left_right":0,"element_spacing":0,"container_radius":0,"container_shadow":false,"container_border_size":0,"container_border_color":"#ffffff","caption_background_color":"linear-gradient(177deg, rgba(255, 255, 255, .5) 3%, rgba(255, 255, 255, .85) 100%)","media_aspect_ratio":"16 \/ 9","image":"shopify:\/\/shop_images\/Screenshot_2025-09-04_at_3.28.41_PM.png","desktop_css":"","mobile_css":""},"blocks":{}}},"block_order":["sp_image_ADTNK9"]}},"block_order":["sp_column_mm4qLw","sp_column_HaLJdy"]}},"block_order":["sp_row_nc6Cy6"],"name":"🚀 Block Builder","settings":{"show_on_device":"all","section_background_color":"linear-gradient(127deg, rgba(255, 255, 255, 1) 11%, rgba(255, 255, 255, 1) 81%)","section_background_image_color":"","section_background_size":"cover","mobile_section_background_image_color":"","mobile_section_background_size":"cover","section_padding_top_bottom":0,"mobile_section_padding_top_bottom":0,"section_padding_left_right":0,"mobile_section_padding_left_right":0,"section_custom_class":"","container_background_color":"radial-gradient(rgba(53, 59, 66, 1), rgba(53, 59, 66, 1) 100%)","container_max_width":10000,"container_padding_top_bottom":0,"mobile_container_padding_top_bottom":0,"container_padding_left_right":0,"mobile_container_padding_left_right":0,"container_radius":0,"container_shadow":false,"container_border_size":0,"container_border_color":"rgba(0,0,0,0)","grid_gap":0,"content_gap":0,"vertical_alignment":"center"}},"sp_hero_slider_Npa9YH":{"type":"sp-hero-slider","blocks":{"slide_9MpnCH":{"type":"slide","settings":{"image":"shopify:\/\/shop_images\/5741f08cb22d0e1eabe686edfd710373351ad7c0-min.jpg","image_size":1100,"mobile_image_size":800,"slide_text":"<strong>Elevate<\/strong>","slide_alt":"Race-bred trail gear—light, abrasion-ready, and vented to dump heat fast. Minimal bulk, maximum control when the pace spikes. <strong>Fit:<\/strong> Performance—trim and mobile, pad-friendly.","cta_text":"SHOP ELEVATE JERSEYS","cta_link":"shopify:\/\/collections\/elevate-mtb-collection"}},"slide_GgmHE8":{"type":"slide","settings":{"image":"shopify:\/\/shop_images\/Rectangle_3993_1_1.png","image_size":1100,"mobile_image_size":800,"slide_text":"<strong>Summit<\/strong>","slide_alt":"Do-it-all workhorse for daily dirt. Breathable, tough, and water-shedding with storage that stays put. <strong>Fit:<\/strong> Performance—athletic with room for light layers and guards.","cta_text":"SHOP SUMMIT JERSEYS","cta_link":"shopify:\/\/collections\/summit-mtb-collection"}},"slide_ByMBwx":{"type":"slide","settings":{"image":"shopify:\/\/shop_images\/ff55e44a7df706e91c7ad9d16482288fb88c10d9_1000x_1_6_1.png","image_size":1100,"mobile_image_size":800,"slide_text":"<strong>Canyon<\/strong>","slide_alt":"Technical where it counts, casual where it shows. Soft hand, durable weave, and trail-to-town ease. <strong>Fit:<\/strong> Relaxed—easy drape, made to move.","cta_text":"SHOP CANYON JERSEYS","cta_link":"shopify:\/\/collections\/canyon-mtb-collection"}}},"block_order":["slide_9MpnCH","slide_GgmHE8","slide_ByMBwx"],"name":"🚀 Hero Slider","settings":{"override_fonts":false,"headline_font":"system_ui_n4","text_font":"system_ui_n4","override_text_sizes":true,"text_size":15,"mobile_text_size":15,"text_line_height":"inherit","headline_size":48,"mobile_headline_size":40,"headline_line_height":"inherit","override_text_colors":false,"text_color":"#111111","link_color":"#005bd3","show_on_device":"desktop","section_background_color":"linear-gradient(127deg, rgba(255, 255, 255, 1) 11%, rgba(255, 255, 255, 1) 81%)","section_background_image_color":"","section_background_size":"cover","mobile_section_background_image_color":"","mobile_section_background_size":"cover","section_padding_top_bottom":25,"mobile_section_padding_top_bottom":25,"section_padding_left_right":25,"mobile_section_padding_left_right":25,"container_background_color":"","container_max_width":1150,"container_padding_top_bottom":10,"mobile_container_padding_top_bottom":10,"container_padding_left_right":10,"mobile_container_padding_left_right":10,"element_spacing":15,"container_radius":0,"container_shadow":false,"container_border_size":0,"container_border_color":"#888888","progress_background_color":"linear-gradient(177deg, rgba(255, 255, 255, .25) 3%, rgba(255, 255, 255, 0.25) 100%)","progress_foreground_color":"linear-gradient(177deg, rgba(255, 255, 255, 1) 3%, rgba(255, 255, 255, 1) 100%)","indicator_color":"#ffffff","cover_background":"linear-gradient(164deg, rgba(17, 17, 17, 1), rgba(85, 85, 85, 1) 100%)","cover_opacity":25,"caption_margin":10,"caption_padding":20,"slide_text_color":"#111111","caption_background_color":"linear-gradient(177deg, rgba(255, 255, 255, .5) 3%, rgba(255, 255, 255, .85) 100%)","show_glass_effect":true,"button_padding_tb":10,"button_padding_lr":25,"button_border_radius":50,"button_background_color":"linear-gradient(164deg, rgba(17, 17, 17, 1), rgba(51, 51, 51, 1) 100%)","button_text_color":"#ffffff","text_shadow":false,"media_radius":30,"media_shadow":true,"media_aspect_ratio":"16 \/ 9","mobile_media_aspect_ratio":"16 \/ 9","enable_autoplay":true,"autoplay_time":"3000","text_alignment":"center","mobile_text_alignment":"center","headline":"<strong>TRAIL JERSEYS THAT WON'T FLINCH<\/strong>","text":"Three collections. One purpose: ride harder with less fuss. Durable, breathable, and built to disappear in motion.","headline_spacing":15}},"sp_tiles_f8wbUG":{"type":"sp-tiles","blocks":{"tile_BjEApc":{"type":"tile","settings":{"background_image":"shopify:\/\/shop_images\/5741f08cb22d0e1eabe686edfd710373351ad7c0-min.jpg","headline":"Elevate","text":"Race-bred trail gear—light, abrasion-ready, and vented to dump heat fast. Minimal bulk, maximum control when the pace spikes. <strong>Fit:<\/strong> Performance—trim and mobile, pad-friendly.","link":"shopify:\/\/collections\/elevate-mtb-collection"}},"tile_Gxzw4L":{"type":"tile","settings":{"background_image":"shopify:\/\/shop_images\/WOMEN_MOBILE.jpg","headline":"Summit","text":"Do-it-all workhorse for daily dirt. Breathable, tough, and water-shedding with storage that stays put. <strong>Fit:<\/strong> Performance—athletic with room for light layers and guards.","link":"shopify:\/\/collections\/summit-mtb-collection"}},"tile_VCEArR":{"type":"tile","settings":{"background_image":"shopify:\/\/shop_images\/ff55e44a7df706e91c7ad9d16482288fb88c10d9_1000x_1_6_1.png","headline":"Canyon","text":"Technical where it counts, casual where it shows. Soft hand, durable weave, and trail-to-town ease. <strong>Fit:<\/strong> Relaxed—easy drape, made to move.","link":"shopify:\/\/collections\/canyon-mtb-collection"}}},"block_order":["tile_BjEApc","tile_Gxzw4L","tile_VCEArR"],"name":"🚀 Tiles (Mobile)","settings":{"override_fonts":false,"headline_font":"system_ui_n4","text_font":"system_ui_n4","override_text_sizes":true,"text_size":15,"mobile_text_size":13,"text_line_height":"1.5","headline_size":40,"mobile_headline_size":40,"headline_line_height":"1.2","override_text_colors":false,"text_color":"#111111","link_color":"#005bd3","show_on_device":"mobile","section_background_color":"linear-gradient(127deg, rgba(255, 255, 255, 1) 11%, rgba(255, 255, 255, 1) 81%)","section_background_image_color":"","section_background_size":"cover","mobile_section_background_image_color":"","mobile_section_background_size":"cover","section_padding_top_bottom":25,"mobile_section_padding_top_bottom":25,"section_padding_left_right":25,"mobile_section_padding_left_right":10,"container_background_color":"","container_max_width":1000,"container_padding_top_bottom":10,"mobile_container_padding_top_bottom":10,"container_padding_left_right":10,"mobile_container_padding_left_right":10,"element_spacing":10,"container_radius":0,"container_shadow":false,"container_border_size":0,"container_border_color":"#888888","show_text_shadow":true,"tile_text_color":"#ffffff","tile_text_size":20,"tile_height":300,"grid_gap":15,"media_radius":30,"media_shadow":true,"image_width":1000,"mobile_image_width":1000,"mobile_columns":"1fr","mobile_gap":15,"text_alignment":"center","mobile_text_alignment":"center","headline":"<strong>ROAD JERSEYS THAT VANISH<\/strong>","text":"From race-day aero to everyday miles, these jerseys disappear under effort. Choose your fit, match your pace, forget the rest.","headline_spacing":10}},"sp_card_grid_6HLXPN":{"type":"sp-card-grid","blocks":{"feature_8F9aBz":{"type":"feature","settings":{"background_image":"shopify:\/\/shop_images\/opqan2vum3fcwlciykm05b2aj5f33omt2025-07-24_1000x_fbe568c0-d387-4899-9978-a8799b1c1b81.webp","headline":"Men's PRO Thermal Jersey","description":"Italian fleece warmth with breathability—your go-to for cold training miles.","cta":"","cta_link":"shopify:\/\/products\/mens-pro-thermal-jersey-11132405","open_in_blank":false}},"feature_YUdKCw":{"type":"feature","settings":{"background_image":"shopify:\/\/shop_images\/nj9yuottmp6h85rzqksxf4slaqgswg1j2025-08-26_1000x_2072ca38-5746-4bc6-96fb-f43bfa1be4d9.webp","headline":"Women's PRO Thermal Jersey","description":"Plush fleece and a women’s-specific fit for warmth that moves with you.","cta":"","cta_link":"shopify:\/\/products\/womens-pro-thermal-jersey-11222416","open_in_blank":false}},"feature_AyjDX3":{"type":"feature","settings":{"background_image":"shopify:\/\/shop_images\/ecc6fd5655939a48995d16ec53663a071b5cce28_1000x_1e750ada-1bf6-44a0-a73d-88ed7f457936.webp","headline":"Men's PRO Jersey","description":"Lightweight Italian knit and aero sleeves built to disappear at speed.","cta":"","cta_link":"shopify:\/\/products\/mens-pro-jersey-11122404","open_in_blank":false}},"feature_TQE9jw":{"type":"feature","settings":{"background_image":"shopify:\/\/shop_images\/977dd655bbfb24f7980687644b34d12f3b9a596e_1000x_d935cad2-0342-48c0-8aeb-021ab5a5373a.webp","headline":"Women's PRO Jersey","description":"Streamlined fit and premium knit that feels fast and effortless.","cta":"","cta_link":"shopify:\/\/products\/womens-pro-jersey-11222407","open_in_blank":false}},"feature_aMWJ8n":{"type":"feature","settings":{"background_image":"shopify:\/\/shop_images\/3pui3r4t1mchk3hjumcuhdfq5bqyo30y2025-07-25_1000x_9933ab00-5232-4616-9672-47766ba31060.jpg","headline":"Men's Canyon Tech Snap","description":"Casual snap-front style with quick-dry, trail-tough performance.","cta":"","cta_link":"shopify:\/\/products\/mens-canyon-tech-snap-jersey-19122501","open_in_blank":false}},"feature_xnMFiR":{"type":"feature","settings":{"background_image":"shopify:\/\/shop_images\/78a4yd2l33uincxy3pmmvvz1kl3zooqb2025-09-03_1000x_0b64ca84-8cdd-4eab-a886-946f30029358.webp","headline":"Women's Attack Long Sleeve Jersey","description":"Just-right warmth and a women’s fit to keep you pushing in crisp conditions.","cta":"","cta_link":"shopify:\/\/products\/womens-attack-long-sleeve-jersey-11222405","open_in_blank":false}}},"block_order":["feature_8F9aBz","feature_YUdKCw","feature_AyjDX3","feature_TQE9jw","feature_aMWJ8n","feature_xnMFiR"],"name":"🚀 Card Grid","settings":{"override_fonts":false,"headline_font":"system_ui_n4","text_font":"system_ui_n4","override_text_sizes":true,"text_size":15,"mobile_text_size":15,"text_line_height":"1.5","headline_size":40,"mobile_headline_size":38,"headline_line_height":"1.2","override_text_colors":false,"text_color":"#111111","link_color":"#005bd3","show_on_device":"all","section_background_color":"radial-gradient(rgba(248, 246, 241, 1), rgba(248, 246, 241, 1) 100%)","section_background_image_color":"","section_background_size":"cover","mobile_section_background_image_color":"","mobile_section_background_size":"cover","section_padding_top_bottom":25,"mobile_section_padding_top_bottom":25,"section_padding_left_right":75,"mobile_section_padding_left_right":25,"container_background_color":"","container_max_width":2000,"container_padding_top_bottom":10,"mobile_container_padding_top_bottom":10,"container_padding_left_right":10,"mobile_container_padding_left_right":0,"element_spacing":15,"container_radius":0,"container_shadow":false,"container_border_size":0,"container_border_color":"#888888","columns":"auto","grid_gap":20,"card_uniform_height":true,"card_vertical_alignment":"center","make_card_clickable":true,"hide_button":true,"card_element_spacing":5,"card_padding":15,"card_text_size":13,"card_headline_size":18,"card_background_color":"#ffffff","card_text_color":"#000000","card_radius":15,"card_shadow":true,"card_hover_animation":true,"show_description":true,"truncate_description":false,"truncate_length":50,"button_padding_tb":5,"button_padding_lr":5,"button_border_radius":5,"button_border_size":0,"button_border_color":"#888888","button_background_color":"linear-gradient(164deg, rgba(17, 17, 17, 1), rgba(51, 51, 51, 1) 100%)","button_text_color":"#ffffff","button_text_size":13,"media_aspect_ratio":"auto","media_aspect_ratio_mobile":"auto","mobile_display":"slideshow","mobile_columns":"1fr","progress_background_color":"linear-gradient(177deg, rgba(17, 17, 17, .25) 3%, rgba(17, 17, 17, 0.25) 100%)","progress_foreground_color":"linear-gradient(177deg, rgba(17, 17, 17, 1) 3%, rgba(17, 17, 17, 1) 100%)","indicator_color":"#111111","enable_autoplay":true,"autoplay_time":"5000","text_alignment":"left","mobile_text_alignment":"center","headline":"<strong>FIND YOUR PERFECT JERSEY<\/strong>","text":"","headline_spacing":5}},"sp_faq_gXMXdE":{"type":"sp-faq","blocks":{"question_Ani7tr":{"type":"question","settings":{"question":"What's the difference between PRO, Attack, Quest and Sugar jerseys?","answer":"<p><strong>PRO<\/strong> – Pinnacle performance. Premium Italian fabrics, aero speed sleeves, and compressive fits for riders chasing every marginal gain.<br\/><br\/><strong>Attack<\/strong> – Competitive spirit. Technical fabrics, streamlined fits, and race-ready details built for riders who push the pace.<br\/><br\/><strong>Quest<\/strong> – Everyday essential. Comfortable, reliable, and versatile jerseys designed for all riders at an accessible price.<br\/><br\/><strong>Sugar<\/strong> – Women’s-specific performance. Flattering fits, supportive designs, and active-inspired style for spin, fitness, and casual rides.<\/p>","is_open":true}},"question_c3dwxc":{"type":"question","settings":{"question":"When do I choose a Thermal jersey vs. a Long Sleeve jersey?","answer":"<p>Reach for <strong>Thermal<\/strong> when temps drop—brushed fleece warmth with breathability for cold rides (e.g., PRO Thermal, Attack Thermal). <strong>Long Sleeve<\/strong> (non-fleece) is for sun coverage or cool-but-not-cold days. <\/p>","is_open":false}},"question_At7Vnc":{"type":"question","settings":{"question":"How should a cycling jersey fit?","answer":"<p>Close to the body so fabric doesn’t flap and pockets don’t sag. <strong>PRO<\/strong> fits most compressive, <strong>Attack<\/strong> is performance form fit, and <strong>Canyon<\/strong> runs more relaxed for on\/off bike versatility. <\/p>","is_open":false}},"question_7hbRD8":{"type":"question","settings":{"question":"What’s the quick guide to layering with jerseys?","answer":"<p>Think <strong>Base → Mid (Jersey) → Outer<\/strong>. Use moisture-moving baselayers (Transfer Mesh or Merino), the jersey for insulation\/breathability, and add wind\/wet protection as needed. That’s the Ride 365 system.<\/p>","is_open":false}},"question_8RdUMf":{"type":"question","settings":{"question":"Which outer layer pairs best with jerseys in wind, rain, or deep cold?","answer":"<ul><li><strong>Wind:<\/strong> Barrier pieces balance airflow (CFM) to block chill while letting heat escape.<\/li><li><strong>Wet:<\/strong> WXB shells use waterproof\/breathable tech and taped seams.<\/li><li><strong>Frigid:<\/strong> AmFIB® and insulated layers trap heat yet breathe for hard efforts. <\/li><\/ul>","is_open":false}},"question_3bECie":{"type":"question","settings":{"question":"Do women’s jerseys use different patterns or features?","answer":"<p>Yes—women’s-specific fits in PRO, Attack, and Canyon lines, with the same technical fabrics and pocketing tuned to the silhouette. Women’s PRO Thermal and PRO Jersey mirror men’s tech with women’s fit.<\/p>","is_open":false}},"question_Yebi7i":{"type":"question","settings":{"question":"How do I pick the right jersey for gravel?","answer":"<p>Start with your fit preference. Many riders mix <strong>PRO\/Attack<\/strong> road jerseys for speed with gravel-ready outer layers and storage; others go <strong>Canyon<\/strong> for durability and casual vibe. Cross-merch is by design.<\/p>","is_open":false}}},"block_order":["question_Ani7tr","question_c3dwxc","question_At7Vnc","question_7hbRD8","question_8RdUMf","question_3bECie","question_Yebi7i"],"name":"🚀 FAQ","settings":{"override_fonts":false,"headline_font":"system_ui_n4","text_font":"system_ui_n4","override_text_sizes":true,"text_size":15,"mobile_text_size":15,"text_line_height":"1.5","headline_size":48,"mobile_headline_size":40,"headline_line_height":"1.2","override_text_colors":false,"text_color":"#111111","link_color":"#005bd3","show_on_device":"all","section_background_color":"linear-gradient(127deg, rgba(255, 255, 255, 1) 11%, rgba(255, 255, 255, 1) 81%)","section_background_image_color":"","section_background_size":"cover","mobile_section_background_image_color":"","mobile_section_background_size":"cover","section_padding_top_bottom":25,"mobile_section_padding_top_bottom":25,"section_padding_left_right":25,"mobile_section_padding_left_right":25,"container_background_color":"","container_max_width":1000,"container_padding_top_bottom":10,"mobile_container_padding_top_bottom":10,"container_padding_left_right":10,"mobile_container_padding_left_right":10,"element_spacing":15,"container_radius":0,"container_shadow":false,"container_border_size":0,"container_border_color":"#888888","question_text_size":25,"question_color":"#000000","answer_color":"#444444","text_alignment":"center","mobile_text_alignment":"center","headline":"<strong>YOU'VE GO QUESTIONS. WE'VE GOT ANSWERS.<\/strong>","text":"","headline_spacing":15}},"sp_hero_g6JDy6":{"type":"sp-hero","name":"🚀 Hero","settings":{"override_fonts":false,"headline_font":"system_ui_n4","text_font":"system_ui_n4","override_text_sizes":false,"text_size":16,"mobile_text_size":15,"text_line_height":"1.5","headline_size":58,"mobile_headline_size":40,"headline_line_height":"1.2","override_text_colors":false,"text_color":"#ffffff","link_color":"#005bd3","show_on_device":"desktop","section_background_color":"linear-gradient(127deg, rgba(241, 246, 251, 1) 11%, rgba(241, 246, 251, 1) 81%)","section_background_image_color":"","section_background_size":"cover","mobile_section_background_image_color":"","mobile_section_background_size":"cover","section_padding_top_bottom":0,"mobile_section_padding_top_bottom":0,"section_padding_left_right":0,"mobile_section_padding_left_right":0,"container_background_color":"","container_max_width":10000,"container_padding_top_bottom":0,"mobile_container_padding_top_bottom":10,"container_padding_left_right":0,"mobile_container_padding_left_right":10,"element_spacing":15,"container_radius":0,"container_shadow":false,"container_border_size":0,"container_border_color":"#888888","grid_padding_tb":150,"grid_padding_lr":0,"show_text_shadow":false,"cover_background":"linear-gradient(164deg, rgba(17, 17, 17, 1), rgba(0, 0, 0, 1) 100%)","cover_opacity":15,"box_alignment":"left","button_background_color":"linear-gradient(164deg, rgba(255, 255, 255, 1), rgba(255, 255, 255, 1) 100%)","button_text_color":"#000000","button_padding_tb":15,"button_padding_lr":30,"button_border_radius":50,"text_alignment":"left","mobile_text_alignment":"center","headline":"","content":"","cta":"","cta_link":"","hero_image":"shopify:\/\/shop_images\/Group_56_3_-min.png","image_size":2000,"mobile_image_size":800}},"sp_hero_YeCDkg":{"type":"sp-hero","name":"🚀 Hero (Mobile)","settings":{"override_fonts":false,"headline_font":"system_ui_n4","text_font":"system_ui_n4","override_text_sizes":false,"text_size":16,"mobile_text_size":15,"text_line_height":"1.5","headline_size":58,"mobile_headline_size":40,"headline_line_height":"1.2","override_text_colors":false,"text_color":"#ffffff","link_color":"#005bd3","show_on_device":"mobile","section_background_color":"linear-gradient(127deg, rgba(241, 246, 251, 1) 11%, rgba(241, 246, 251, 1) 81%)","section_background_image_color":"","section_background_size":"cover","mobile_section_background_image_color":"","mobile_section_background_size":"cover","section_padding_top_bottom":0,"mobile_section_padding_top_bottom":0,"section_padding_left_right":0,"mobile_section_padding_left_right":0,"container_background_color":"","container_max_width":10000,"container_padding_top_bottom":0,"mobile_container_padding_top_bottom":10,"container_padding_left_right":0,"mobile_container_padding_left_right":10,"element_spacing":15,"container_radius":0,"container_shadow":false,"container_border_size":0,"container_border_color":"#888888","grid_padding_tb":150,"grid_padding_lr":0,"show_text_shadow":true,"cover_background":"linear-gradient(164deg, rgba(17, 17, 17, 1), rgba(0, 0, 0, 1) 100%)","cover_opacity":15,"box_alignment":"left","button_background_color":"linear-gradient(164deg, rgba(255, 255, 255, 1), rgba(255, 255, 255, 1) 100%)","button_text_color":"#000000","button_padding_tb":15,"button_padding_lr":30,"button_border_radius":50,"text_alignment":"left","mobile_text_alignment":"center","headline":"","content":"","cta":"","cta_link":"","hero_image":"shopify:\/\/shop_images\/Group_56_3_-min_1c613822-9057-45c4-952e-1af665342aba.png","image_size":2000,"mobile_image_size":800}}},"order":["sp_hero_6CJB8L","sp_hero_FmPcjH","sp_feature_grid_HKbjh3","sp_hero_slider_UyTLUW","sp_tiles_U8p6Y7","sp_block_builder_QWzCcR","sp_block_builder_HGxy9K","sp_block_builder_Pg9NPG","sp_block_builder_PYER9J","sp_hero_slider_Npa9YH","sp_tiles_f8wbUG","sp_card_grid_6HLXPN","sp_faq_gXMXdE","sp_hero_g6JDy6","sp_hero_YeCDkg"]}