{"sections":{"main":{"type":"product-main","blocks":{"tech_section_kiTVFG":{"type":"tech_section","settings":{"name":"PRO Levitate Chamois","title":"PRO Levitate Chamois","icon_replacement":"Chamois","image":"shopify:\/\/shop_images\/chamois_page_image_updates_f22-10_2.webp","description":"<p>The pinnacle of comfort and performance, this chamois pad offers more support with better stretch and breathability than any on the market. The PRO Next-Gen Suspension Core® uses ultra-high-density layers to distribute your body weight over a larger area for more comfort, even deep into a ride when most chamois are packed out. It features our softest, highest stretch 1:1 Boundary Layer that moves with you in and out of the saddle to minimize friction. Whether you’re riding for one hour or twelve, nothing rides better.<\/p><p><strong>LEVITATE CHAMOIS SERIES<\/strong><\/p><p>The Levitate family represents our latest innovation in chamois technology. By combining a multi-density Suspension Core™, super-soft 1:1® Boundary Layer top sheet, and seamless Infinite Edge™ transition, the Levitate lets you float through road and trail chatter so you’ll never bottom out. <\/p><p><strong>REDUCE FRICTION: <\/strong>Cycling is repetitive, so we use high stretch materials, soft face fabrics, and an innovative floating top layer to smooth the movement between your body and the saddle.<\/p><p><strong>PROVIDE SUPPORT: <\/strong>While riding, a considerable amount of weight is concentrated on the sit bones, which are about the size of a quarter. Our suspension core design distributes this pressure evenly across a wider area to prevent hot spots and improve long-distance comfort.<\/p><p><strong>KEEP SKIN DRY: <\/strong>We choose specialized, highly breathable layers to allow moisture to move freely away from your body, maintaining skin health and a chafe-free riding experience.<\/p>"}},"tech_section_3M6mT7":{"type":"tech_section","settings":{"name":"ELITE Levitate Chamois","title":"ELITE Levitate Chamois","icon_replacement":"Chamois","image":"shopify:\/\/shop_images\/chamois_page_image_updates_f22-09_1.webp","description":"<p>With a ride quality similar to the PRO, this chamois pad delivers comfort and performance that’s on par or better than most high-end offerings. The ELITE Next-Gen Suspension Core uses high-density layers to distribute your body weight over a larger area for more comfort, even deep into a ride when most chamois are packed out. It features a moisture-wicking 1:1 Boundary Layer that moves with you in and out of the saddle to minimize friction. This is a daily driver chamois that is ready to go the distance.<\/p><p><strong>LEVITATE CHAMOIS SERIES<\/strong><\/p><p>The Levitate family represents our latest innovation in chamois technology. By combining a multi-density Suspension Core™, super-soft 1:1® Boundary Layer top sheet, and seamless Infinite Edge™ transition, the Levitate lets you float through road and trail chatter so you’ll never bottom out. <\/p><p><strong>REDUCE FRICTION<\/strong><\/p><p>Cycling is repetitive, so we use high stretch materials, soft face fabrics, and an innovative floating top layer to smooth the movement between your body and the saddle.<\/p><p><strong>PROVIDE SUPPORT<\/strong><\/p><p>While riding, a considerable amount of weight is concentrated on the sit bones, which are about the size of a quarter. Our suspension core design distributes this pressure evenly across a wider area to prevent hot spots and improve long-distance comfort.<\/p><p><strong>KEEP SKIN DRY<\/strong><\/p><p>We choose specialized, highly breathable layers to allow moisture to move freely away from your body, maintaining skin health and a chafe-free riding experience.<\/p>"}},"tech_section_zDgr9A":{"type":"tech_section","settings":{"name":"SELECT Levitate Chamois","title":"SELECT Levitate Chamois","icon_replacement":"Chamois","image":"shopify:\/\/shop_images\/chamois_page_image_updates_f22-11_d32046de-c91c-4220-be8a-2a241e91131f_1.webp","description":"<p>Based on the same design philosophy as the more premium PRO and ELITE, this chamois pad delivers incredible performance at a more accessible price point. The key difference is that it’s cut from a single layer of medium-density material, with a thicker cross-section providing comfortable support to the most high-pressure areas. An integrated boundary layer keeps soft, fast-drying fabric next to the skin to minimize friction. This chamois punches above its weight, delivering a ride on par with most mid-range offerings.<\/p><p><strong>LEVITATE CHAMOIS SERIES<\/strong><\/p><p>The Levitate family represents our latest innovation in chamois technology. By combining a multi-density Suspension Core™, super-soft 1:1® Boundary Layer top sheet, and seamless Infinite Edge™ transition, the Levitate lets you float through road and trail chatter so you’ll never bottom out. <\/p><p><strong>REDUCE FRICTION<\/strong><\/p><p>Cycling is repetitive, so we use high stretch materials, soft face fabrics, and an innovative floating top layer to smooth the movement between your body and the saddle.<\/p><p><strong>PROVIDE SUPPORT<\/strong><\/p><p>While riding, a considerable amount of weight is concentrated on the sit bones, which are about the size of a quarter. Our suspension core design distributes this pressure evenly across a wider area to prevent hot spots and improve long-distance comfort.<\/p><p><strong>KEEP SKIN DRY<\/strong><\/p><p>We choose specialized, highly breathable layers to allow moisture to move freely away from your body, maintaining skin health and a chafe-free riding experience.<\/p>"}},"tech_section_kmNRdf":{"type":"tech_section","settings":{"name":"Pedal to Zero","title":"Pedal to Zero","icon_replacement":"","image":"shopify:\/\/shop_images\/banner_986cc4db-61ca-4389-b862-eae039d5d014.webp","description":"<p>We calculated the Pedal to Zero number using the EPA’s estimate that a typical passenger car produces 404 grams of CO2 per mile. For example, our Rove Short creates the equivalent of 9.8kg of CO2*. Therefore, if you ride 24 miles instead of driving, you’ve zeroed out the emissions impact of the Rove Short. This knowledge can inspire us to change our behavior. *This information was calculated by PEARL iZUMi using the Higg Product Module 2.0 at Higg.org. It includes cradle-to-gate impacts only.<\/p>"}},"tech_section_9idkFf":{"type":"tech_section","settings":{"name":"In-R-Cool Infrared","title":"In-R-Cool Infrared","icon_replacement":"Advanced Cooling","image":"shopify:\/\/shop_images\/Tech_gloss_f22_page3-04.webp","description":"<p>In-R-Cool Infrared technology utilizes advanced fabric construction and design to enhance the cooling effect for riders during intense activities. It features infrared-reflective yarns embedded into the fabric. This method reflects the sun's rays, effectively reducing the fabric's surface temperature, thus keeping the rider cooler in hot conditions. Additionally, this technology helps in managing moisture and promoting quick drying, enhancing comfort and performance.<\/p>"}},"tech_section_kPCdfD":{"type":"tech_section","settings":{"name":"In-R-Cool Sweat Activated","title":"In-R-Cool Sweat Activated","icon_replacement":"Advanced Cooling","image":"shopify:\/\/shop_images\/INRcoolsweat.webp","description":"<p>In-R-Cool technology helps keep you in the comfort zone when the mercury rises so that you can perform better in hot conditions. In-R-Cool boosts the natural cooling properties of our technical Transfer fabrics beyond simple sweat evaporation without changing the look or texture.<\/p>"}},"tech_section_NtDRtq":{"type":"tech_section","disabled":true,"settings":{"name":"2L Windproof Membrane","title":"2L Windproof Membrane","icon_replacement":"Wind Protection","description":""}},"tech_section_JCgrc6":{"type":"tech_section","disabled":true,"settings":{"name":"3L Windproof Membrane","title":"3L Windproof Membrane","icon_replacement":"Wind Protection","description":""}},"tech_section_HrFb4y":{"type":"tech_section","settings":{"name":"PI Dry®","title":"PI Dry®","icon_replacement":"Water Resistant","image":"shopify:\/\/shop_images\/pi_dry.webp","description":"<p>PI Dry® is a proprietary technology developed to enhance the performance and comfort of cycling gear. This technology provides a permanent water-shedding treatment that is applied to fabrics at the fiber level, making them resistant to saturation from rain or road spray. Unlike other treatments that can wash out over time, PI Dry® ensures that each fiber is coated with a hydrophobic treatment before the fabric is woven or knit, ensuring that the performance is built to last, not just seasonally but for the life of the garment. This feature is ideal for all-weather conditions, enabling riders to stay dry and comfortable in various climates, ultimately enhancing their riding experience and performance.<\/p>"}},"tech_section_X6bcVt":{"type":"tech_section","settings":{"name":"Polartec® Neoshell®","title":"Polartec® Neoshell®","icon_replacement":"Waterproof","image":"shopify:\/\/shop_images\/neoshell.webp","description":"<p>Polartec® Neoshell® is a revolutionary fabric technology that provides an exceptional combination of waterproof and breathable performance. This cutting-edge material is designed for the most demanding environments, offering cyclists and other athletes unparalleled protection against the elements while maintaining a high level of air permeability. This means that while it blocks out water and wind, it also allows sweat vapor to escape, keeping the wearer dry and comfortable during intense activities. The unique construction of Neoshell® enhances the wearer's thermoregulation, making it an ideal choice for activities that demand rigorous movement and exposure to harsh weather conditions.<\/p>"}},"tech_section_UKGy4K":{"type":"tech_section","disabled":true,"settings":{"name":"Polartec® Power Shield®","title":"Polartec® Power Shield®","icon_replacement":"Waterproof","description":""}},"tech_section_6ggV3V":{"type":"tech_section","settings":{"name":"AmFIB® Lite Softshell","title":"AmFIB® Lite Softshell","icon_replacement":"Insulated","image":"shopify:\/\/shop_images\/amfib_5d66d4a9-f0a2-4a7d-b592-222a2f68b287.webp","description":"<p>AmFIB® Lite Softshell is a high-performance fabric technology designed for ultimate lightweight flexibility and protection. This innovative softshell material strikes an excellent balance between warmth and breathability, making it ideal for cold-weather cycling without the bulk typically associated with winter gear. Its soft, stretchable qualities ensure a comfortable, form-fitting wear, while its water-resistant properties help keep the elements at bay. AmFIB® Lite Softshell is perfect for riders who demand high mobility and weather protection in their cycling apparel.<\/p>"}},"tech_section_LUYiEi":{"type":"tech_section","settings":{"name":"AmFIB® Thermal Softshell","title":"AmFIB® Thermal Softshell","icon_replacement":"Insulated","image":"shopify:\/\/shop_images\/amfib.webp","description":"<p>The AmFIB® Thermal Softshell is a cutting-edge fabric technology designed to optimize comfort and performance in cold-weather cycling conditions. The fabric combines a thermal fleece on the inside for warmth with a weather-resistant softshell exterior that blocks wind and repels water, ensuring riders stay dry and comfortable. AmFIB® is engineered for durability and flexibility, allowing for a full range of motion while maintaining breathability. This makes it ideal for cyclists who refuse to let the harsher conditions of winter stop their riding adventures.<\/p>"}},"tech_section_FFPMpX":{"type":"tech_section","disabled":true,"settings":{"name":"drirelease® Wool","title":"drirelease® Wool","icon_replacement":"Insulated","description":""}},"tech_section_tqtJXP":{"type":"tech_section","disabled":true,"settings":{"name":"ECOLoft™ FLEX SR","title":"ECOLoft™ FLEX SR","icon_replacement":"Insulated","description":""}},"tech_section_UWg6LN":{"type":"tech_section","disabled":true,"settings":{"name":"Merino Wool","title":"Merino Wool","icon_replacement":"Insulated","description":""}},"tech_section_9VjJER":{"type":"tech_section","settings":{"name":"Polartec® Alpha® Direct","title":"Polartec® Alpha® Direct","icon_replacement":"Insulated","image":"shopify:\/\/shop_images\/alpha.webp","description":"<p>Polartec® Alpha® Direct is an advanced insulation technology designed for versatility and performance in outdoor apparel. This innovative material is specifically engineered to provide superior warmth and breathability, making it ideal for activities that involve fluctuating temperatures. Unlike traditional insulation, Polartec® Alpha® Direct is designed to be used without the need for a separate liner, allowing it to be in direct contact with other layers or the skin, which enhances moisture vapor transmission and reduces overall garment weight. This results in a more comfortable and adaptable garment that excels in a variety of weather conditions, making it perfect for cyclists and outdoor enthusiasts who require functional, adaptable, and lightweight apparel.<\/p>"}},"tech_section_xay4AX":{"type":"tech_section","settings":{"name":"PrimaLoft® Gold","title":"PrimaLoft® Gold","icon_replacement":"Insulated","image":"shopify:\/\/shop_images\/prima.webp","description":"<p>PrimaLoft® Gold is the premier microfiber insulation material renowned for its lightweight yet robust heat retention capabilities. It delivers outstanding warmth without the bulk, mimicking the warmth and compressibility of down while providing superior wet-weather performance. PrimaLoft® Gold is highly breathable, packable, and exceptionally soft, making it the preferred choice for premium outerwear, gloves, and sleeping bags where maintaining warmth in damp conditions is crucial. Its ultra-fine fibers form tiny air pockets that trap body heat and keep the cold out, ensuring optimal thermal efficiency even when wet. This insulation is also environmentally conscious, often made with post-consumer recycled materials, further enhancing its appeal to those prioritizing sustainability alongside performance.<\/p>"}},"tech_section_cidHPJ":{"type":"tech_section","disabled":true,"settings":{"name":"SELECT Thermal Fleece","title":"SELECT Thermal Fleece","icon_replacement":"Insulated","image":"shopify:\/\/shop_images\/thermal_b1911961-9e2a-4418-8988-706dcaee450b.webp","description":""}},"tech_section_LLqEUe":{"type":"tech_section","disabled":true,"settings":{"name":"ELITE Thermal Fleece","title":"ELITE Thermal Fleece","icon_replacement":"Insulated","image":"shopify:\/\/shop_images\/thermal_53851b65-a85c-4a97-9402-d8e8614008f8.webp","description":""}},"tech_section_WgqkU9":{"type":"tech_section","disabled":true,"settings":{"name":"Thermal Lite Fleece","title":"Thermal Lite Fleece","icon_replacement":"Insulated","image":"shopify:\/\/shop_images\/thermal.webp","description":""}},"tech_section_JdfThy":{"type":"tech_section","disabled":true,"settings":{"name":"Thermal Loft Fleece","title":"Thermal Loft Fleece","icon_replacement":"Insulated","image":"shopify:\/\/shop_images\/thermal_f29bf9de-18be-40cc-a193-29d848d96f99.webp","description":""}},"tech_section_tziEib":{"type":"tech_section","disabled":true,"settings":{"name":"Thermal Reg Fleece","title":"Thermal Reg Fleece","icon_replacement":"Insulated","image":"shopify:\/\/shop_images\/thermal_097b9f03-0e49-4e1d-b75e-39be39850069.webp","description":""}},"tech_section_qKtyan":{"type":"tech_section","disabled":true,"settings":{"name":"Thermodream Fleece","title":"Thermodream Fleece","icon_replacement":"Insulated","description":""}},"tech_section_w4NhFJ":{"type":"tech_section","settings":{"name":"WxB 2.5L Membrane","title":"WxB 2.5L Membrane","icon_replacement":"Waterproof","image":"shopify:\/\/shop_images\/Tech_gloss_f22_page3-07.webp","description":"<p>The WxB 2.5L Membrane is a high-performance fabric technology designed to enhance the rider's experience in adverse weather conditions. This innovative membrane consists of 2.5 layers that offer superior waterproof and breathable properties, ensuring riders stay dry and comfortable. The outer layer is treated with a Durable Water Repellent (DWR) finish to repel water, while the middle layer incorporates a breathable waterproof membrane that blocks moisture from entering and allows sweat vapor to escape. This technology is crucial for maintaining optimal comfort and protection during rainy or wet conditions, making it ideal for dedicated cyclists who ride regardless of the weather.<\/p>"}},"tech_section_4y4NpG":{"type":"tech_section","settings":{"name":"WxB 3L Membrane","title":"WxB 3L Membrane","icon_replacement":"Waterproof","image":"shopify:\/\/shop_images\/Tech_gloss_f22_page3-07_f1cc7ecf-24ee-4fac-a35a-0f6da84278c4.webp","description":"<p>The WxB 3L Membrane is a high-performance material designed to provide exceptional weather protection and breathability for cyclists. This three-layer membrane is designed to be waterproof, breathable, and windproof, providing ultimate protection against the elements. The outer layer repels water and blocks wind, while the middle membrane allows vapor to escape, ensuring that moisture does not accumulate inside the garment. This functionality not only keeps the rider dry from external moisture but also prevents overheating and sweat buildup, making it ideal for challenging weather conditions.<\/p>"}},"tech_section_bzWqDC":{"type":"tech_section","settings":{"name":"GoFresh","title":"GoFresh","icon_replacement":"Anti-Microbial","image":"shopify:\/\/shop_images\/gofresh.webp","description":"<p>GoFresh anti-microbial technology is a cutting-edge feature integrated into their cycling apparel to enhance rider comfort and hygiene. This technology uses anti-microbial agents embedded within the fabric to combat odor-causing bacteria, ensuring the garments remain fresh and odor-free, even after extensive use. The incorporation of GoFresh technology not only helps maintain the apparel's cleanliness and smell but also extends the wearability of the garments between washes, making it ideal for cyclists who face long hours on the road and varied environmental conditions. <\/p>"}},"tech_section_zGP8wr":{"type":"tech_section","disabled":true,"settings":{"name":"3D Gel","title":"3D Gel","icon_replacement":"Palm Padding","description":""}},"tech_section_rNUKjp":{"type":"tech_section","disabled":true,"settings":{"name":"AmFIB® Gel","title":"AmFIB® Gel","icon_replacement":"Palm Padding","description":""}},"tech_section_iQgBnW":{"type":"tech_section","disabled":true,"settings":{"name":"Control Gel","title":"Control Gel","icon_replacement":"Palm Padding","description":""}},"tech_section_XygPhK":{"type":"tech_section","disabled":true,"settings":{"name":"Foam Gel","title":"Foam Gel","icon_replacement":"Palm Paddin","description":""}},"tech_section_ne6wWK":{"type":"tech_section","disabled":true,"settings":{"name":"McDavid HEX","title":"McDavid HEX","icon_replacement":"Impact Protection","description":""}},"tech_section_NmbEd4":{"type":"tech_section","disabled":true,"settings":{"name":"D3O® Ghost™","title":"D3O® Ghost™","icon_replacement":"Impact Protection","description":"<p>D3O® Ghost™ is an innovative material technology specifically designed for cyclists who seek the ultimate balance between protection and comfort. This cutting-edge material is exceptionally lightweight and flexible, making it almost imperceptible when worn, yet provides robust impact protection that hardens on impact. The D3O® Ghost™ technology is engineered to absorb and distribute energy during a crash, significantly reducing the risk of injury. <\/p>"}},"tech_section_XTPbrw":{"type":"tech_section","settings":{"name":"D3O® 3D Molded","title":"D3O® 3D Molded","icon_replacement":"Impact Protection","image":"shopify:\/\/shop_images\/D3O.webp","description":"<p>D3O® 3D Molded is a cutting-edge material technology. This technology integrates 3D molding processes with D3O®'s patented shock-absorbing materials to enhance rider safety and comfort. The resulting products offer superior protection without compromising on flexibility or comfort, making it ideal for dynamic and challenging cycling environments. D3O® 3D Molded pads are strategically placed in high-impact areas to absorb shocks and reduce the risk of injuries, ensuring that riders can tackle any trail or road with confidence and security.<\/p>"}},"tech_section_MJiGER":{"type":"tech_section","settings":{"name":"D3O® Sheet","title":"D3O® Sheet","icon_replacement":"Impact Protection","image":"shopify:\/\/shop_images\/D3O_385939b6-7389-4d88-a4b3-6fa3d29026fa.webp","description":"<p>The D3O® Sheet technology is a cutting-edge material designed for high-performance impact protection. This lightweight, flexible sheet incorporates D3O®'s unique patented technology, which allows it to remain soft and flexible under normal conditions but instantly stiffens upon impact to absorb and disperse energy. This characteristic makes it ideal for cycling, where both comfort and protection are paramount. D3O® enhances rider safety without compromising on freedom of movement, ensuring that cyclists can enjoy their rides with an added layer of security against potential impacts.<\/p>"}},"tech_section_iiQTwJ":{"type":"tech_section","settings":{"name":"D3O® Thin Sheet","title":"D3O® Thin Sheet","icon_replacement":"Impact Protection","image":"shopify:\/\/shop_images\/D3O_d076b0ff-fa86-44c1-aea7-c48b1f3f53e0.webp","description":"<p>The D3O® Thin Sheet technology represents a sophisticated approach to impact protection. This material is crafted from a unique polymer composite that behaves differently under various forces: it flows freely under normal conditions for comfort and flexibility but locks together upon impact to absorb and disperse energy. This dual nature provides superior protection without adding significant bulk or restricting the freedom of movement, making it ideal for cycling where performance and safety are paramount.<\/p>"}}},"block_order":["tech_section_kiTVFG","tech_section_3M6mT7","tech_section_zDgr9A","tech_section_kmNRdf","tech_section_9idkFf","tech_section_kPCdfD","tech_section_NtDRtq","tech_section_JCgrc6","tech_section_HrFb4y","tech_section_X6bcVt","tech_section_UKGy4K","tech_section_6ggV3V","tech_section_LUYiEi","tech_section_FFPMpX","tech_section_tqtJXP","tech_section_UWg6LN","tech_section_9VjJER","tech_section_xay4AX","tech_section_cidHPJ","tech_section_LLqEUe","tech_section_WgqkU9","tech_section_JdfThy","tech_section_tziEib","tech_section_qKtyan","tech_section_w4NhFJ","tech_section_4y4NpG","tech_section_bzWqDC","tech_section_zGP8wr","tech_section_rNUKjp","tech_section_iQgBnW","tech_section_XygPhK","tech_section_ne6wWK","tech_section_NmbEd4","tech_section_XTPbrw","tech_section_MJiGER","tech_section_iiQTwJ"],"settings":{}},"product-bundle":{"type":"product-bundle","disabled":true,"settings":{}},"product-custom":{"type":"product-custom","disabled":true,"settings":{}},"17575194464045620e":{"type":"apps","blocks":{"expertvoice_ev_pdp_deal_block_9Umy6t":{"type":"shopify:\/\/apps\/expertvoice\/blocks\/ev-pdp-deal-block\/72220bb7-008d-4628-98a7-15da652b51dd","settings":{"theme":"light"}}},"block_order":["expertvoice_ev_pdp_deal_block_9Umy6t"],"settings":{}}},"order":["main","product-bundle","product-custom","17575194464045620e"]}