ID,Handle,Command,Title,Is Default,Top Row,Row #,Menu Item: ID,Menu Item: Title,Menu Item: Command,Menu Item: Resource Type,Menu Item: Resource ID,Menu Item: Resource Handle,Menu Item: Collection Tags,Menu Item: URL,Menu Item: Parent ID,Menu Item: Parent Title,Menu Item: Position
197969641643,stories,MERGE,'24_Main Menu - Stories,,true,1,459217174699,Featured,MERGE,HTTP,,,,https://www.pearlizumi.com/blogs/pearl-izumi-journal/tagged/featured,,,1
197969641643,stories,MERGE,'24_Main Menu - Stories,,,2,459270488235,Pedal to Zero,MERGE,HTTP,,,,https://www.pearlizumi.com/blogs/pearl-izumi-journal/tagged/pedal-to-zero,459217174699,Featured,1
197969641643,stories,MERGE,'24_Main Menu - Stories,,,3,459217207467,WE - Women's Initiative,MERGE,HTTP,,,,https://www.pearlizumi.com/blogs/pearl-izumi-journal/tagged/we-womens-initiative,459217174699,Featured,2
197969641643,stories,MERGE,'24_Main Menu - Stories,,,4,459270521003,More Trail,MERGE,HTTP,,,,https://www.pearlizumi.com/blogs/pearl-izumi-journal/tagged/more-trail,459217174699,Featured,3
197969641643,stories,MERGE,'24_Main Menu - Stories,,,5,462886109355,View All,MERGE,HTTP,,,,https://www.pearlizumi.com/blogs/pearl-izumi-journal/tagged/featured,459217174699,Featured,4
197969641643,stories,MERGE,'24_Main Menu - Stories,,,6,459270586539,Guides,MERGE,HTTP,,,,https://www.pearlizumi.com/blogs/pearl-izumi-journal/tagged/guides,,,2
197969641643,stories,MERGE,'24_Main Menu - Stories,,,7,459270619307,How-To's,MERGE,HTTP,,,,https://www.pearlizumi.com/blogs/pearl-izumi-journal/tagged/how-to,459270586539,Guides,1
197969641643,stories,MERGE,'24_Main Menu - Stories,,,8,459270684843,Technology,MERGE,HTTP,,,,https://www.pearlizumi.com/blogs/pearl-izumi-journal/tagged/technology,459270586539,Guides,2
197969641643,stories,MERGE,'24_Main Menu - Stories,,,9,459270717611,Ride365,MERGE,HTTP,,,,https://www.pearlizumi.com/blogs/pearl-izumi-journal/tagged/ride365,459270586539,Guides,3
197969641643,stories,MERGE,'24_Main Menu - Stories,,,10,459270750379,(Beyond) Commuting,MERGE,HTTP,,,,https://www.pearlizumi.com/blogs/pearl-izumi-journal/tagged/commuting,459270586539,Guides,4
197969641643,stories,MERGE,'24_Main Menu - Stories,,,11,459270783147,Bike Skills 101,MERGE,HTTP,,,,https://www.pearlizumi.com/blogs/pearl-izumi-journal/tagged/bike-skills-101,459270586539,Guides,5
197969641643,stories,MERGE,'24_Main Menu - Stories,,,12,459270815915,View All,MERGE,HTTP,,,,https://www.pearlizumi.com/blogs/pearl-izumi-journal/tagged/guides,459270586539,Guides,6
197969641643,stories,MERGE,'24_Main Menu - Stories,,,13,459270848683,Adventure & Inspiration,MERGE,HTTP,,,,https://www.pearlizumi.com/blogs/pearl-izumi-journal/tagged/adventure,,,3
197969641643,stories,MERGE,'24_Main Menu - Stories,,,14,459270881451,Road,MERGE,HTTP,,,,https://www.pearlizumi.com/blogs/pearl-izumi-journal/tagged/road,459270848683,Adventure & Inspiration,1
197969641643,stories,MERGE,'24_Main Menu - Stories,,,15,459270914219,Gravel,MERGE,HTTP,,,,https://www.pearlizumi.com/blogs/pearl-izumi-journal/tagged/gravel,459270848683,Adventure & Inspiration,2
197969641643,stories,MERGE,'24_Main Menu - Stories,,,16,459270946987,MTB,MERGE,HTTP,,,,https://www.pearlizumi.com/blogs/pearl-izumi-journal/tagged/mtb,459270848683,Adventure & Inspiration,3
197969641643,stories,MERGE,'24_Main Menu - Stories,,,17,459270979755,Destinations,MERGE,HTTP,,,,https://www.pearlizumi.com/blogs/pearl-izumi-journal/tagged/destinations,459270848683,Adventure & Inspiration,4
197969641643,stories,MERGE,'24_Main Menu - Stories,,,18,459271012523,View All,MERGE,HTTP,,,,https://www.pearlizumi.com/blogs/pearl-izumi-journal/tagged/adventure,459270848683,Adventure & Inspiration,5
197969641643,stories,MERGE,'24_Main Menu - Stories,,,19,459271045291,Culture & Craft,MERGE,HTTP,,,,https://www.pearlizumi.com/blogs/pearl-izumi-journal/tagged/culture-craft,,,4
197969641643,stories,MERGE,'24_Main Menu - Stories,,,20,459271078059,Events,MERGE,HTTP,,,,https://www.pearlizumi.com/blogs/pearl-izumi-journal/tagged/events,459271045291,Culture & Craft,1
197969641643,stories,MERGE,'24_Main Menu - Stories,,,21,459271110827,Creators,MERGE,HTTP,,,,https://www.pearlizumi.com/blogs/pearl-izumi-journal/tagged/creators,459271045291,Culture & Craft,2
197969641643,stories,MERGE,'24_Main Menu - Stories,,,22,459271143595,View All,MERGE,HTTP,,,,https://www.pearlizumi.com/blogs/pearl-izumi-journal/tagged/culture-craft,459271045291,Culture & Craft,3
197969641643,stories,MERGE,'24_Main Menu - Stories,,,23,459271176363,Series,MERGE,HTTP,,,,https://www.pearlizumi.com/blogs/pearl-izumi-journal/tagged/series,,,5
197969641643,stories,MERGE,'24_Main Menu - Stories,,,24,459271209131,Built,MERGE,HTTP,,,,https://www.pearlizumi.com/blogs/pearl-izumi-journal/tagged/built,459271176363,Series,1
197969641643,stories,MERGE,'24_Main Menu - Stories,,,25,459271241899,Underexposed,MERGE,HTTP,,,,https://www.pearlizumi.com/blogs/pearl-izumi-journal/tagged/underexposed,459271176363,Series,2
197969641643,stories,MERGE,'24_Main Menu - Stories,,,26,459271274667,Syd Fixes,MERGE,HTTP,,,,https://www.pearlizumi.com/blogs/pearl-izumi-journal/tagged/syd-fixes,459271176363,Series,3
197969641643,stories,MERGE,'24_Main Menu - Stories,,,27,459271307435,Shared Territory,MERGE,HTTP,,,,https://www.pearlizumi.com/blogs/pearl-izumi-journal/tagged/shared-territory,459271176363,Series,4
197969641643,stories,MERGE,'24_Main Menu - Stories,,,28,459271340203,Sight Lines,MERGE,HTTP,,,,https://www.pearlizumi.com/blogs/pearl-izumi-journal/tagged/sight-lines,459271176363,Series,5
197969641643,stories,MERGE,'24_Main Menu - Stories,,,29,459271372971,View All,MERGE,HTTP,,,,https://www.pearlizumi.com/blogs/pearl-izumi-journal/tagged/series,459271176363,Series,6
197969641643,stories,MERGE,'24_Main Menu - Stories,,,30,459271405739,We Are PEARL iZUMi,MERGE,HTTP,,,,https://www.pearlizumi.com/blogs/pearl-izumi-journal/tagged/we-are-pearl-izumi,,,6
197969641643,stories,MERGE,'24_Main Menu - Stories,,,31,459271438507,Women's Voices,MERGE,HTTP,,,,https://www.pearlizumi.com/blogs/pearl-izumi-journal/tagged/womens-voices,459271405739,We Are PEARL iZUMi,1
197969641643,stories,MERGE,'24_Main Menu - Stories,,,32,459271471275,Activism & Advocacy,MERGE,HTTP,,,,https://www.pearlizumi.com/blogs/pearl-izumi-journal/tagged/activism-advocacy,459271405739,We Are PEARL iZUMi,2
197969641643,stories,MERGE,'24_Main Menu - Stories,,,33,459271504043,Sustainability,MERGE,HTTP,,,,https://www.pearlizumi.com/blogs/pearl-izumi-journal/tagged/sustainability,459271405739,We Are PEARL iZUMi,3
197969641643,stories,MERGE,'24_Main Menu - Stories,,,34,459271536811,Crew Stories,MERGE,HTTP,,,,https://www.pearlizumi.com/blogs/pearl-izumi-journal/tagged/crew-stories,459271405739,We Are PEARL iZUMi,4
197969641643,stories,MERGE,'24_Main Menu - Stories,,,35,459271569579,View All,MERGE,HTTP,,,,https://www.pearlizumi.com/blogs/pearl-izumi-journal/tagged/we-are-pearl-izumi,459271405739,We Are PEARL iZUMi,5
207918301355,customer-account-main-menu,MERGE,Customer account main menu,true,true,36,637251354989,Shop,MERGE,FRONTPAGE,,,,/,,,1
207918301355,customer-account-main-menu,MERGE,Customer account main menu,true,,37,636681421165,Orders,MERGE,CUSTOMER_ACCOUNT_PAGE,71152140653,orders,,https://shopify.com/51894059179/account/orders,,,2
201959637163,24_main-menu,MERGE,'24_Main Menu,,true,38,471890133163,Men,MERGE,PAGE,698849689965,mens,,/pages/mens,,,1
201959637163,24_main-menu,MERGE,'24_Main Menu,,,39,471890165931,Women,MERGE,PAGE,698962936173,womens,,/pages/womens,,,2
201959637163,24_main-menu,MERGE,'24_Main Menu,,,40,471890264235,Clearance,MERGE,COLLECTION,279691460779,clearance,,/collections/clearance,,,3
201959637163,24_main-menu,MERGE,'24_Main Menu,,,41,471890198699,Discover,MERGE,HTTP,,,,#,,,4
298366763373,main-menu-copy,MERGE,'24_Main Menu (copy),,true,42,743121846637,Men-Copy,MERGE,COLLECTION,279848550571,mens,,/collections/mens,,,1
298366763373,main-menu-copy,MERGE,'24_Main Menu (copy),,,43,743121879405,Women,MERGE,COLLECTION,279848616107,womens,,/collections/womens,,,2
298366763373,main-menu-copy,MERGE,'24_Main Menu (copy),,,44,743121912173,Clearance,MERGE,COLLECTION,279691460779,clearance,,/collections/clearance,,,3
298366763373,main-menu-copy,MERGE,'24_Main Menu (copy),,,45,743121944941,Discover,MERGE,HTTP,,,,#,,,4
173075464363,main-menu,MERGE,Main menu,true,true,46,424925593771,Men,MERGE,COLLECTION,279848550571,mens,,/collections/mens,,,1
173075464363,main-menu,MERGE,Main menu,true,,47,424925626539,Women,MERGE,COLLECTION,279848616107,womens,,/collections/womens,,,2
173075464363,main-menu,MERGE,Main menu,true,,48,424925659307,Kids,MERGE,COLLECTION,278010298539,kids-cycling,,/collections/kids-cycling,,,3
173075464363,main-menu,MERGE,Main menu,true,,49,424925692075,About,MERGE,HTTP,,,,#,,,4
173075464363,main-menu,MERGE,Main menu,true,,50,462885716139,Stories,MERGE,BLOG,80562225323,pearl-izumi-journal,,/blogs/pearl-izumi-journal,,,5
173075464363,main-menu,MERGE,Main menu,true,,51,464864444587,Clearance,MERGE,COLLECTION,279691460779,clearance,,/collections/clearance,,,6
185086345387,footer-menu-connect-with-us,MERGE,Footer Menu - Connect With Us,,true,52,424923725995,Find a Store,MERGE,PAGE,83352486059,store-locator,,/pages/store-locator,,,1
185086345387,footer-menu-connect-with-us,MERGE,Footer Menu - Connect With Us,,,53,424923791531,Affiliate Program,MERGE,PAGE,81904730283,affiliate-program,,/pages/affiliate-program,,,2
185086345387,footer-menu-connect-with-us,MERGE,Footer Menu - Connect With Us,,,54,424923824299,Pro Program,MERGE,PAGE,94717411499,pro-membership-benefits,,/pages/pro-membership-benefits,,,3
185086345387,footer-menu-connect-with-us,MERGE,Footer Menu - Connect With Us,,,55,468488716459,Blog,MERGE,BLOG,80562225323,pearl-izumi-journal,,/blogs/pearl-izumi-journal,,,4
185086574763,footer-menu-customer-service,MERGE,Footer Menu - Customer Service,,true,56,424924381355,My Account,MERGE,HTTP,,,,/account,,,1
185086574763,footer-menu-customer-service,MERGE,Footer Menu - Customer Service,,,57,468488749227,Gift Cards,MERGE,PRODUCT,7655732019371,pearl-izumi-gift-card,,/products/pearl-izumi-gift-card,,,2
185086574763,footer-menu-customer-service,MERGE,Footer Menu - Customer Service,,,58,424924217515,FAQs,MERGE,PAGE,81903911083,frequently-asked-questions,,/pages/frequently-asked-questions,,,3
185086574763,footer-menu-customer-service,MERGE,Footer Menu - Customer Service,,,59,463404040363,Size & Fit Guides,MERGE,PAGE,94642045099,size-and-fit-guide,,/pages/size-and-fit-guide,,,4
185086574763,footer-menu-customer-service,MERGE,Footer Menu - Customer Service,,,60,424924283051,Shipping Policy,MERGE,PAGE,83821002923,shipping-policy,,/pages/shipping-policy,,,5
185086574763,footer-menu-customer-service,MERGE,Footer Menu - Customer Service,,,61,424924348587,Returns & Exchanges,MERGE,HTTP,,,,https://www.pearlizumi.com/pages/frequently-asked-questions#returns,,,6
185086574763,footer-menu-customer-service,MERGE,Footer Menu - Customer Service,,,62,424924315819,Warranty,MERGE,HTTP,,,,https://www.pearlizumi.com/pages/frequently-asked-questions#warranties,,,7
298184114541,discover,MERGE,'24_Menu - Discover,,true,63,742673940845,Expert Advice,MERGE,PAGE,83557646507,expertise,,/pages/expertise,,,1
298184114541,discover,MERGE,'24_Menu - Discover,,,64,742673973613,Jersey Guide,MERGE,PAGE,83557777579,how-to-choose-a-cycling-jersey,,/pages/how-to-choose-a-cycling-jersey,742673940845,Expert Advice,1
298184114541,discover,MERGE,'24_Menu - Discover,,,65,742674006381,Shorts & Bibs Guide,MERGE,PAGE,83557810347,how-to-choose-a-short,,/pages/how-to-choose-a-short,742673940845,Expert Advice,2
298184114541,discover,MERGE,'24_Menu - Discover,,,66,742674039149,Cycling Shoe Guide,MERGE,PAGE,83557843115,how-to-choose-cycling-shoes,,/pages/how-to-choose-cycling-shoes,742673940845,Expert Advice,3
298184114541,discover,MERGE,'24_Menu - Discover,,,67,742674071917,Gloves Guide,MERGE,PAGE,94757879979,gloves-guide,,/pages/gloves-guide,742673940845,Expert Advice,4
185005179051,frequently-asked-questions,MERGE,Horizontal Footer,,true,68,424729215147,CCPA,MERGE,PAGE,83650019499,ccpa,,/pages/ccpa,,,1
185005179051,frequently-asked-questions,MERGE,Horizontal Footer,,,69,424729116843,Accessibility,MERGE,PAGE,83015336107,accessibility,,/pages/accessibility,,,2
185005179051,frequently-asked-questions,MERGE,Horizontal Footer,,,70,424729182379,Cookie Policy,MERGE,PAGE,83654541483,cookies-policy,,/pages/cookies-policy,,,3
185005179051,frequently-asked-questions,MERGE,Horizontal Footer,,,71,466026266795,Privacy Policy,MERGE,PAGE,83655164075,privacy-policy,,/pages/privacy-policy,,,4
185005179051,frequently-asked-questions,MERGE,Horizontal Footer,,,72,466026299563,Terms of Use,MERGE,PAGE,83643859115,terms-and-conditions,,/pages/terms-and-conditions,,,5
185005179051,frequently-asked-questions,MERGE,Horizontal Footer,,,73,709937365357,Sitemap,MERGE,PAGE,688677028205,sitemap,,/pages/sitemap,,,6
185087066283,footer-menu-about-us,MERGE,Footer Menu - About Us,,true,74,483774922923,Our History,MERGE,PAGE,101673140395,our-history,,/pages/our-history,,,1
185087066283,footer-menu-about-us,MERGE,Footer Menu - About Us,,,75,424925331627,Expertise,MERGE,PAGE,83557646507,expertise,,/pages/expertise,,,2
185087066283,footer-menu-about-us,MERGE,Footer Menu - About Us,,,76,424925233323,Sustainability,MERGE,PAGE,100962828459,sustainability,,/pages/sustainability,,,3
185087066283,footer-menu-about-us,MERGE,Footer Menu - About Us,,,77,483779084459,Quality,MERGE,PAGE,101694931115,quality,,/pages/quality,,,4
185087066283,footer-menu-about-us,MERGE,Footer Menu - About Us,,,78,432846307499,DEI ,MERGE,PAGE,83557712043,dei-statement,,/pages/dei-statement,,,5
185087066283,footer-menu-about-us,MERGE,Footer Menu - About Us,,,79,426078503083,Values,MERGE,PAGE,83557679275,mission-and-values,,/pages/mission-and-values,,,6
185087066283,footer-menu-about-us,MERGE,Footer Menu - About Us,,,80,726022455661,Reviews,MERGE,PAGE,94208524459,our-reviews,,/pages/our-reviews,,,7
185087066283,footer-menu-about-us,MERGE,Footer Menu - About Us,,,81,424925364395,Work at PEARL iZUMi,MERGE,PAGE,84166213803,careers,,/pages/careers,,,8
288595935597,footer-menu-shop,MERGE,Footer Menu - Shop,,true,82,719785394541,Men's Gear,MERGE,COLLECTION,279848550571,mens,,/collections/mens,,,1
288595935597,footer-menu-shop,MERGE,Footer Menu - Shop,,,83,719785427309,Road,MERGE,COLLECTION,275599917227,mens-road,,/collections/mens-road,,,2
288595935597,footer-menu-shop,MERGE,Footer Menu - Shop,,,84,719785460077,Gravel,MERGE,COLLECTION,303011758251,mens-gravel-cycling,,/collections/mens-gravel-cycling,,,3
288595935597,footer-menu-shop,MERGE,Footer Menu - Shop,,,85,719785492845,Mountain,MERGE,COLLECTION,275600015531,mens-mountain-bike,,/collections/mens-mountain-bike,,,4
288595935597,footer-menu-shop,MERGE,Footer Menu - Shop,,,86,719785918829,Women's Gear,MERGE,COLLECTION,279848616107,womens,,/collections/womens,,,5
288595935597,footer-menu-shop,MERGE,Footer Menu - Shop,,,87,719785951597,Road,MERGE,COLLECTION,275611123883,womens-road,,/collections/womens-road,,,6
288595935597,footer-menu-shop,MERGE,Footer Menu - Shop,,,88,719785984365,Gravel,MERGE,COLLECTION,303011791019,womens-gravel-cycling,,/collections/womens-gravel-cycling,,,7
288595935597,footer-menu-shop,MERGE,Footer Menu - Shop,,,89,719786017133,Mountain,MERGE,COLLECTION,275845677227,womens-mountain-bike,,/collections/womens-mountain-bike,,,8
288595935597,footer-menu-shop,MERGE,Footer Menu - Shop,,,90,719786049901,Jerseys,MERGE,COLLECTION,277705359531,cycling-jerseys,,/collections/cycling-jerseys,,,9
288595935597,footer-menu-shop,MERGE,Footer Menu - Shop,,,91,719786082669,Bibs,MERGE,COLLECTION,295617691819,cycling-shorts-bib-shorts,,/collections/cycling-shorts-bib-shorts,,,10
288595935597,footer-menu-shop,MERGE,Footer Menu - Shop,,,92,719786115437,Shoes,MERGE,COLLECTION,298211770539,cycling-shoes,,/collections/cycling-shoes,,,11
173075497131,footer,MERGE,Footer Menu - Copyright,true,true,93,442086228139,CCPA,MERGE,PAGE,83650019499,ccpa,,/pages/ccpa,,,1
173075497131,footer,MERGE,Footer Menu - Copyright,true,,94,442086260907,California Transparency Act,MERGE,PAGE,83649659051,california-transparency-act,,/pages/california-transparency-act,,,2
173075497131,footer,MERGE,Footer Menu - Copyright,true,,95,451832185003,Cookie Policy,MERGE,PAGE,83654541483,cookies-policy,,/pages/cookies-policy,,,3
173075497131,footer,MERGE,Footer Menu - Copyright,true,,96,442086293675,Privacy Policy,MERGE,PAGE,83655164075,privacy-policy,,/pages/privacy-policy,,,4
173075497131,footer,MERGE,Footer Menu - Copyright,true,,97,442086326443,Terms of Sale,MERGE,PAGE,83643859115,terms-and-conditions,,/pages/terms-and-conditions,,,5
173075497131,footer,MERGE,Footer Menu - Copyright,true,,98,442086359211,Terms of Service,MERGE,SHOP_POLICY,24545591467,TERMS_OF_SERVICE,,/policies/terms-of-service,,,6
173075497131,footer,MERGE,Footer Menu - Copyright,true,,99,442086391979,Refund policy,MERGE,SHOP_POLICY,24545525931,REFUND_POLICY,,/policies/refund-policy,,,7
173075497131,footer,MERGE,Footer Menu - Copyright,true,,100,460217385131,Health Plan In Coverage,MERGE,PAGE,92606398635,health-plan-transparency-in-coverage,,/pages/health-plan-transparency-in-coverage,,,8
173075497131,footer,MERGE,Footer Menu - Copyright,true,,101,473524469931,Do not sell or share my personal information,MERGE,PAGE,85026439339,ccpa-opt-out,,/pages/ccpa-opt-out,,,9
185156698283,women-old,MERGE,Main Menu - Women,,true,102,425094512811,Featured,MERGE,HTTP,,,,#,,,1
185156698283,women-old,MERGE,Main Menu - Women,,,103,425094578347,Best Sellers,MERGE,COLLECTION,277994963115,womens-best-sellers,,/collections/womens-best-sellers,425094512811,Featured,1
185156698283,women-old,MERGE,Main Menu - Women,,,104,453678334123,Build Your Kit ,MERGE,PAGE,89536463019,womens-kits,,/pages/womens-kits,425094512811,Featured,2
185156698283,women-old,MERGE,Main Menu - Women,,,105,464864510123,Clearance,MERGE,COLLECTION,277249622187,womens-clearance,,/collections/womens-clearance,425094512811,Featured,3
185156698283,women-old,MERGE,Main Menu - Women,,,106,425094643883,Clothing,MERGE,HTTP,,,,#,,,2
185156698283,women-old,MERGE,Main Menu - Women,,,107,425094906027,Jerseys & Tops,MERGE,COLLECTION,275846693035,womens-cycling-jerseys,,/collections/womens-cycling-jerseys,425094643883,Clothing,1
185156698283,women-old,MERGE,Main Menu - Women,,,108,425094807723,"Shorts, Skirts & Bibs",MERGE,COLLECTION,275846987947,womens-cycling-shorts-bib-shorts-skirts,,/collections/womens-cycling-shorts-bib-shorts-skirts,425094643883,Clothing,2
185156698283,women-old,MERGE,Main Menu - Women,,,109,425094676651,"Jackets, Vests & Hoodies",MERGE,COLLECTION,275847479467,womens-cycling-jackets-vests,,/collections/womens-cycling-jackets-vests,425094643883,Clothing,3
185156698283,women-old,MERGE,Main Menu - Women,,,110,425094774955,Tights & Bib Tights,MERGE,COLLECTION,275847119019,womens-cycling-tights-bib-tights,,/collections/womens-cycling-tights-bib-tights,425094643883,Clothing,4
185156698283,women-old,MERGE,Main Menu - Women,,,111,425094742187,Pants,MERGE,COLLECTION,275847250091,womens-cycling-pants,,/collections/womens-cycling-pants,425094643883,Clothing,5
185156698283,women-old,MERGE,Main Menu - Women,,,112,425094840491,Baselayers,MERGE,COLLECTION,275846791339,womens-baselayers,,/collections/womens-baselayers,425094643883,Clothing,6
185156698283,women-old,MERGE,Main Menu - Women,,,113,425094938795,Shoes & Accessories,MERGE,HTTP,,,,#,,,3
185156698283,women-old,MERGE,Main Menu - Women,,,114,445323804843,Warmers & Protection ,MERGE,COLLECTION,280596414635,womens-cycling-warmers-protection,,/collections/womens-cycling-warmers-protection,425094938795,Shoes & Accessories,1
185156698283,women-old,MERGE,Main Menu - Women,,,115,425095037099,Hats & Headbands,MERGE,COLLECTION,275847708843,womens-cycling-hats-headbands,,/collections/womens-cycling-hats-headbands,425094938795,Shoes & Accessories,2
185156698283,women-old,MERGE,Main Menu - Women,,,116,425095102635,Shoe Covers,MERGE,COLLECTION,275847577771,womens-cycling-shoe-covers,,/collections/womens-cycling-shoe-covers,425094938795,Shoes & Accessories,3
185156698283,women-old,MERGE,Main Menu - Women,,,117,425095168171,Sport,MERGE,HTTP,,,,#,,,4
185156698283,women-old,MERGE,Main Menu - Women,,,118,425095299243,Road,MERGE,COLLECTION,275611123883,womens-road,,/collections/womens-road,425095168171,Sport,1
185156698283,women-old,MERGE,Main Menu - Women,,,119,425095266475,Mountain,MERGE,COLLECTION,275845677227,womens-mountain-bike,,/collections/womens-mountain-bike,425095168171,Sport,2
185156698283,women-old,MERGE,Main Menu - Women,,,120,441491488939,Fitness,MERGE,COLLECTION,277231042731,womens-fitness,,/collections/womens-fitness,425095168171,Sport,3
185156698283,women-old,MERGE,Main Menu - Women,,,121,425107423403,Shop All Women's Cycling,MERGE,HTTP,,,,#,,,5
185156698283,women-old,MERGE,Main Menu - Women,,,122,454660194475,Shop Now,MERGE,COLLECTION,279848616107,womens,,/collections/womens,425107423403,Shop All Women's Cycling,1
185156468907,men-old,MERGE,Main Menu - Men,,true,123,425092612267,Featured,MERGE,HTTP,,,,#,,,1
185156468907,men-old,MERGE,Main Menu - Men,,,124,425092677803,Best Sellers,MERGE,COLLECTION,277568979115,mens-best-sellers,,/collections/mens-best-sellers,425092612267,Featured,1
185156468907,men-old,MERGE,Main Menu - Men,,,125,453678268587,Build Your Kit ,MERGE,PAGE,87685660843,mens-kits,,/pages/mens-kits,425092612267,Featured,2
185156468907,men-old,MERGE,Main Menu - Men,,,126,464864477355,Clearance,MERGE,COLLECTION,277249589419,mens-clearance,,/collections/mens-clearance,425092612267,Featured,3
185156468907,men-old,MERGE,Main Menu - Men,,,127,425092743339,Clothing,MERGE,HTTP,,,,#,,,2
185156468907,men-old,MERGE,Main Menu - Men,,,128,425092776107,Jerseys & Tops,MERGE,COLLECTION,275600638123,mens-cycling-jerseys,,/collections/mens-cycling-jerseys,425092743339,Clothing,1
185156468907,men-old,MERGE,Main Menu - Men,,,129,425092874411,Shorts & Bibs,MERGE,COLLECTION,275600244907,mens-cycling-shorts-bib-shorts,,/collections/mens-cycling-shorts-bib-shorts,425092743339,Clothing,2
185156468907,men-old,MERGE,Main Menu - Men,,,130,425093005483,"Jackets, Vests & Hoodies",MERGE,COLLECTION,275600900267,mens-cycling-jackets-vests,,/collections/mens-cycling-jackets-vests,425092743339,Clothing,3
185156468907,men-old,MERGE,Main Menu - Men,,,131,425092907179,Tights & Bib Tights,MERGE,COLLECTION,275826311339,mens-tights-bib-tights,,/collections/mens-tights-bib-tights,425092743339,Clothing,4
185156468907,men-old,MERGE,Main Menu - Men,,,132,425092939947,Pants,MERGE,COLLECTION,275826376875,mens-cycling-pants,,/collections/mens-cycling-pants,425092743339,Clothing,5
185156468907,men-old,MERGE,Main Menu - Men,,,133,425092841643,Baselayers,MERGE,COLLECTION,275826147499,mens-cycling-baselayers,,/collections/mens-cycling-baselayers,425092743339,Clothing,6
185156468907,men-old,MERGE,Main Menu - Men,,,134,425093038251,Shoes & Accessories,MERGE,HTTP,,,,#,,,3
185156468907,men-old,MERGE,Main Menu - Men,,,135,445323739307,Warmers & Protection ,MERGE,COLLECTION,280596381867,mens-cycling-warmers-protection,,/collections/mens-cycling-warmers-protection,425093038251,Shoes & Accessories,1
185156468907,men-old,MERGE,Main Menu - Men,,,136,425093169323,Hats & Headbands,MERGE,COLLECTION,275826999467,mens-cycling-hats-headbands,,/collections/mens-cycling-hats-headbands,425093038251,Shoes & Accessories,2
185156468907,men-old,MERGE,Main Menu - Men,,,137,425093103787,Shoe Covers,MERGE,COLLECTION,275826704555,mens-cycling-shoe-covers,,/collections/mens-cycling-shoe-covers,425093038251,Shoes & Accessories,3
185156468907,men-old,MERGE,Main Menu - Men,,,138,425093267627,Sport,MERGE,HTTP,,,,#,,,4
185156468907,men-old,MERGE,Main Menu - Men,,,139,425093300395,Road,MERGE,COLLECTION,275599917227,mens-road,,/collections/mens-road,425093267627,Sport,1
185156468907,men-old,MERGE,Main Menu - Men,,,140,425093333163,Mountain,MERGE,COLLECTION,275600015531,mens-mountain-bike,,/collections/mens-mountain-bike,425093267627,Sport,2
185156468907,men-old,MERGE,Main Menu - Men,,,141,426077290667,Fitness,MERGE,COLLECTION,277230485675,mens-fitness,,/collections/mens-fitness,425093267627,Sport,3
185156468907,men-old,MERGE,Main Menu - Men,,,142,425107194027,Shop All Men's Cycling,MERGE,HTTP,,,,#,,,5
185156468907,men-old,MERGE,Main Menu - Men,,,143,454660161707,Shop Now,MERGE,COLLECTION,279848550571,mens,,/collections/mens,425107194027,Shop All Men's Cycling,1
201959997611,women,MERGE,'24_Menu - Women,,true,144,471891542187,Featured,MERGE,HTTP,,,,#,,,1
201959997611,women,MERGE,'24_Menu - Women,,,145,716481397101,New Arrivals,MERGE,COLLECTION,619812192621,womens-new-arrivals,,/collections/womens-new-arrivals,471891542187,Featured,1
201959997611,women,MERGE,'24_Menu - Women,,,146,476379447467,Best Sellers,MERGE,COLLECTION,277994963115,womens-best-sellers,,/collections/womens-best-sellers,471891542187,Featured,2
201959997611,women,MERGE,'24_Menu - Women,,,147,714878648685,Brand Gear,MERGE,COLLECTION,616767258989,brand-love,,/collections/brand-love,471891542187,Featured,3
201959997611,women,MERGE,'24_Menu - Women,,,148,476379545771,Gift Cards,MERGE,PRODUCT,7655732019371,pearl-izumi-gift-card,,/products/pearl-izumi-gift-card,471891542187,Featured,4
201959997611,women,MERGE,'24_Menu - Women,,,149,476379513003,Clearance,MERGE,COLLECTION,277249622187,womens-clearance,,/collections/womens-clearance,471891542187,Featured,5
201959997611,women,MERGE,'24_Menu - Women,,,150,471891574955,Road / Gravel,MERGE,COLLECTION,618985619821,womens-road-gravel-cycling,,/collections/womens-road-gravel-cycling,,,2
201959997611,women,MERGE,'24_Menu - Women,,,151,471898980523,Jerseys,MERGE,COLLECTION,618985783661,womens-road-gravel-cycling-jerseys,,/collections/womens-road-gravel-cycling-jerseys,471891574955,Road / Gravel,1
201959997611,women,MERGE,'24_Menu - Women,,,152,471899013291,"Shorts, Bib Shorts & Skirts",MERGE,COLLECTION,618985816429,womens-road-gravel-cycling-shorts-bib-shorts-skirts,,/collections/womens-road-gravel-cycling-shorts-bib-shorts-skirts,471891574955,Road / Gravel,2
201959997611,women,MERGE,'24_Menu - Women,,,153,471899046059,Jackets & Vests,MERGE,COLLECTION,618985881965,womens-road-gravel-cycling-jackets-vests,,/collections/womens-road-gravel-cycling-jackets-vests,471891574955,Road / Gravel,3
201959997611,women,MERGE,'24_Menu - Women,,,154,471899078827,Tights & Bib Tights,MERGE,COLLECTION,618986013037,womens-road-gravel-cycling-tights-bib-tights,,/collections/womens-road-gravel-cycling-tights-bib-tights,471891574955,Road / Gravel,4
201959997611,women,MERGE,'24_Menu - Women,,,155,471899111595,Baselayers,MERGE,COLLECTION,619014783341,womens-road-gravel-cycling-baselayers,,/collections/womens-road-gravel-cycling-baselayers,471891574955,Road / Gravel,5
201959997611,women,MERGE,'24_Menu - Women,,,156,471899144363,Gloves,MERGE,COLLECTION,619014816109,womens-road-gravel-cycling-gloves,,/collections/womens-road-gravel-cycling-gloves,471891574955,Road / Gravel,6
201959997611,women,MERGE,'24_Menu - Women,,,157,471899177131,Shoes,MERGE,COLLECTION,619029660013,womens-road-gravel-cycling-shoes,,/collections/womens-road-gravel-cycling-shoes,471891574955,Road / Gravel,7
201959997611,women,MERGE,'24_Menu - Women,,,158,477515677867,All Women's Road / Gravel,MERGE,COLLECTION,618985619821,womens-road-gravel-cycling,,/collections/womens-road-gravel-cycling,471891574955,Road / Gravel,8
201959997611,women,MERGE,'24_Menu - Women,,,159,471891607723,Mountain,MERGE,COLLECTION,275845677227,womens-mountain-bike,,/collections/womens-mountain-bike,,,3
201959997611,women,MERGE,'24_Menu - Women,,,160,471899209899,Jerseys,MERGE,COLLECTION,303011102891,womens-mountain-bike-jerseys,,/collections/womens-mountain-bike-jerseys,471891607723,Mountain,1
201959997611,women,MERGE,'24_Menu - Women,,,161,471899242667,Shorts & Pants,MERGE,COLLECTION,276947927211,womens-mountain-bike-shorts-pants,,/collections/womens-mountain-bike-shorts-pants,471891607723,Mountain,2
201959997611,women,MERGE,'24_Menu - Women,,,162,471899275435,Jackets,MERGE,COLLECTION,303011299499,womens-mountain-bike-jackets,,/collections/womens-mountain-bike-jackets,471891607723,Mountain,3
201959997611,women,MERGE,'24_Menu - Women,,,163,471899373739,Gloves,MERGE,COLLECTION,303011528875,womens-mountain-bike-gloves,,/collections/womens-mountain-bike-gloves,471891607723,Mountain,4
201959997611,women,MERGE,'24_Menu - Women,,,164,471899406507,Shoes,MERGE,COLLECTION,303011659947,womens-mountain-bike-shoes,,/collections/womens-mountain-bike-shoes,471891607723,Mountain,5
201959997611,women,MERGE,'24_Menu - Women,,,165,471899439275,Protection,MERGE,COLLECTION,276957954219,cycling-protection,,/collections/cycling-protection,471891607723,Mountain,6
201959997611,women,MERGE,'24_Menu - Women,,,166,471899340971,Baselayers,MERGE,COLLECTION,275846791339,womens-baselayers,,/collections/womens-baselayers,471891607723,Mountain,7
201959997611,women,MERGE,'24_Menu - Women,,,167,477515710635,All Women's Mountain,MERGE,COLLECTION,275845677227,womens-mountain-bike,,/collections/womens-mountain-bike,471891607723,Mountain,8
201959997611,women,MERGE,'24_Menu - Women,,,168,471891673259,Cycling Accessories,MERGE,HTTP,,,,#,,,4
201959997611,women,MERGE,'24_Menu - Women,,,169,637719380333,Gloves,MERGE,COLLECTION,616119632237,womens-cycling-gloves,,/collections/womens-cycling-gloves,471891673259,Cycling Accessories,1
201959997611,women,MERGE,'24_Menu - Women,,,170,637719413101,Socks,MERGE,COLLECTION,616119730541,womens-cycling-socks,,/collections/womens-cycling-socks,471891673259,Cycling Accessories,2
201959997611,women,MERGE,'24_Menu - Women,,,171,637719445869,Shoes,MERGE,COLLECTION,616119566701,womens-cycling-shoes,,/collections/womens-cycling-shoes,471891673259,Cycling Accessories,3
201959997611,women,MERGE,'24_Menu - Women,,,172,471899799723,Shoe Covers,MERGE,COLLECTION,275847577771,womens-cycling-shoe-covers,,/collections/womens-cycling-shoe-covers,471891673259,Cycling Accessories,4
201959997611,women,MERGE,'24_Menu - Women,,,173,471899832491,Hats & Headbands,MERGE,COLLECTION,275847708843,womens-cycling-hats-headbands,,/collections/womens-cycling-hats-headbands,471891673259,Cycling Accessories,5
201959997611,women,MERGE,'24_Menu - Women,,,174,471899865259,Sun Sleeves & Warmers,MERGE,COLLECTION,616088535405,cycling-warmers-sun-sleeves,,/collections/cycling-warmers-sun-sleeves,471891673259,Cycling Accessories,6
201959964843,men,MERGE,'24_Menu - Men,,true,175,471891378347,Featured,MERGE,HTTP,,,,#,,,1
201959964843,men,MERGE,'24_Menu - Men,,,176,716481167725,New Arrivals,MERGE,COLLECTION,619812061549,mens-new-arrivals,,/collections/mens-new-arrivals,471891378347,Featured,1
201959964843,men,MERGE,'24_Menu - Men,,,177,471895179435,Best Sellers,MERGE,COLLECTION,277568979115,mens-best-sellers,,/collections/mens-best-sellers,471891378347,Featured,2
201959964843,men,MERGE,'24_Menu - Men,,,178,714878419309,Brand Gear,MERGE,COLLECTION,616767258989,brand-love,,/collections/brand-love,471891378347,Featured,3
201959964843,men,MERGE,'24_Menu - Men,,,179,476379578539,Gift Cards,MERGE,PRODUCT,7655732019371,pearl-izumi-gift-card,,/products/pearl-izumi-gift-card,471891378347,Featured,4
201959964843,men,MERGE,'24_Menu - Men,,,180,471895212203,Clearance,MERGE,COLLECTION,277249589419,mens-clearance,,/collections/mens-clearance,471891378347,Featured,5
201959964843,men,MERGE,'24_Menu - Men,,,181,471891411115,Road / Gravel,MERGE,COLLECTION,618976477549,mens-road-gravel-cycling,,/collections/mens-road-gravel-cycling,,,2
201959964843,men,MERGE,'24_Menu - Men,,,182,471895802027,Jerseys,MERGE,COLLECTION,618976379245,mens-road-gravel-cycling-jerseys,,/collections/mens-road-gravel-cycling-jerseys,471891411115,Road / Gravel,1
201959964843,men,MERGE,'24_Menu - Men,,,183,471895834795,Shorts & Bib Shorts,MERGE,COLLECTION,618942759277,mens-road-gravel-cycling-shorts-bib-shorts,,/collections/mens-road-gravel-cycling-shorts-bib-shorts,471891411115,Road / Gravel,2
201959964843,men,MERGE,'24_Menu - Men,,,184,471895867563,Jackets & Vests,MERGE,COLLECTION,618976510317,mens-road-gravel-cycling-jackets-vests,,/collections/mens-road-gravel-cycling-jackets-vests,471891411115,Road / Gravel,3
201959964843,men,MERGE,'24_Menu - Men,,,185,478412964011,Tights & Bib Tights,MERGE,COLLECTION,618976575853,mens-road-gravel-cycling-tights-bib-tights,,/collections/mens-road-gravel-cycling-tights-bib-tights,471891411115,Road / Gravel,4
201959964843,men,MERGE,'24_Menu - Men,,,186,471895900331,Baselayers,MERGE,COLLECTION,618978148717,mens-road-gravel-cycling-baselayers,,/collections/mens-road-gravel-cycling-baselayers,471891411115,Road / Gravel,5
201959964843,men,MERGE,'24_Menu - Men,,,187,471895933099,Gloves,MERGE,COLLECTION,618978181485,mens-road-gravel-cycling-gloves,,/collections/mens-road-gravel-cycling-gloves,471891411115,Road / Gravel,6
201959964843,men,MERGE,'24_Menu - Men,,,188,471895965867,Shoes,MERGE,COLLECTION,618978247021,mens-road-gravel-cycling-shoes,,/collections/mens-road-gravel-cycling-shoes,471891411115,Road / Gravel,7
201959964843,men,MERGE,'24_Menu - Men,,,189,477288759467,All Men's Road / Gravel,MERGE,COLLECTION,618976477549,mens-road-gravel-cycling,,/collections/mens-road-gravel-cycling,471891411115,Road / Gravel,8
201959964843,men,MERGE,'24_Menu - Men,,,190,471891443883,Mountain,MERGE,COLLECTION,275600015531,mens-mountain-bike,,/collections/mens-mountain-bike,,,3
201959964843,men,MERGE,'24_Menu - Men,,,191,471895998635,Jerseys,MERGE,COLLECTION,303011070123,mens-mountain-bike-jerseys,,/collections/mens-mountain-bike-jerseys,471891443883,Mountain,1
201959964843,men,MERGE,'24_Menu - Men,,,192,471896031403,Shorts & Pants,MERGE,COLLECTION,276947828907,mens-mountain-bike-shorts-pants,,/collections/mens-mountain-bike-shorts-pants,471891443883,Mountain,2
201959964843,men,MERGE,'24_Menu - Men,,,193,471896064171,Jackets,MERGE,COLLECTION,303011266731,mens-mountain-bike-jackets,,/collections/mens-mountain-bike-jackets,471891443883,Mountain,3
201959964843,men,MERGE,'24_Menu - Men,,,194,471896162475,Gloves,MERGE,COLLECTION,303011463339,mens-mountain-bike-gloves,,/collections/mens-mountain-bike-gloves,471891443883,Mountain,4
201959964843,men,MERGE,'24_Menu - Men,,,195,471896195243,Shoes,MERGE,COLLECTION,303011594411,mens-mountain-bike-shoes,,/collections/mens-mountain-bike-shoes,471891443883,Mountain,5
201959964843,men,MERGE,'24_Menu - Men,,,196,471896228011,Protection,MERGE,COLLECTION,276957954219,cycling-protection,,/collections/cycling-protection,471891443883,Mountain,6
201959964843,men,MERGE,'24_Menu - Men,,,197,471896129707,Baselayers,MERGE,COLLECTION,275826147499,mens-cycling-baselayers,,/collections/mens-cycling-baselayers,471891443883,Mountain,7
201959964843,men,MERGE,'24_Menu - Men,,,198,477288792235,All Men's Mountain,MERGE,COLLECTION,275600015531,mens-mountain-bike,,/collections/mens-mountain-bike,471891443883,Mountain,8
201959964843,men,MERGE,'24_Menu - Men,,,199,471891509419,Cycling Accessories,MERGE,HTTP,,,,#,,,4
201959964843,men,MERGE,'24_Menu - Men,,,200,637719085421,Gloves,MERGE,COLLECTION,616119599469,mens-cycling-gloves,,/collections/mens-cycling-gloves,471891509419,Cycling Accessories,1
201959964843,men,MERGE,'24_Menu - Men,,,201,637719118189,Socks,MERGE,COLLECTION,616119697773,mens-cycling-socks,,/collections/mens-cycling-socks,471891509419,Cycling Accessories,2
201959964843,men,MERGE,'24_Menu - Men,,,202,637719150957,Shoes,MERGE,COLLECTION,616119533933,mens-cycling-shoes,,/collections/mens-cycling-shoes,471891509419,Cycling Accessories,3
201959964843,men,MERGE,'24_Menu - Men,,,203,471896850603,Shoe Covers,MERGE,COLLECTION,275826704555,mens-cycling-shoe-covers,,/collections/mens-cycling-shoe-covers,471891509419,Cycling Accessories,4
201959964843,men,MERGE,'24_Menu - Men,,,204,471896883371,Hats & Headbands,MERGE,COLLECTION,275826999467,mens-cycling-hats-headbands,,/collections/mens-cycling-hats-headbands,471891509419,Cycling Accessories,5
201959964843,men,MERGE,'24_Menu - Men,,,205,471896916139,Sun Sleeves & Warmers,MERGE,COLLECTION,616088535405,cycling-warmers-sun-sleeves,,/collections/cycling-warmers-sun-sleeves,471891509419,Cycling Accessories,6
298365845869,men-copy,MERGE,'24_Menu - Men (copy),,true,206,743119257965,Featuredddd,MERGE,HTTP,,,,#,,,1
298365845869,men-copy,MERGE,'24_Menu - Men (copy),,,207,743119323501,Best Sellers,MERGE,COLLECTION,277568979115,mens-best-sellers,,/collections/mens-best-sellers,743119257965,Featuredddd,1
298365845869,men-copy,MERGE,'24_Menu - Men (copy),,,208,743119356269,Brand Gear,MERGE,COLLECTION,616767258989,brand-love,,/collections/brand-love,743119257965,Featuredddd,2
298365845869,men-copy,MERGE,'24_Menu - Men (copy),,,209,743119389037,Gift Cards,MERGE,PRODUCT,7655732019371,pearl-izumi-gift-card,,/products/pearl-izumi-gift-card,743119257965,Featuredddd,3
298365845869,men-copy,MERGE,'24_Menu - Men (copy),,,210,743119421805,Clearance,MERGE,COLLECTION,277249589419,mens-clearance,,/collections/mens-clearance,743119257965,Featuredddd,4
298365845869,men-copy,MERGE,'24_Menu - Men (copy),,,211,743119454573,Road / Gravel,MERGE,COLLECTION,618976477549,mens-road-gravel-cycling,,/collections/mens-road-gravel-cycling,,,2
298365845869,men-copy,MERGE,'24_Menu - Men (copy),,,212,743119487341,Jerseys,MERGE,COLLECTION,618976379245,mens-road-gravel-cycling-jerseys,,/collections/mens-road-gravel-cycling-jerseys,743119454573,Road / Gravel,1
298365845869,men-copy,MERGE,'24_Menu - Men (copy),,,213,743119520109,Shorts & Bib Shorts,MERGE,COLLECTION,618942759277,mens-road-gravel-cycling-shorts-bib-shorts,,/collections/mens-road-gravel-cycling-shorts-bib-shorts,743119454573,Road / Gravel,2
298365845869,men-copy,MERGE,'24_Menu - Men (copy),,,214,743119552877,Jackets & Vests,MERGE,COLLECTION,618976510317,mens-road-gravel-cycling-jackets-vests,,/collections/mens-road-gravel-cycling-jackets-vests,743119454573,Road / Gravel,3
298365845869,men-copy,MERGE,'24_Menu - Men (copy),,,215,743119585645,Tights & Bib Tights,MERGE,COLLECTION,618976575853,mens-road-gravel-cycling-tights-bib-tights,,/collections/mens-road-gravel-cycling-tights-bib-tights,743119454573,Road / Gravel,4
298365845869,men-copy,MERGE,'24_Menu - Men (copy),,,216,743119618413,Baselayers,MERGE,COLLECTION,618978148717,mens-road-gravel-cycling-baselayers,,/collections/mens-road-gravel-cycling-baselayers,743119454573,Road / Gravel,5
298365845869,men-copy,MERGE,'24_Menu - Men (copy),,,217,743119651181,Gloves,MERGE,COLLECTION,618978181485,mens-road-gravel-cycling-gloves,,/collections/mens-road-gravel-cycling-gloves,743119454573,Road / Gravel,6
298365845869,men-copy,MERGE,'24_Menu - Men (copy),,,218,743119683949,Shoes,MERGE,COLLECTION,618978247021,mens-road-gravel-cycling-shoes,,/collections/mens-road-gravel-cycling-shoes,743119454573,Road / Gravel,7
298365845869,men-copy,MERGE,'24_Menu - Men (copy),,,219,743119716717,All Men's Road / Gravel,MERGE,COLLECTION,618976477549,mens-road-gravel-cycling,,/collections/mens-road-gravel-cycling,743119454573,Road / Gravel,8
298365845869,men-copy,MERGE,'24_Menu - Men (copy),,,220,743119749485,Mountain,MERGE,COLLECTION,275600015531,mens-mountain-bike,,/collections/mens-mountain-bike,,,3
298365845869,men-copy,MERGE,'24_Menu - Men (copy),,,221,743119782253,Jerseys,MERGE,COLLECTION,303011070123,mens-mountain-bike-jerseys,,/collections/mens-mountain-bike-jerseys,743119749485,Mountain,1
298365845869,men-copy,MERGE,'24_Menu - Men (copy),,,222,743119815021,Shorts & Pants,MERGE,COLLECTION,276947828907,mens-mountain-bike-shorts-pants,,/collections/mens-mountain-bike-shorts-pants,743119749485,Mountain,2
298365845869,men-copy,MERGE,'24_Menu - Men (copy),,,223,743119847789,Jackets,MERGE,COLLECTION,303011266731,mens-mountain-bike-jackets,,/collections/mens-mountain-bike-jackets,743119749485,Mountain,3
298365845869,men-copy,MERGE,'24_Menu - Men (copy),,,224,743119880557,Gloves,MERGE,COLLECTION,303011463339,mens-mountain-bike-gloves,,/collections/mens-mountain-bike-gloves,743119749485,Mountain,4
298365845869,men-copy,MERGE,'24_Menu - Men (copy),,,225,743119913325,Shoes,MERGE,COLLECTION,303011594411,mens-mountain-bike-shoes,,/collections/mens-mountain-bike-shoes,743119749485,Mountain,5
298365845869,men-copy,MERGE,'24_Menu - Men (copy),,,226,743119946093,Protection,MERGE,COLLECTION,276957954219,cycling-protection,,/collections/cycling-protection,743119749485,Mountain,6
298365845869,men-copy,MERGE,'24_Menu - Men (copy),,,227,743119978861,Baselayers,MERGE,COLLECTION,275826147499,mens-cycling-baselayers,,/collections/mens-cycling-baselayers,743119749485,Mountain,7
298365845869,men-copy,MERGE,'24_Menu - Men (copy),,,228,743120011629,All Men's Mountain,MERGE,COLLECTION,275600015531,mens-mountain-bike,,/collections/mens-mountain-bike,743119749485,Mountain,8
298365845869,men-copy,MERGE,'24_Menu - Men (copy),,,229,743120273773,Test 1,MERGE,COLLECTION,308570423467,all-shells,,/collections/all-shells,,,4
298365845869,men-copy,MERGE,'24_Menu - Men (copy),,,230,743121518957,all grandchildtem,MERGE,PRODUCT,7382468296875,amfib-lite-balaclava-14362206,,/products/amfib-lite-balaclava-14362206,743120273773,Test 1,1
298365845869,men-copy,MERGE,'24_Menu - Men (copy),,,231,753165304173,All of it,MERGE,BLOG,85133459627,blog,,/blogs/blog,743120273773,Test 1,2
298365845869,men-copy,MERGE,'24_Menu - Men (copy),,,232,753165336941,This is all,MERGE,COLLECTION,288495141035,all,,/collections/all,743120273773,Test 1,3
298365845869,men-copy,MERGE,'24_Menu - Men (copy),,,233,753165631853,This is also All,MERGE,CUSTOMER_ACCOUNT_PAGE,71152140653,orders,,https://shopify.com/51894059179/account/orders,743120273773,Test 1,4
298365845869,men-copy,MERGE,'24_Menu - Men (copy),,,234,743120044397,Cycling Accessories,MERGE,HTTP,,,,#,,,5
298365845869,men-copy,MERGE,'24_Menu - Men (copy),,,235,743120077165,Gloves,MERGE,COLLECTION,616119599469,mens-cycling-gloves,,/collections/mens-cycling-gloves,743120044397,Cycling Accessories,1
298365845869,men-copy,MERGE,'24_Menu - Men (copy),,,236,743120109933,Socks,MERGE,COLLECTION,616119697773,mens-cycling-socks,,/collections/mens-cycling-socks,743120044397,Cycling Accessories,2
298365845869,men-copy,MERGE,'24_Menu - Men (copy),,,237,743120142701,Shoes,MERGE,COLLECTION,616119533933,mens-cycling-shoes,,/collections/mens-cycling-shoes,743120044397,Cycling Accessories,3
298365845869,men-copy,MERGE,'24_Menu - Men (copy),,,238,743120175469,Shoe Covers,MERGE,COLLECTION,275826704555,mens-cycling-shoe-covers,,/collections/mens-cycling-shoe-covers,743120044397,Cycling Accessories,4
298365845869,men-copy,MERGE,'24_Menu - Men (copy),,,239,743120208237,Hats & Headbands,MERGE,COLLECTION,275826999467,mens-cycling-hats-headbands,,/collections/mens-cycling-hats-headbands,743120044397,Cycling Accessories,5
298365845869,men-copy,MERGE,'24_Menu - Men (copy),,,240,743120241005,Sun Sleeves & Warmers,MERGE,COLLECTION,616088535405,cycling-warmers-sun-sleeves,,/collections/cycling-warmers-sun-sleeves,743120044397,Cycling Accessories,6
298365845869,men-copy,MERGE,'24_Menu - Men (copy),,,241,743120306541,Test 2 ,MERGE,COLLECTION,615940358509,all-thermal-cycling-accessories,,/collections/all-thermal-cycling-accessories,,,6
298365845869,men-copy,MERGE,'24_Menu - Men (copy),,,242,743121584493,and anothher on,MERGE,PRODUCT,7382468460715,amfib-lite-skull-cap-14362205,,/products/amfib-lite-skull-cap-14362205,743120306541,Test 2 ,1
298365845869,men-copy,MERGE,'24_Menu - Men (copy),,,243,743121617261,dj kkhalddd,MERGE,PRODUCT,7382468427947,amfib-lite-shoe-covers-14382201,,/products/amfib-lite-shoe-covers-14382201,743120306541,Test 2 ,2
