ID,Handle,Command,Display Name,Status,Updated At,Definition: Handle,Definition: Name,Top Row,Row #,Field,Value
81643864235,blue-camo,MERGE,Blue Camo,,2024-07-09 23:54:57 -0600,shopify--color-pattern,Color,true,1,label,Blue Camo
81643864235,blue-camo,MERGE,Blue Camo,,2024-07-09 23:54:57 -0600,shopify--color-pattern,Color,,2,color,#005BD3
81643864235,blue-camo,MERGE,Blue Camo,,2024-07-09 23:54:57 -0600,shopify--color-pattern,Color,,3,image,
81643864235,blue-camo,MERGE,Blue Camo,,2024-07-09 23:54:57 -0600,shopify--color-pattern,Color,,4,color_taxonomy_reference,gid://shopify/TaxonomyValue/2
81643864235,blue-camo,MERGE,Blue Camo,,2024-07-09 23:54:57 -0600,shopify--color-pattern,Color,,5,pattern_taxonomy_reference,gid://shopify/TaxonomyValue/2874
80218292395,forest-green-heather,MERGE,Forest Green Heather,,2024-07-09 10:11:10 -0600,shopify--color-pattern,Color,true,6,label,Forest Green Heather
80218292395,forest-green-heather,MERGE,Forest Green Heather,,2024-07-09 10:11:10 -0600,shopify--color-pattern,Color,,7,color,#05AA3D
80218292395,forest-green-heather,MERGE,Forest Green Heather,,2024-07-09 10:11:10 -0600,shopify--color-pattern,Color,,8,image,
80218292395,forest-green-heather,MERGE,Forest Green Heather,,2024-07-09 10:11:10 -0600,shopify--color-pattern,Color,,9,color_taxonomy_reference,gid://shopify/TaxonomyValue/9
80218292395,forest-green-heather,MERGE,Forest Green Heather,,2024-07-09 10:11:10 -0600,shopify--color-pattern,Color,,10,pattern_taxonomy_reference,gid://shopify/TaxonomyValue/2874
204982255981,storm-green-breezy-blue,MERGE,Storm Green/Breezy Blue,,2024-12-19 12:48:32 -0700,shopify--color-pattern,Color,true,11,label,Storm Green/Breezy Blue
204982255981,storm-green-breezy-blue,MERGE,Storm Green/Breezy Blue,,2024-12-19 12:48:32 -0700,shopify--color-pattern,Color,,12,color,#005BD3
204982255981,storm-green-breezy-blue,MERGE,Storm Green/Breezy Blue,,2024-12-19 12:48:32 -0700,shopify--color-pattern,Color,,13,image,
204982255981,storm-green-breezy-blue,MERGE,Storm Green/Breezy Blue,,2024-12-19 12:48:32 -0700,shopify--color-pattern,Color,,14,color_taxonomy_reference,gid://shopify/TaxonomyValue/2
204982255981,storm-green-breezy-blue,MERGE,Storm Green/Breezy Blue,,2024-12-19 12:48:32 -0700,shopify--color-pattern,Color,,15,pattern_taxonomy_reference,gid://shopify/TaxonomyValue/2874
90401145003,peacoat,MERGE,Peacoat,,2024-08-08 15:59:20 -0600,shopify--color-pattern,Color,true,16,label,Peacoat
90401145003,peacoat,MERGE,Peacoat,,2024-08-08 15:59:20 -0600,shopify--color-pattern,Color,,17,color,
90401145003,peacoat,MERGE,Peacoat,,2024-08-08 15:59:20 -0600,shopify--color-pattern,Color,,18,image,
90401145003,peacoat,MERGE,Peacoat,,2024-08-08 15:59:20 -0600,shopify--color-pattern,Color,,19,color_taxonomy_reference,gid://shopify/TaxonomyValue/2
90401145003,peacoat,MERGE,Peacoat,,2024-08-08 15:59:20 -0600,shopify--color-pattern,Color,,20,pattern_taxonomy_reference,gid://shopify/TaxonomyValue/2874
81644191915,grey-mist-heather,MERGE,Grey Mist Heather,,2024-07-10 00:00:37 -0600,shopify--color-pattern,Color,true,21,label,Grey Mist Heather
81644191915,grey-mist-heather,MERGE,Grey Mist Heather,,2024-07-10 00:00:37 -0600,shopify--color-pattern,Color,,22,color,#808080
81644191915,grey-mist-heather,MERGE,Grey Mist Heather,,2024-07-10 00:00:37 -0600,shopify--color-pattern,Color,,23,image,
81644191915,grey-mist-heather,MERGE,Grey Mist Heather,,2024-07-10 00:00:37 -0600,shopify--color-pattern,Color,,24,color_taxonomy_reference,gid://shopify/TaxonomyValue/8
81644191915,grey-mist-heather,MERGE,Grey Mist Heather,,2024-07-10 00:00:37 -0600,shopify--color-pattern,Color,,25,pattern_taxonomy_reference,gid://shopify/TaxonomyValue/2874
87648207019,hi-vis-yellow-geo-print,MERGE,Hi Vis Yellow/Geo Print,,2024-07-12 13:12:02 -0600,shopify--color-pattern,Color,true,26,label,Hi Vis Yellow/Geo Print
87648207019,hi-vis-yellow-geo-print,MERGE,Hi Vis Yellow/Geo Print,,2024-07-12 13:12:02 -0600,shopify--color-pattern,Color,,27,color,#FFE500
87648207019,hi-vis-yellow-geo-print,MERGE,Hi Vis Yellow/Geo Print,,2024-07-12 13:12:02 -0600,shopify--color-pattern,Color,,28,image,
87648207019,hi-vis-yellow-geo-print,MERGE,Hi Vis Yellow/Geo Print,,2024-07-12 13:12:02 -0600,shopify--color-pattern,Color,,29,color_taxonomy_reference,gid://shopify/TaxonomyValue/14
87648207019,hi-vis-yellow-geo-print,MERGE,Hi Vis Yellow/Geo Print,,2024-07-12 13:12:02 -0600,shopify--color-pattern,Color,,30,pattern_taxonomy_reference,gid://shopify/TaxonomyValue/2874
72260550827,black,MERGE,Black,,2024-06-26 11:27:49 -0600,shopify--color-pattern,Color,true,31,label,Black
72260550827,black,MERGE,Black,,2024-06-26 11:27:49 -0600,shopify--color-pattern,Color,,32,color,#000000
72260550827,black,MERGE,Black,,2024-06-26 11:27:49 -0600,shopify--color-pattern,Color,,33,image,
72260550827,black,MERGE,Black,,2024-06-26 11:27:49 -0600,shopify--color-pattern,Color,,34,color_taxonomy_reference,gid://shopify/TaxonomyValue/1
72260550827,black,MERGE,Black,,2024-06-26 11:27:49 -0600,shopify--color-pattern,Color,,35,pattern_taxonomy_reference,gid://shopify/TaxonomyValue/2874
204982157677,ribbon-red-estate-blue,MERGE,Ribbon Red/Estate Blue,,2024-12-19 12:48:07 -0700,shopify--color-pattern,Color,true,36,label,Ribbon Red/Estate Blue
204982157677,ribbon-red-estate-blue,MERGE,Ribbon Red/Estate Blue,,2024-12-19 12:48:07 -0700,shopify--color-pattern,Color,,37,color,#F61F1F
204982157677,ribbon-red-estate-blue,MERGE,Ribbon Red/Estate Blue,,2024-12-19 12:48:07 -0700,shopify--color-pattern,Color,,38,image,
204982157677,ribbon-red-estate-blue,MERGE,Ribbon Red/Estate Blue,,2024-12-19 12:48:07 -0700,shopify--color-pattern,Color,,39,color_taxonomy_reference,gid://shopify/TaxonomyValue/13
204982157677,ribbon-red-estate-blue,MERGE,Ribbon Red/Estate Blue,,2024-12-19 12:48:07 -0700,shopify--color-pattern,Color,,40,pattern_taxonomy_reference,gid://shopify/TaxonomyValue/2874
201940959597,brown,MERGE,Brown,,2024-11-04 10:37:49 -0700,shopify--color-pattern,Color,true,41,label,Brown
201940959597,brown,MERGE,Brown,,2024-11-04 10:37:49 -0700,shopify--color-pattern,Color,,42,color,#9A5630
201940959597,brown,MERGE,Brown,,2024-11-04 10:37:49 -0700,shopify--color-pattern,Color,,43,image,
201940959597,brown,MERGE,Brown,,2024-11-04 10:37:49 -0700,shopify--color-pattern,Color,,44,color_taxonomy_reference,gid://shopify/TaxonomyValue/7
201940959597,brown,MERGE,Brown,,2024-11-04 10:37:49 -0700,shopify--color-pattern,Color,,45,pattern_taxonomy_reference,gid://shopify/TaxonomyValue/2874
80216359083,ribbon-red,MERGE,Ribbon Red,,2024-07-09 10:10:55 -0600,shopify--color-pattern,Color,true,46,label,Ribbon Red
80216359083,ribbon-red,MERGE,Ribbon Red,,2024-07-09 10:10:55 -0600,shopify--color-pattern,Color,,47,color,#F61F1F
80216359083,ribbon-red,MERGE,Ribbon Red,,2024-07-09 10:10:55 -0600,shopify--color-pattern,Color,,48,image,
80216359083,ribbon-red,MERGE,Ribbon Red,,2024-07-09 10:10:55 -0600,shopify--color-pattern,Color,,49,color_taxonomy_reference,gid://shopify/TaxonomyValue/13
80216359083,ribbon-red,MERGE,Ribbon Red,,2024-07-09 10:10:55 -0600,shopify--color-pattern,Color,,50,pattern_taxonomy_reference,gid://shopify/TaxonomyValue/2874
87648239787,black-geo-print,MERGE,Black/Geo Print,,2024-07-12 13:12:14 -0600,shopify--color-pattern,Color,true,51,label,Black/Geo Print
87648239787,black-geo-print,MERGE,Black/Geo Print,,2024-07-12 13:12:14 -0600,shopify--color-pattern,Color,,52,color,#000000
87648239787,black-geo-print,MERGE,Black/Geo Print,,2024-07-12 13:12:14 -0600,shopify--color-pattern,Color,,53,image,
87648239787,black-geo-print,MERGE,Black/Geo Print,,2024-07-12 13:12:14 -0600,shopify--color-pattern,Color,,54,color_taxonomy_reference,gid://shopify/TaxonomyValue/1
87648239787,black-geo-print,MERGE,Black/Geo Print,,2024-07-12 13:12:14 -0600,shopify--color-pattern,Color,,55,pattern_taxonomy_reference,gid://shopify/TaxonomyValue/2874
91381366955,monument-grey,MERGE,Monument Grey,,2024-08-14 13:49:20 -0600,shopify--color-pattern,Color,true,56,label,Monument Grey
91381366955,monument-grey,MERGE,Monument Grey,,2024-08-14 13:49:20 -0600,shopify--color-pattern,Color,,57,color,#808080
91381366955,monument-grey,MERGE,Monument Grey,,2024-08-14 13:49:20 -0600,shopify--color-pattern,Color,,58,image,
91381366955,monument-grey,MERGE,Monument Grey,,2024-08-14 13:49:20 -0600,shopify--color-pattern,Color,,59,color_taxonomy_reference,gid://shopify/TaxonomyValue/8
91381366955,monument-grey,MERGE,Monument Grey,,2024-08-14 13:49:20 -0600,shopify--color-pattern,Color,,60,pattern_taxonomy_reference,gid://shopify/TaxonomyValue/2874
72260616363,adults,MERGE,Adults,,2024-06-26 11:27:49 -0600,shopify--age-group,Age group,true,61,label,Adults
72260616363,adults,MERGE,Adults,,2024-06-26 11:27:49 -0600,shopify--age-group,Age group,,62,taxonomy_reference,gid://shopify/TaxonomyValue/2403
72260583595,unisex,MERGE,Unisex,,2024-06-26 11:27:49 -0600,shopify--target-gender,Target gender,true,63,label,Unisex
72260583595,unisex,MERGE,Unisex,,2024-06-26 11:27:49 -0600,shopify--target-gender,Target gender,,64,taxonomy_reference,gid://shopify/TaxonomyValue/20
80240083115,xl,MERGE,XL,,2024-07-09 10:13:02 -0600,shopify--size,Size,true,65,label,XL
80240083115,xl,MERGE,XL,,2024-07-09 10:13:02 -0600,shopify--size,Size,,66,taxonomy_reference,gid://shopify/TaxonomyValue/17090
80239919275,l,MERGE,L,,2024-07-09 10:13:02 -0600,shopify--size,Size,true,67,label,L
80239919275,l,MERGE,L,,2024-07-09 10:13:02 -0600,shopify--size,Size,,68,taxonomy_reference,gid://shopify/TaxonomyValue/17089
80240214187,xxl,MERGE,XXL,,2024-07-09 10:13:03 -0600,shopify--size,Size,true,69,label,XXL
80240214187,xxl,MERGE,XXL,,2024-07-09 10:13:03 -0600,shopify--size,Size,,70,taxonomy_reference,gid://shopify/TaxonomyValue/17091
80239591595,s,MERGE,S,,2024-07-09 10:13:01 -0600,shopify--size,Size,true,71,label,S
80239591595,s,MERGE,S,,2024-07-09 10:13:01 -0600,shopify--size,Size,,72,taxonomy_reference,gid://shopify/TaxonomyValue/17087
80239722667,m,MERGE,M,,2024-07-09 10:13:01 -0600,shopify--size,Size,true,73,label,M
80239722667,m,MERGE,M,,2024-07-09 10:13:01 -0600,shopify--size,Size,,74,taxonomy_reference,gid://shopify/TaxonomyValue/17088
242195693933,mens-insulated-jersey-collection-text-only,MERGE,Men's Road / Gravel Insulated Jersey Collection (Text Only),Active,2025-08-15 13:46:21 -0600,collection_sub_category,Collection Sub Category,true,75,entry_title,Men's Road / Gravel Insulated Jersey Collection (Text Only)
242195693933,mens-insulated-jersey-collection-text-only,MERGE,Men's Road / Gravel Insulated Jersey Collection (Text Only),Active,2025-08-15 13:46:21 -0600,collection_sub_category,Collection Sub Category,,76,title,Men's Insulated Jerseys
242195693933,mens-insulated-jersey-collection-text-only,MERGE,Men's Road / Gravel Insulated Jersey Collection (Text Only),Active,2025-08-15 13:46:21 -0600,collection_sub_category,Collection Sub Category,,77,image,
242195693933,mens-insulated-jersey-collection-text-only,MERGE,Men's Road / Gravel Insulated Jersey Collection (Text Only),Active,2025-08-15 13:46:21 -0600,collection_sub_category,Collection Sub Category,,78,url,https://www.pearlizumi.com/collections/mens-road-gravel-insulated-jerseys
237909016941,all-mens-collection-text-only,MERGE,All Men's Collection (Text Only),Active,2025-07-31 12:38:53 -0600,collection_sub_category,Collection Sub Category,true,79,entry_title,All Men's Collection (Text Only)
237909016941,all-mens-collection-text-only,MERGE,All Men's Collection (Text Only),Active,2025-07-31 12:38:53 -0600,collection_sub_category,Collection Sub Category,,80,title,Men's
237909016941,all-mens-collection-text-only,MERGE,All Men's Collection (Text Only),Active,2025-07-31 12:38:53 -0600,collection_sub_category,Collection Sub Category,,81,image,
237909016941,all-mens-collection-text-only,MERGE,All Men's Collection (Text Only),Active,2025-07-31 12:38:53 -0600,collection_sub_category,Collection Sub Category,,82,url,https://www.pearlizumi.com/collections/mens
242197070189,mens-road-gravel-shorts-collection-text-only,MERGE,Men's Road / Gravel Shorts Collection (Text Only),Active,2025-08-15 14:11:26 -0600,collection_sub_category,Collection Sub Category,true,83,entry_title,Men's Road / Gravel Shorts Collection (Text Only)
242197070189,mens-road-gravel-shorts-collection-text-only,MERGE,Men's Road / Gravel Shorts Collection (Text Only),Active,2025-08-15 14:11:26 -0600,collection_sub_category,Collection Sub Category,,84,title,Men's Shorts
242197070189,mens-road-gravel-shorts-collection-text-only,MERGE,Men's Road / Gravel Shorts Collection (Text Only),Active,2025-08-15 14:11:26 -0600,collection_sub_category,Collection Sub Category,,85,image,
242197070189,mens-road-gravel-shorts-collection-text-only,MERGE,Men's Road / Gravel Shorts Collection (Text Only),Active,2025-08-15 14:11:26 -0600,collection_sub_category,Collection Sub Category,,86,url,https://www.pearlizumi.com/collections/mens-road-gravel-cycling-shorts
238462697837,mens-mtb-rain-jackets-collection-text-only,MERGE,Men's MTB Rain Jackets Collection (Text Only),Active,2025-08-06 09:04:14 -0600,collection_sub_category,Collection Sub Category,true,87,entry_title,Men's MTB Rain Jackets Collection (Text Only)
238462697837,mens-mtb-rain-jackets-collection-text-only,MERGE,Men's MTB Rain Jackets Collection (Text Only),Active,2025-08-06 09:04:14 -0600,collection_sub_category,Collection Sub Category,,88,title,Men's MTB Rain Jackets
238462697837,mens-mtb-rain-jackets-collection-text-only,MERGE,Men's MTB Rain Jackets Collection (Text Only),Active,2025-08-06 09:04:14 -0600,collection_sub_category,Collection Sub Category,,89,image,
238462697837,mens-mtb-rain-jackets-collection-text-only,MERGE,Men's MTB Rain Jackets Collection (Text Only),Active,2025-08-06 09:04:14 -0600,collection_sub_category,Collection Sub Category,,90,url,https://www.pearlizumi.com/collections/mens-mountain-bike-rain-jackets
242198348141,mens-road-gravel-tights-without-chamois-filter-text-only-1,MERGE,Men's Road / Gravel Tights with Chamois Filter (Text Only),Active,2025-08-29 13:13:50 -0600,collection_sub_category,Collection Sub Category,true,91,entry_title,Men's Road / Gravel Tights with Chamois Filter (Text Only)
242198348141,mens-road-gravel-tights-without-chamois-filter-text-only-1,MERGE,Men's Road / Gravel Tights with Chamois Filter (Text Only),Active,2025-08-29 13:13:50 -0600,collection_sub_category,Collection Sub Category,,92,title,Tights with Chamois
242198348141,mens-road-gravel-tights-without-chamois-filter-text-only-1,MERGE,Men's Road / Gravel Tights with Chamois Filter (Text Only),Active,2025-08-29 13:13:50 -0600,collection_sub_category,Collection Sub Category,,93,image,
242198348141,mens-road-gravel-tights-without-chamois-filter-text-only-1,MERGE,Men's Road / Gravel Tights with Chamois Filter (Text Only),Active,2025-08-29 13:13:50 -0600,collection_sub_category,Collection Sub Category,,94,url,https://www.pearlizumi.com/collections/mens-road-gravel-cycling-tights-bib-tights#/filter:tags_chamois:SELECT$2520Levitate$2520Chamois/filter:tags_chamois:ELITE$2520Levitate$2520Chamois
237972226413,mens-shoes-collection-text-only,MERGE,Men's Shoes Collection (Text Only),Active,2025-08-01 08:38:23 -0600,collection_sub_category,Collection Sub Category,true,95,entry_title,Men's Shoes Collection (Text Only)
237972226413,mens-shoes-collection-text-only,MERGE,Men's Shoes Collection (Text Only),Active,2025-08-01 08:38:23 -0600,collection_sub_category,Collection Sub Category,,96,title,Men's Shoes
237972226413,mens-shoes-collection-text-only,MERGE,Men's Shoes Collection (Text Only),Active,2025-08-01 08:38:23 -0600,collection_sub_category,Collection Sub Category,,97,image,
237972226413,mens-shoes-collection-text-only,MERGE,Men's Shoes Collection (Text Only),Active,2025-08-01 08:38:23 -0600,collection_sub_category,Collection Sub Category,,98,url,https://www.pearlizumi.com/collections/mens-cycling-shoes
243268780397,womens-road-gravel-gloves-collection-text-only,MERGE,Women's Road / Gravel Gloves Collection (Text Only),Active,2025-08-19 14:16:19 -0600,collection_sub_category,Collection Sub Category,true,99,entry_title,Women's Road / Gravel Gloves Collection (Text Only)
243268780397,womens-road-gravel-gloves-collection-text-only,MERGE,Women's Road / Gravel Gloves Collection (Text Only),Active,2025-08-19 14:16:19 -0600,collection_sub_category,Collection Sub Category,,100,title,Women's Gloves
243268780397,womens-road-gravel-gloves-collection-text-only,MERGE,Women's Road / Gravel Gloves Collection (Text Only),Active,2025-08-19 14:16:19 -0600,collection_sub_category,Collection Sub Category,,101,image,
243268780397,womens-road-gravel-gloves-collection-text-only,MERGE,Women's Road / Gravel Gloves Collection (Text Only),Active,2025-08-19 14:16:19 -0600,collection_sub_category,Collection Sub Category,,102,url,https://www.pearlizumi.com/collections/womens-road-gravel-cycling-gloves
238468137325,mens-mtb-cold-weather-gloves-filtered-text-only,MERGE,Men's MTB Cold Weather Gloves Filtered (Text Only),Active,2025-08-19 09:46:21 -0600,collection_sub_category,Collection Sub Category,true,103,entry_title,Men's MTB Cold Weather Gloves Filtered (Text Only)
238468137325,mens-mtb-cold-weather-gloves-filtered-text-only,MERGE,Men's MTB Cold Weather Gloves Filtered (Text Only),Active,2025-08-19 09:46:21 -0600,collection_sub_category,Collection Sub Category,,104,title,Cold Weather MTB Gloves
238468137325,mens-mtb-cold-weather-gloves-filtered-text-only,MERGE,Men's MTB Cold Weather Gloves Filtered (Text Only),Active,2025-08-19 09:46:21 -0600,collection_sub_category,Collection Sub Category,,105,image,
238468137325,mens-mtb-cold-weather-gloves-filtered-text-only,MERGE,Men's MTB Cold Weather Gloves Filtered (Text Only),Active,2025-08-19 09:46:21 -0600,collection_sub_category,Collection Sub Category,,106,url,https://www.pearlizumi.com/collections/mens-mountain-bike-gloves#/filter:ss_techicon:Insulated
243520864621,womens-clearance-collection-text-only-1,MERGE,Women's Clearance Collection (Text Only),Active,2025-08-20 12:48:43 -0600,collection_sub_category,Collection Sub Category,true,107,entry_title,Women's Clearance Collection (Text Only)
243520864621,womens-clearance-collection-text-only-1,MERGE,Women's Clearance Collection (Text Only),Active,2025-08-20 12:48:43 -0600,collection_sub_category,Collection Sub Category,,108,title,Women's Clearance
243520864621,womens-clearance-collection-text-only-1,MERGE,Women's Clearance Collection (Text Only),Active,2025-08-20 12:48:43 -0600,collection_sub_category,Collection Sub Category,,109,image,
243520864621,womens-clearance-collection-text-only-1,MERGE,Women's Clearance Collection (Text Only),Active,2025-08-20 12:48:43 -0600,collection_sub_category,Collection Sub Category,,110,url,https://www.pearlizumi.com/collections/womens-clearance
243601211757,mens-road-gravel-short-finger-gloves-filter-text-only,MERGE,Men's Road / Gravel Short Finger Gloves Filter (Text Only),Active,2025-08-21 11:34:27 -0600,collection_sub_category,Collection Sub Category,true,111,entry_title,Men's Road / Gravel Short Finger Gloves Filter (Text Only)
243601211757,mens-road-gravel-short-finger-gloves-filter-text-only,MERGE,Men's Road / Gravel Short Finger Gloves Filter (Text Only),Active,2025-08-21 11:34:27 -0600,collection_sub_category,Collection Sub Category,,112,title,Fingerless Gloves
243601211757,mens-road-gravel-short-finger-gloves-filter-text-only,MERGE,Men's Road / Gravel Short Finger Gloves Filter (Text Only),Active,2025-08-21 11:34:27 -0600,collection_sub_category,Collection Sub Category,,113,image,
243601211757,mens-road-gravel-short-finger-gloves-filter-text-only,MERGE,Men's Road / Gravel Short Finger Gloves Filter (Text Only),Active,2025-08-21 11:34:27 -0600,collection_sub_category,Collection Sub Category,,114,url,https://www.pearlizumi.com/collections/mens-road-gravel-cycling-gloves#/filter:tags_sub_type:Short$2520Finger$2520Glove
242187043181,womens-jerseys-collection-text-only,MERGE,Women's Jerseys Collection (Text Only),Active,2025-08-15 11:36:32 -0600,collection_sub_category,Collection Sub Category,true,115,entry_title,Women's Jerseys Collection (Text Only)
242187043181,womens-jerseys-collection-text-only,MERGE,Women's Jerseys Collection (Text Only),Active,2025-08-15 11:36:32 -0600,collection_sub_category,Collection Sub Category,,116,title,Women's Jerseys
242187043181,womens-jerseys-collection-text-only,MERGE,Women's Jerseys Collection (Text Only),Active,2025-08-15 11:36:32 -0600,collection_sub_category,Collection Sub Category,,117,image,
242187043181,womens-jerseys-collection-text-only,MERGE,Women's Jerseys Collection (Text Only),Active,2025-08-15 11:36:32 -0600,collection_sub_category,Collection Sub Category,,118,url,https://www.pearlizumi.com/collections/womens-cycling-jerseys
243602653549,womens-mountain-bike-jerseys-collection-text-only,MERGE,Women's Mountain Bike Jerseys Collection (Text Only),Active,2025-08-21 11:51:05 -0600,collection_sub_category,Collection Sub Category,true,119,entry_title,Women's Mountain Bike Jerseys Collection (Text Only)
243602653549,womens-mountain-bike-jerseys-collection-text-only,MERGE,Women's Mountain Bike Jerseys Collection (Text Only),Active,2025-08-21 11:51:05 -0600,collection_sub_category,Collection Sub Category,,120,title,Women's MTB Jerseys
243602653549,womens-mountain-bike-jerseys-collection-text-only,MERGE,Women's Mountain Bike Jerseys Collection (Text Only),Active,2025-08-21 11:51:05 -0600,collection_sub_category,Collection Sub Category,,121,image,
243602653549,womens-mountain-bike-jerseys-collection-text-only,MERGE,Women's Mountain Bike Jerseys Collection (Text Only),Active,2025-08-21 11:51:05 -0600,collection_sub_category,Collection Sub Category,,122,url,https://www.pearlizumi.com/collections/womens-mountain-bike-jerseys
238365540717,mens-mtb-shell-shorts-collection-text-only,MERGE,Men's MTB Liner Shorts Collection (Text Only),Active,2025-08-05 17:36:53 -0600,collection_sub_category,Collection Sub Category,true,123,entry_title,Men's MTB Liner Shorts Collection (Text Only)
238365540717,mens-mtb-shell-shorts-collection-text-only,MERGE,Men's MTB Liner Shorts Collection (Text Only),Active,2025-08-05 17:36:53 -0600,collection_sub_category,Collection Sub Category,,124,title,Men's Liner Shorts
238365540717,mens-mtb-shell-shorts-collection-text-only,MERGE,Men's MTB Liner Shorts Collection (Text Only),Active,2025-08-05 17:36:53 -0600,collection_sub_category,Collection Sub Category,,125,image,
238365540717,mens-mtb-shell-shorts-collection-text-only,MERGE,Men's MTB Liner Shorts Collection (Text Only),Active,2025-08-05 17:36:53 -0600,collection_sub_category,Collection Sub Category,,126,url,https://www.pearlizumi.com/collections/mens-liner-shorts
243602751853,womens-mountain-bike-gloves-collection-text-only,MERGE,Women's Mountain Bike Gloves Collection (Text Only),Active,2025-08-21 11:52:36 -0600,collection_sub_category,Collection Sub Category,true,127,entry_title,Women's Mountain Bike Gloves Collection (Text Only)
243602751853,womens-mountain-bike-gloves-collection-text-only,MERGE,Women's Mountain Bike Gloves Collection (Text Only),Active,2025-08-21 11:52:36 -0600,collection_sub_category,Collection Sub Category,,128,title,Women's MTB Gloves
243602751853,womens-mountain-bike-gloves-collection-text-only,MERGE,Women's Mountain Bike Gloves Collection (Text Only),Active,2025-08-21 11:52:36 -0600,collection_sub_category,Collection Sub Category,,129,image,
243602751853,womens-mountain-bike-gloves-collection-text-only,MERGE,Women's Mountain Bike Gloves Collection (Text Only),Active,2025-08-21 11:52:36 -0600,collection_sub_category,Collection Sub Category,,130,url,https://www.pearlizumi.com/collections/womens-mountain-bike-gloves
242187501933,womens-shoes-collection-text-only,MERGE,Women's Shoes Collection (Text Only),Active,2025-08-15 11:38:54 -0600,collection_sub_category,Collection Sub Category,true,131,entry_title,Women's Shoes Collection (Text Only)
242187501933,womens-shoes-collection-text-only,MERGE,Women's Shoes Collection (Text Only),Active,2025-08-15 11:38:54 -0600,collection_sub_category,Collection Sub Category,,132,title,Women's Shoes
242187501933,womens-shoes-collection-text-only,MERGE,Women's Shoes Collection (Text Only),Active,2025-08-15 11:38:54 -0600,collection_sub_category,Collection Sub Category,,133,image,
242187501933,womens-shoes-collection-text-only,MERGE,Women's Shoes Collection (Text Only),Active,2025-08-15 11:38:54 -0600,collection_sub_category,Collection Sub Category,,134,url,https://www.pearlizumi.com/collections/womens-cycling-shoes
242195628397,mens-jerseys-collection-text-only,MERGE,Men's Road / Gravel Sun Protection Jerseys Collection (Text Only),Active,2025-08-19 09:13:01 -0600,collection_sub_category,Collection Sub Category,true,135,entry_title,Men's Road / Gravel Sun Protection Jerseys Collection (Text Only)
242195628397,mens-jerseys-collection-text-only,MERGE,Men's Road / Gravel Sun Protection Jerseys Collection (Text Only),Active,2025-08-19 09:13:01 -0600,collection_sub_category,Collection Sub Category,,136,title,Men's Sun Protection Jerseys
242195628397,mens-jerseys-collection-text-only,MERGE,Men's Road / Gravel Sun Protection Jerseys Collection (Text Only),Active,2025-08-19 09:13:01 -0600,collection_sub_category,Collection Sub Category,,137,image,
242195628397,mens-jerseys-collection-text-only,MERGE,Men's Road / Gravel Sun Protection Jerseys Collection (Text Only),Active,2025-08-19 09:13:01 -0600,collection_sub_category,Collection Sub Category,,138,url,https://www.pearlizumi.com/collections/mens-road-gravel-sun-protection-jerseys
238365802861,mens-mtb-shell-shorts-collection-text-only-1,MERGE,Men's MTB Shell Shorts Collection (Text Only),Active,2025-08-05 17:21:32 -0600,collection_sub_category,Collection Sub Category,true,139,entry_title,Men's MTB Shell Shorts Collection (Text Only)
238365802861,mens-mtb-shell-shorts-collection-text-only-1,MERGE,Men's MTB Shell Shorts Collection (Text Only),Active,2025-08-05 17:21:32 -0600,collection_sub_category,Collection Sub Category,,140,title,Men's Shell Shorts
238365802861,mens-mtb-shell-shorts-collection-text-only-1,MERGE,Men's MTB Shell Shorts Collection (Text Only),Active,2025-08-05 17:21:32 -0600,collection_sub_category,Collection Sub Category,,141,image,
238365802861,mens-mtb-shell-shorts-collection-text-only-1,MERGE,Men's MTB Shell Shorts Collection (Text Only),Active,2025-08-05 17:21:32 -0600,collection_sub_category,Collection Sub Category,,142,url,https://www.pearlizumi.com/collections/mens-shell-shorts
238462501229,mens-mtb-jackets-text-only,MERGE,Men's MTB Jackets (Text Only),Active,2025-08-06 09:00:58 -0600,collection_sub_category,Collection Sub Category,true,143,entry_title,Men's MTB Jackets (Text Only)
238462501229,mens-mtb-jackets-text-only,MERGE,Men's MTB Jackets (Text Only),Active,2025-08-06 09:00:58 -0600,collection_sub_category,Collection Sub Category,,144,title,Men's Mountain Bike Jackets
238462501229,mens-mtb-jackets-text-only,MERGE,Men's MTB Jackets (Text Only),Active,2025-08-06 09:00:58 -0600,collection_sub_category,Collection Sub Category,,145,image,
238462501229,mens-mtb-jackets-text-only,MERGE,Men's MTB Jackets (Text Only),Active,2025-08-06 09:00:58 -0600,collection_sub_category,Collection Sub Category,,146,url,https://www.pearlizumi.com/collections/mens-mountain-bike-jackets
242198315373,mens-road-gravel-tights-without-chamois-filter-text-only,MERGE,Men's Road / Gravel Tights without Chamois Filter (Text Only),Active,2025-08-29 13:13:58 -0600,collection_sub_category,Collection Sub Category,true,147,entry_title,Men's Road / Gravel Tights without Chamois Filter (Text Only)
242198315373,mens-road-gravel-tights-without-chamois-filter-text-only,MERGE,Men's Road / Gravel Tights without Chamois Filter (Text Only),Active,2025-08-29 13:13:58 -0600,collection_sub_category,Collection Sub Category,,148,title,Tights without Chamois
242198315373,mens-road-gravel-tights-without-chamois-filter-text-only,MERGE,Men's Road / Gravel Tights without Chamois Filter (Text Only),Active,2025-08-29 13:13:58 -0600,collection_sub_category,Collection Sub Category,,149,image,
242198315373,mens-road-gravel-tights-without-chamois-filter-text-only,MERGE,Men's Road / Gravel Tights without Chamois Filter (Text Only),Active,2025-08-29 13:13:58 -0600,collection_sub_category,Collection Sub Category,,150,url,https://www.pearlizumi.com/collections/mens-road-gravel-cycling-tights-bib-tights#/filter:tags_chamois:No$2520Chamois
243268616557,womens-road-gravel-jerseys-collection-text-only,MERGE,Women's Road / Gravel Jerseys Collection (Text Only),Active,2025-08-19 14:15:32 -0600,collection_sub_category,Collection Sub Category,true,151,entry_title,Women's Road / Gravel Jerseys Collection (Text Only)
243268616557,womens-road-gravel-jerseys-collection-text-only,MERGE,Women's Road / Gravel Jerseys Collection (Text Only),Active,2025-08-19 14:15:32 -0600,collection_sub_category,Collection Sub Category,,152,title,Women's Jerseys
243268616557,womens-road-gravel-jerseys-collection-text-only,MERGE,Women's Road / Gravel Jerseys Collection (Text Only),Active,2025-08-19 14:15:32 -0600,collection_sub_category,Collection Sub Category,,153,image,
243268616557,womens-road-gravel-jerseys-collection-text-only,MERGE,Women's Road / Gravel Jerseys Collection (Text Only),Active,2025-08-19 14:15:32 -0600,collection_sub_category,Collection Sub Category,,154,url,https://www.pearlizumi.com/collections/womens-road-gravel-cycling-jerseys
237909180781,all-womens-collection-text-only,MERGE,All Women's Collection (Text Only),Active,2025-07-31 12:41:42 -0600,collection_sub_category,Collection Sub Category,true,155,entry_title,All Women's Collection (Text Only)
237909180781,all-womens-collection-text-only,MERGE,All Women's Collection (Text Only),Active,2025-07-31 12:41:42 -0600,collection_sub_category,Collection Sub Category,,156,title,Women's
237909180781,all-womens-collection-text-only,MERGE,All Women's Collection (Text Only),Active,2025-07-31 12:41:42 -0600,collection_sub_category,Collection Sub Category,,157,image,
237909180781,all-womens-collection-text-only,MERGE,All Women's Collection (Text Only),Active,2025-07-31 12:41:42 -0600,collection_sub_category,Collection Sub Category,,158,url,https://www.pearlizumi.com/collections/womens
238360199533,mens-mtb-jerseys-collection-text-only,MERGE,Men's MTB Jerseys Collection (Text Only),Active,2025-08-05 16:07:34 -0600,collection_sub_category,Collection Sub Category,true,159,entry_title,Men's MTB Jerseys Collection (Text Only)
238360199533,mens-mtb-jerseys-collection-text-only,MERGE,Men's MTB Jerseys Collection (Text Only),Active,2025-08-05 16:07:34 -0600,collection_sub_category,Collection Sub Category,,160,title,Men's MTB Jerseys
238360199533,mens-mtb-jerseys-collection-text-only,MERGE,Men's MTB Jerseys Collection (Text Only),Active,2025-08-05 16:07:34 -0600,collection_sub_category,Collection Sub Category,,161,image,
238360199533,mens-mtb-jerseys-collection-text-only,MERGE,Men's MTB Jerseys Collection (Text Only),Active,2025-08-05 16:07:34 -0600,collection_sub_category,Collection Sub Category,,162,url,https://www.pearlizumi.com/collections/mens-mountain-bike-jerseys
243599966573,warmers-collection-text-only,MERGE,Warmers Collection (Text Only),Active,2025-08-21 11:12:42 -0600,collection_sub_category,Collection Sub Category,true,163,entry_title,Warmers Collection (Text Only)
243599966573,warmers-collection-text-only,MERGE,Warmers Collection (Text Only),Active,2025-08-21 11:12:42 -0600,collection_sub_category,Collection Sub Category,,164,title,Warmers
243599966573,warmers-collection-text-only,MERGE,Warmers Collection (Text Only),Active,2025-08-21 11:12:42 -0600,collection_sub_category,Collection Sub Category,,165,image,
243599966573,warmers-collection-text-only,MERGE,Warmers Collection (Text Only),Active,2025-08-21 11:12:42 -0600,collection_sub_category,Collection Sub Category,,166,url,https://www.pearlizumi.com/collections/cycling-warmers
238360461677,mens-mtb-shorts-pants-collection-text-only,MERGE,Men's MTB Shorts & Pants Collection (Text Only),Active,2025-08-05 16:08:27 -0600,collection_sub_category,Collection Sub Category,true,167,entry_title,Men's MTB Shorts & Pants Collection (Text Only)
238360461677,mens-mtb-shorts-pants-collection-text-only,MERGE,Men's MTB Shorts & Pants Collection (Text Only),Active,2025-08-05 16:08:27 -0600,collection_sub_category,Collection Sub Category,,168,title,Men's MTB Bottoms
238360461677,mens-mtb-shorts-pants-collection-text-only,MERGE,Men's MTB Shorts & Pants Collection (Text Only),Active,2025-08-05 16:08:27 -0600,collection_sub_category,Collection Sub Category,,169,image,
238360461677,mens-mtb-shorts-pants-collection-text-only,MERGE,Men's MTB Shorts & Pants Collection (Text Only),Active,2025-08-05 16:08:27 -0600,collection_sub_category,Collection Sub Category,,170,url,https://www.pearlizumi.com/collections/mens-mountain-bike-shorts-pants
237971997037,mens-shorts-bibs-collection-text-only,MERGE,Men's Shorts & Bibs Collection (Text Only),Active,2025-08-01 08:35:13 -0600,collection_sub_category,Collection Sub Category,true,171,entry_title,Men's Shorts & Bibs Collection (Text Only)
237971997037,mens-shorts-bibs-collection-text-only,MERGE,Men's Shorts & Bibs Collection (Text Only),Active,2025-08-01 08:35:13 -0600,collection_sub_category,Collection Sub Category,,172,title,Men's Shorts & Bibs
237971997037,mens-shorts-bibs-collection-text-only,MERGE,Men's Shorts & Bibs Collection (Text Only),Active,2025-08-01 08:35:13 -0600,collection_sub_category,Collection Sub Category,,173,image,
237971997037,mens-shorts-bibs-collection-text-only,MERGE,Men's Shorts & Bibs Collection (Text Only),Active,2025-08-01 08:35:13 -0600,collection_sub_category,Collection Sub Category,,174,url,https://www.pearlizumi.com/collections/mens-cycling-shorts-bib-shorts
243601310061,mens-road-gravel-full-finger-gloves-filter-text-only,MERGE,Men's Road / Gravel Full Finger Gloves Filter (Text Only),Active,2025-08-21 11:35:02 -0600,collection_sub_category,Collection Sub Category,true,175,entry_title,Men's Road / Gravel Full Finger Gloves Filter (Text Only)
243601310061,mens-road-gravel-full-finger-gloves-filter-text-only,MERGE,Men's Road / Gravel Full Finger Gloves Filter (Text Only),Active,2025-08-21 11:35:02 -0600,collection_sub_category,Collection Sub Category,,176,title,Full Finger Gloves
243601310061,mens-road-gravel-full-finger-gloves-filter-text-only,MERGE,Men's Road / Gravel Full Finger Gloves Filter (Text Only),Active,2025-08-21 11:35:02 -0600,collection_sub_category,Collection Sub Category,,177,image,
243601310061,mens-road-gravel-full-finger-gloves-filter-text-only,MERGE,Men's Road / Gravel Full Finger Gloves Filter (Text Only),Active,2025-08-21 11:35:02 -0600,collection_sub_category,Collection Sub Category,,178,url,https://www.pearlizumi.com/collections/mens-road-gravel-cycling-gloves#/filter:tags_sub_type:Full$2520Finger$2520Glove
243602030957,mens-cycling-gloves-collection-text-only,MERGE,Men's Cycling Gloves Collection (Text Only),Active,2025-08-21 11:42:38 -0600,collection_sub_category,Collection Sub Category,true,179,entry_title,Men's Cycling Gloves Collection (Text Only)
243602030957,mens-cycling-gloves-collection-text-only,MERGE,Men's Cycling Gloves Collection (Text Only),Active,2025-08-21 11:42:38 -0600,collection_sub_category,Collection Sub Category,,180,title,Men's Gloves
243602030957,mens-cycling-gloves-collection-text-only,MERGE,Men's Cycling Gloves Collection (Text Only),Active,2025-08-21 11:42:38 -0600,collection_sub_category,Collection Sub Category,,181,image,
243602030957,mens-cycling-gloves-collection-text-only,MERGE,Men's Cycling Gloves Collection (Text Only),Active,2025-08-21 11:42:38 -0600,collection_sub_category,Collection Sub Category,,182,url,https://www.pearlizumi.com/collections/mens-cycling-gloves
243602227565,womens-road-gravel-bib-shorts-collection-text-only,MERGE,Women's Road / Gravel Bib Shorts Collection (Text Only),Active,2025-08-21 11:47:00 -0600,collection_sub_category,Collection Sub Category,true,183,entry_title,Women's Road / Gravel Bib Shorts Collection (Text Only)
243602227565,womens-road-gravel-bib-shorts-collection-text-only,MERGE,Women's Road / Gravel Bib Shorts Collection (Text Only),Active,2025-08-21 11:47:00 -0600,collection_sub_category,Collection Sub Category,,184,title,Women's Bib Shorts
243602227565,womens-road-gravel-bib-shorts-collection-text-only,MERGE,Women's Road / Gravel Bib Shorts Collection (Text Only),Active,2025-08-21 11:47:00 -0600,collection_sub_category,Collection Sub Category,,185,image,
243602227565,womens-road-gravel-bib-shorts-collection-text-only,MERGE,Women's Road / Gravel Bib Shorts Collection (Text Only),Active,2025-08-21 11:47:00 -0600,collection_sub_category,Collection Sub Category,,186,url,https://www.pearlizumi.com/collections/womens-road-gravel-cycling-bib-shorts
242187272557,womens-shorts-bib-shorts-collection-text-only,MERGE,Women's Shorts & Bib Shorts Collection (Text Only),Active,2025-08-15 11:37:13 -0600,collection_sub_category,Collection Sub Category,true,187,entry_title,Women's Shorts & Bib Shorts Collection (Text Only)
242187272557,womens-shorts-bib-shorts-collection-text-only,MERGE,Women's Shorts & Bib Shorts Collection (Text Only),Active,2025-08-15 11:37:13 -0600,collection_sub_category,Collection Sub Category,,188,title,Women's Shorts & Bibs
242187272557,womens-shorts-bib-shorts-collection-text-only,MERGE,Women's Shorts & Bib Shorts Collection (Text Only),Active,2025-08-15 11:37:13 -0600,collection_sub_category,Collection Sub Category,,189,image,
242187272557,womens-shorts-bib-shorts-collection-text-only,MERGE,Women's Shorts & Bib Shorts Collection (Text Only),Active,2025-08-15 11:37:13 -0600,collection_sub_category,Collection Sub Category,,190,url,https://www.pearlizumi.com/collections/womens-cycling-shorts-bib-shorts-skirts
242187436397,womens-gloves-collection-text-only,MERGE,Women's Gloves Collection (Text Only),Active,2025-08-15 11:38:20 -0600,collection_sub_category,Collection Sub Category,true,191,entry_title,Women's Gloves Collection (Text Only)
242187436397,womens-gloves-collection-text-only,MERGE,Women's Gloves Collection (Text Only),Active,2025-08-15 11:38:20 -0600,collection_sub_category,Collection Sub Category,,192,title,Women's Gloves
242187436397,womens-gloves-collection-text-only,MERGE,Women's Gloves Collection (Text Only),Active,2025-08-15 11:38:20 -0600,collection_sub_category,Collection Sub Category,,193,image,
242187436397,womens-gloves-collection-text-only,MERGE,Women's Gloves Collection (Text Only),Active,2025-08-15 11:38:20 -0600,collection_sub_category,Collection Sub Category,,194,url,https://www.pearlizumi.com/collections/womens-cycling-gloves
244863336813,womens-new-arrivals-text-only,MERGE,Women's New Arrivals (Text Only),Active,2025-09-03 11:37:19 -0600,collection_sub_category,Collection Sub Category,true,195,entry_title,Women's New Arrivals (Text Only)
244863336813,womens-new-arrivals-text-only,MERGE,Women's New Arrivals (Text Only),Active,2025-09-03 11:37:19 -0600,collection_sub_category,Collection Sub Category,,196,title,Women's New Arrivals
244863336813,womens-new-arrivals-text-only,MERGE,Women's New Arrivals (Text Only),Active,2025-09-03 11:37:19 -0600,collection_sub_category,Collection Sub Category,,197,image,
244863336813,womens-new-arrivals-text-only,MERGE,Women's New Arrivals (Text Only),Active,2025-09-03 11:37:19 -0600,collection_sub_category,Collection Sub Category,,198,url,https://www.pearlizumi.com/collections/womens-new-arrivals
242195792237,mens-road-gravel-jerseys-collection-text-only,MERGE,Men's Road / Gravel Jerseys Collection (Text Only),Active,2025-08-15 13:47:06 -0600,collection_sub_category,Collection Sub Category,true,199,entry_title,Men's Road / Gravel Jerseys Collection (Text Only)
242195792237,mens-road-gravel-jerseys-collection-text-only,MERGE,Men's Road / Gravel Jerseys Collection (Text Only),Active,2025-08-15 13:47:06 -0600,collection_sub_category,Collection Sub Category,,200,title,Men's Jerseys
242195792237,mens-road-gravel-jerseys-collection-text-only,MERGE,Men's Road / Gravel Jerseys Collection (Text Only),Active,2025-08-15 13:47:06 -0600,collection_sub_category,Collection Sub Category,,201,image,
242195792237,mens-road-gravel-jerseys-collection-text-only,MERGE,Men's Road / Gravel Jerseys Collection (Text Only),Active,2025-08-15 13:47:06 -0600,collection_sub_category,Collection Sub Category,,202,url,https://www.pearlizumi.com/collections/mens-road-gravel-cycling-jerseys
242197135725,mens-road-gravel-bib-shorts-collection-text-only,MERGE,Men's Road / Gravel Bib Shorts Collection (Text Only),Active,2025-08-15 14:11:50 -0600,collection_sub_category,Collection Sub Category,true,203,entry_title,Men's Road / Gravel Bib Shorts Collection (Text Only)
242197135725,mens-road-gravel-bib-shorts-collection-text-only,MERGE,Men's Road / Gravel Bib Shorts Collection (Text Only),Active,2025-08-15 14:11:50 -0600,collection_sub_category,Collection Sub Category,,204,title,Men's Bib Shorts
242197135725,mens-road-gravel-bib-shorts-collection-text-only,MERGE,Men's Road / Gravel Bib Shorts Collection (Text Only),Active,2025-08-15 14:11:50 -0600,collection_sub_category,Collection Sub Category,,205,image,
242197135725,mens-road-gravel-bib-shorts-collection-text-only,MERGE,Men's Road / Gravel Bib Shorts Collection (Text Only),Active,2025-08-15 14:11:50 -0600,collection_sub_category,Collection Sub Category,,206,url,https://www.pearlizumi.com/collections/mens-road-gravel-cycling-bib-shorts
243268714861,womens-road-gravel-shorts-bibs-collection-text-only,MERGE,Women's Road / Gravel Shorts & Bibs Collection (Text Only),Active,2025-08-19 14:15:59 -0600,collection_sub_category,Collection Sub Category,true,207,entry_title,Women's Road / Gravel Shorts & Bibs Collection (Text Only)
243268714861,womens-road-gravel-shorts-bibs-collection-text-only,MERGE,Women's Road / Gravel Shorts & Bibs Collection (Text Only),Active,2025-08-19 14:15:59 -0600,collection_sub_category,Collection Sub Category,,208,title,Women's Shorts & Bibs
243268714861,womens-road-gravel-shorts-bibs-collection-text-only,MERGE,Women's Road / Gravel Shorts & Bibs Collection (Text Only),Active,2025-08-19 14:15:59 -0600,collection_sub_category,Collection Sub Category,,209,image,
243268714861,womens-road-gravel-shorts-bibs-collection-text-only,MERGE,Women's Road / Gravel Shorts & Bibs Collection (Text Only),Active,2025-08-19 14:15:59 -0600,collection_sub_category,Collection Sub Category,,210,url,https://www.pearlizumi.com/collections/womens-road-gravel-cycling-shorts-bib-shorts-skirts
243520831853,womens-clearance-collection-text-only,MERGE,Men's Clearance Collection (Text Only),Active,2025-08-20 12:48:22 -0600,collection_sub_category,Collection Sub Category,true,211,entry_title,Men's Clearance Collection (Text Only)
243520831853,womens-clearance-collection-text-only,MERGE,Men's Clearance Collection (Text Only),Active,2025-08-20 12:48:22 -0600,collection_sub_category,Collection Sub Category,,212,title,Men's Clearance
243520831853,womens-clearance-collection-text-only,MERGE,Men's Clearance Collection (Text Only),Active,2025-08-20 12:48:22 -0600,collection_sub_category,Collection Sub Category,,213,image,
243520831853,womens-clearance-collection-text-only,MERGE,Men's Clearance Collection (Text Only),Active,2025-08-20 12:48:22 -0600,collection_sub_category,Collection Sub Category,,214,url,https://www.pearlizumi.com/collections/mens-clearance
243601178989,mens-road-gravel-winter-gloves-filter-text-only,MERGE,Men's Road / Gravel Winter Gloves Filter (Text Only),Active,2025-08-21 11:33:43 -0600,collection_sub_category,Collection Sub Category,true,215,entry_title,Men's Road / Gravel Winter Gloves Filter (Text Only)
243601178989,mens-road-gravel-winter-gloves-filter-text-only,MERGE,Men's Road / Gravel Winter Gloves Filter (Text Only),Active,2025-08-21 11:33:43 -0600,collection_sub_category,Collection Sub Category,,216,title,Winter Gloves
243601178989,mens-road-gravel-winter-gloves-filter-text-only,MERGE,Men's Road / Gravel Winter Gloves Filter (Text Only),Active,2025-08-21 11:33:43 -0600,collection_sub_category,Collection Sub Category,,217,image,
243601178989,mens-road-gravel-winter-gloves-filter-text-only,MERGE,Men's Road / Gravel Winter Gloves Filter (Text Only),Active,2025-08-21 11:33:43 -0600,collection_sub_category,Collection Sub Category,,218,url,https://www.pearlizumi.com/collections/mens-road-gravel-cycling-gloves#/filter:tags_sub_type:Winter$2520Glove
243601834349,mens-cold-weather-cycling-gloves-collection-text-only,MERGE,Men's Cold Weather Cycling Gloves Collection (Text Only),Active,2025-08-21 11:41:23 -0600,collection_sub_category,Collection Sub Category,true,219,entry_title,Men's Cold Weather Cycling Gloves Collection (Text Only)
243601834349,mens-cold-weather-cycling-gloves-collection-text-only,MERGE,Men's Cold Weather Cycling Gloves Collection (Text Only),Active,2025-08-21 11:41:23 -0600,collection_sub_category,Collection Sub Category,,220,title,Men's Cold Weather Gloves
243601834349,mens-cold-weather-cycling-gloves-collection-text-only,MERGE,Men's Cold Weather Cycling Gloves Collection (Text Only),Active,2025-08-21 11:41:23 -0600,collection_sub_category,Collection Sub Category,,221,image,
243601834349,mens-cold-weather-cycling-gloves-collection-text-only,MERGE,Men's Cold Weather Cycling Gloves Collection (Text Only),Active,2025-08-21 11:41:23 -0600,collection_sub_category,Collection Sub Category,,222,url,https://www.pearlizumi.com/collections/mens-cold-weather-cycling-gloves
238360559981,mens-mtb-shoes-collection-text-only,MERGE,Men's MTB Shoes Collection (Text Only),Active,2025-08-05 16:09:57 -0600,collection_sub_category,Collection Sub Category,true,223,entry_title,Men's MTB Shoes Collection (Text Only)
238360559981,mens-mtb-shoes-collection-text-only,MERGE,Men's MTB Shoes Collection (Text Only),Active,2025-08-05 16:09:57 -0600,collection_sub_category,Collection Sub Category,,224,title,Men's MTB Shoes
238360559981,mens-mtb-shoes-collection-text-only,MERGE,Men's MTB Shoes Collection (Text Only),Active,2025-08-05 16:09:57 -0600,collection_sub_category,Collection Sub Category,,225,image,
238360559981,mens-mtb-shoes-collection-text-only,MERGE,Men's MTB Shoes Collection (Text Only),Active,2025-08-05 16:09:57 -0600,collection_sub_category,Collection Sub Category,,226,url,https://www.pearlizumi.com/collections/mens-mountain-bike-shoes
243602686317,womens-mountain-bike-bottoms-collection-text-only,MERGE,Women's Mountain Bike Bottoms Collection (Text Only),Active,2025-08-21 11:51:36 -0600,collection_sub_category,Collection Sub Category,true,227,entry_title,Women's Mountain Bike Bottoms Collection (Text Only)
243602686317,womens-mountain-bike-bottoms-collection-text-only,MERGE,Women's Mountain Bike Bottoms Collection (Text Only),Active,2025-08-21 11:51:36 -0600,collection_sub_category,Collection Sub Category,,228,title,Women's MTB Bottoms
243602686317,womens-mountain-bike-bottoms-collection-text-only,MERGE,Women's Mountain Bike Bottoms Collection (Text Only),Active,2025-08-21 11:51:36 -0600,collection_sub_category,Collection Sub Category,,229,image,
243602686317,womens-mountain-bike-bottoms-collection-text-only,MERGE,Women's Mountain Bike Bottoms Collection (Text Only),Active,2025-08-21 11:51:36 -0600,collection_sub_category,Collection Sub Category,,230,url,https://www.pearlizumi.com/collections/womens-mountain-bike-shorts-pants
244863271277,mens-new-arrivals-text-only,MERGE,Men's New Arrivals (Text Only),Active,2025-09-03 11:36:54 -0600,collection_sub_category,Collection Sub Category,true,231,entry_title,Men's New Arrivals (Text Only)
244863271277,mens-new-arrivals-text-only,MERGE,Men's New Arrivals (Text Only),Active,2025-09-03 11:36:54 -0600,collection_sub_category,Collection Sub Category,,232,title,Men's New Arrivals
244863271277,mens-new-arrivals-text-only,MERGE,Men's New Arrivals (Text Only),Active,2025-09-03 11:36:54 -0600,collection_sub_category,Collection Sub Category,,233,image,
244863271277,mens-new-arrivals-text-only,MERGE,Men's New Arrivals (Text Only),Active,2025-09-03 11:36:54 -0600,collection_sub_category,Collection Sub Category,,234,url,https://www.pearlizumi.com/collections/mens-new-arrivals
242196676973,mens-road-gravel-shorts-bib-shorts-collection-text-only,MERGE,Men's Road / Gravel Shorts & Bib Shorts Collection (Text Only),Active,2025-08-15 14:09:51 -0600,collection_sub_category,Collection Sub Category,true,235,entry_title,Men's Road / Gravel Shorts & Bib Shorts Collection (Text Only)
242196676973,mens-road-gravel-shorts-bib-shorts-collection-text-only,MERGE,Men's Road / Gravel Shorts & Bib Shorts Collection (Text Only),Active,2025-08-15 14:09:51 -0600,collection_sub_category,Collection Sub Category,,236,title,Men's Shorts & Bib Shorts
242196676973,mens-road-gravel-shorts-bib-shorts-collection-text-only,MERGE,Men's Road / Gravel Shorts & Bib Shorts Collection (Text Only),Active,2025-08-15 14:09:51 -0600,collection_sub_category,Collection Sub Category,,237,image,
242196676973,mens-road-gravel-shorts-bib-shorts-collection-text-only,MERGE,Men's Road / Gravel Shorts & Bib Shorts Collection (Text Only),Active,2025-08-15 14:09:51 -0600,collection_sub_category,Collection Sub Category,,238,url,https://www.pearlizumi.com/collections/mens-road-gravel-cycling-shorts-bib-shorts
238466957677,mens-mtb-wind-jackets-collection-text-only,MERGE,Men's MTB Wind Jackets Collection (Text Only),Active,2025-08-06 10:08:21 -0600,collection_sub_category,Collection Sub Category,true,239,entry_title,Men's MTB Wind Jackets Collection (Text Only)
238466957677,mens-mtb-wind-jackets-collection-text-only,MERGE,Men's MTB Wind Jackets Collection (Text Only),Active,2025-08-06 10:08:21 -0600,collection_sub_category,Collection Sub Category,,240,title,Men's MTB Wind Jackets
238466957677,mens-mtb-wind-jackets-collection-text-only,MERGE,Men's MTB Wind Jackets Collection (Text Only),Active,2025-08-06 10:08:21 -0600,collection_sub_category,Collection Sub Category,,241,image,
238466957677,mens-mtb-wind-jackets-collection-text-only,MERGE,Men's MTB Wind Jackets Collection (Text Only),Active,2025-08-06 10:08:21 -0600,collection_sub_category,Collection Sub Category,,242,url,https://www.pearlizumi.com/collections/mens-mountain-bike-wind-jackets
243601015149,mens-road-gravel-waterproof-outerwear-filter-text-only,MERGE,Men's Road / Gravel Waterproof Outerwear Filter (Text Only),Active,2025-08-21 11:31:07 -0600,collection_sub_category,Collection Sub Category,true,243,entry_title,Men's Road / Gravel Waterproof Outerwear Filter (Text Only)
243601015149,mens-road-gravel-waterproof-outerwear-filter-text-only,MERGE,Men's Road / Gravel Waterproof Outerwear Filter (Text Only),Active,2025-08-21 11:31:07 -0600,collection_sub_category,Collection Sub Category,,244,title,Waterproof Jackets
243601015149,mens-road-gravel-waterproof-outerwear-filter-text-only,MERGE,Men's Road / Gravel Waterproof Outerwear Filter (Text Only),Active,2025-08-21 11:31:07 -0600,collection_sub_category,Collection Sub Category,,245,image,
243601015149,mens-road-gravel-waterproof-outerwear-filter-text-only,MERGE,Men's Road / Gravel Waterproof Outerwear Filter (Text Only),Active,2025-08-21 11:31:07 -0600,collection_sub_category,Collection Sub Category,,246,url,https://www.pearlizumi.com/collections/mens-road-gravel-cycling-jackets-vests#/filter:ss_techicon:Waterproof
237972062573,mens-shorts-bibs-collection-text-only-1,MERGE,Men's Jerseys Collection (Text Only),Active,2025-08-05 16:06:29 -0600,collection_sub_category,Collection Sub Category,true,247,entry_title,Men's Jerseys Collection (Text Only)
237972062573,mens-shorts-bibs-collection-text-only-1,MERGE,Men's Jerseys Collection (Text Only),Active,2025-08-05 16:06:29 -0600,collection_sub_category,Collection Sub Category,,248,title,Men's Jerseys
237972062573,mens-shorts-bibs-collection-text-only-1,MERGE,Men's Jerseys Collection (Text Only),Active,2025-08-05 16:06:29 -0600,collection_sub_category,Collection Sub Category,,249,image,
237972062573,mens-shorts-bibs-collection-text-only-1,MERGE,Men's Jerseys Collection (Text Only),Active,2025-08-05 16:06:29 -0600,collection_sub_category,Collection Sub Category,,250,url,https://www.pearlizumi.com/collections/mens-cycling-jerseys
243602719085,womens-mountain-bike-shoes-collection-text-only,MERGE,Women's Mountain Bike Shoes Collection (Text Only),Active,2025-08-21 11:52:14 -0600,collection_sub_category,Collection Sub Category,true,251,entry_title,Women's Mountain Bike Shoes Collection (Text Only)
243602719085,womens-mountain-bike-shoes-collection-text-only,MERGE,Women's Mountain Bike Shoes Collection (Text Only),Active,2025-08-21 11:52:14 -0600,collection_sub_category,Collection Sub Category,,252,title,Women's MTB Shoes
243602719085,womens-mountain-bike-shoes-collection-text-only,MERGE,Women's Mountain Bike Shoes Collection (Text Only),Active,2025-08-21 11:52:14 -0600,collection_sub_category,Collection Sub Category,,253,image,
243602719085,womens-mountain-bike-shoes-collection-text-only,MERGE,Women's Mountain Bike Shoes Collection (Text Only),Active,2025-08-21 11:52:14 -0600,collection_sub_category,Collection Sub Category,,254,url,https://www.pearlizumi.com/collections/womens-mountain-bike-shoes
237972128109,mens-jackets-vests-collection-text-only,MERGE,Men's Jackets & Vests Collection (Text Only),Active,2025-08-01 08:37:15 -0600,collection_sub_category,Collection Sub Category,true,255,entry_title,Men's Jackets & Vests Collection (Text Only)
237972128109,mens-jackets-vests-collection-text-only,MERGE,Men's Jackets & Vests Collection (Text Only),Active,2025-08-01 08:37:15 -0600,collection_sub_category,Collection Sub Category,,256,title,Men's Jackets
237972128109,mens-jackets-vests-collection-text-only,MERGE,Men's Jackets & Vests Collection (Text Only),Active,2025-08-01 08:37:15 -0600,collection_sub_category,Collection Sub Category,,257,image,
237972128109,mens-jackets-vests-collection-text-only,MERGE,Men's Jackets & Vests Collection (Text Only),Active,2025-08-01 08:37:15 -0600,collection_sub_category,Collection Sub Category,,258,url,https://www.pearlizumi.com/collections/mens-cycling-jackets-vests
243600884077,mens-road-gravel-packable-outerwear-filter-text-only,MERGE,Men's Road / Gravel Packable Jackets Filter (Text Only),Active,2025-08-21 11:32:31 -0600,collection_sub_category,Collection Sub Category,true,259,entry_title,Men's Road / Gravel Packable Jackets Filter (Text Only)
243600884077,mens-road-gravel-packable-outerwear-filter-text-only,MERGE,Men's Road / Gravel Packable Jackets Filter (Text Only),Active,2025-08-21 11:32:31 -0600,collection_sub_category,Collection Sub Category,,260,title,Packable Jackets
243600884077,mens-road-gravel-packable-outerwear-filter-text-only,MERGE,Men's Road / Gravel Packable Jackets Filter (Text Only),Active,2025-08-21 11:32:31 -0600,collection_sub_category,Collection Sub Category,,261,image,
243600884077,mens-road-gravel-packable-outerwear-filter-text-only,MERGE,Men's Road / Gravel Packable Jackets Filter (Text Only),Active,2025-08-21 11:32:31 -0600,collection_sub_category,Collection Sub Category,,262,url,https://www.pearlizumi.com/collections/mens-road-gravel-cycling-jackets-vests#/filter:ss_techicon:Packable
238360527213,mens-mtb-gloves-collection-text-only,MERGE,Men's MTB Gloves Collection (Text Only),Active,2025-08-05 16:09:29 -0600,collection_sub_category,Collection Sub Category,true,263,entry_title,Men's MTB Gloves Collection (Text Only)
238360527213,mens-mtb-gloves-collection-text-only,MERGE,Men's MTB Gloves Collection (Text Only),Active,2025-08-05 16:09:29 -0600,collection_sub_category,Collection Sub Category,,264,title,Men's MTB Gloves
238360527213,mens-mtb-gloves-collection-text-only,MERGE,Men's MTB Gloves Collection (Text Only),Active,2025-08-05 16:09:29 -0600,collection_sub_category,Collection Sub Category,,265,image,
238360527213,mens-mtb-gloves-collection-text-only,MERGE,Men's MTB Gloves Collection (Text Only),Active,2025-08-05 16:09:29 -0600,collection_sub_category,Collection Sub Category,,266,url,https://www.pearlizumi.com/collections/mens-mountain-bike-gloves
243602358637,womens-road-gravel-bib-shorts-bib-shorts-collection-text-only,MERGE,Women's Road / Gravel Bib Shorts & Bib Shorts Collection (Text Only),Active,2025-08-21 11:48:29 -0600,collection_sub_category,Collection Sub Category,true,267,entry_title,Women's Road / Gravel Bib Shorts & Bib Shorts Collection (Text Only)
243602358637,womens-road-gravel-bib-shorts-bib-shorts-collection-text-only,MERGE,Women's Road / Gravel Bib Shorts & Bib Shorts Collection (Text Only),Active,2025-08-21 11:48:29 -0600,collection_sub_category,Collection Sub Category,,268,title,Women's Shorts & Bib Shorts
243602358637,womens-road-gravel-bib-shorts-bib-shorts-collection-text-only,MERGE,Women's Road / Gravel Bib Shorts & Bib Shorts Collection (Text Only),Active,2025-08-21 11:48:29 -0600,collection_sub_category,Collection Sub Category,,269,image,
243602358637,womens-road-gravel-bib-shorts-bib-shorts-collection-text-only,MERGE,Women's Road / Gravel Bib Shorts & Bib Shorts Collection (Text Only),Active,2025-08-21 11:48:29 -0600,collection_sub_category,Collection Sub Category,,270,url,https://www.pearlizumi.com/collections/womens-road-gravel-cycling-shorts-bib-shorts-skirts
238466990445,mens-mtb-insulated-jackets-text-only,MERGE,Men's MTB Insulated Jackets (Text Only),Active,2025-08-06 10:09:20 -0600,collection_sub_category,Collection Sub Category,true,271,entry_title,Men's MTB Insulated Jackets (Text Only)
238466990445,mens-mtb-insulated-jackets-text-only,MERGE,Men's MTB Insulated Jackets (Text Only),Active,2025-08-06 10:09:20 -0600,collection_sub_category,Collection Sub Category,,272,title,Men's MTB Insulated Jackets
238466990445,mens-mtb-insulated-jackets-text-only,MERGE,Men's MTB Insulated Jackets (Text Only),Active,2025-08-06 10:09:20 -0600,collection_sub_category,Collection Sub Category,,273,image,
238466990445,mens-mtb-insulated-jackets-text-only,MERGE,Men's MTB Insulated Jackets (Text Only),Active,2025-08-06 10:09:20 -0600,collection_sub_category,Collection Sub Category,,274,url,https://www.pearlizumi.com/collections/mens-mountain-bike-insulated-jackets
243600916845,mens-road-gravel-insulated-outerwear-filter-text-only,MERGE,Men's Road / Gravel Insulated Outerwear Filter (Text Only),Active,2025-08-21 11:30:24 -0600,collection_sub_category,Collection Sub Category,true,275,entry_title,Men's Road / Gravel Insulated Outerwear Filter (Text Only)
243600916845,mens-road-gravel-insulated-outerwear-filter-text-only,MERGE,Men's Road / Gravel Insulated Outerwear Filter (Text Only),Active,2025-08-21 11:30:24 -0600,collection_sub_category,Collection Sub Category,,276,title,Insulated Jackets
243600916845,mens-road-gravel-insulated-outerwear-filter-text-only,MERGE,Men's Road / Gravel Insulated Outerwear Filter (Text Only),Active,2025-08-21 11:30:24 -0600,collection_sub_category,Collection Sub Category,,277,image,
243600916845,mens-road-gravel-insulated-outerwear-filter-text-only,MERGE,Men's Road / Gravel Insulated Outerwear Filter (Text Only),Active,2025-08-21 11:30:24 -0600,collection_sub_category,Collection Sub Category,,278,url,https://www.pearlizumi.com/collections/mens-road-gravel-cycling-jackets-vests#/filter:ss_techicon:Insulated
243602162029,womens-road-gravel-shorts-collection-text-only,MERGE,Women's Road / Gravel Shorts Collection (Text Only),Active,2025-08-21 11:45:57 -0600,collection_sub_category,Collection Sub Category,true,279,entry_title,Women's Road / Gravel Shorts Collection (Text Only)
243602162029,womens-road-gravel-shorts-collection-text-only,MERGE,Women's Road / Gravel Shorts Collection (Text Only),Active,2025-08-21 11:45:57 -0600,collection_sub_category,Collection Sub Category,,280,title,Women's Shorts
243602162029,womens-road-gravel-shorts-collection-text-only,MERGE,Women's Road / Gravel Shorts Collection (Text Only),Active,2025-08-21 11:45:57 -0600,collection_sub_category,Collection Sub Category,,281,image,
243602162029,womens-road-gravel-shorts-collection-text-only,MERGE,Women's Road / Gravel Shorts Collection (Text Only),Active,2025-08-21 11:45:57 -0600,collection_sub_category,Collection Sub Category,,282,url,https://www.pearlizumi.com/collections/womens-road-gravel-cycling-shorts
238365704557,mens-mtb-pants-collection-text-only,MERGE,Men's MTB Pants Collection (Text Only),Active,2025-08-05 17:19:36 -0600,collection_sub_category,Collection Sub Category,true,283,entry_title,Men's MTB Pants Collection (Text Only)
238365704557,mens-mtb-pants-collection-text-only,MERGE,Men's MTB Pants Collection (Text Only),Active,2025-08-05 17:19:36 -0600,collection_sub_category,Collection Sub Category,,284,title,Men's Pants
238365704557,mens-mtb-pants-collection-text-only,MERGE,Men's MTB Pants Collection (Text Only),Active,2025-08-05 17:19:36 -0600,collection_sub_category,Collection Sub Category,,285,image,
238365704557,mens-mtb-pants-collection-text-only,MERGE,Men's MTB Pants Collection (Text Only),Active,2025-08-05 17:19:36 -0600,collection_sub_category,Collection Sub Category,,286,url,https://www.pearlizumi.com/collections/mens-mountain-bike-pants
243268911469,womens-road-gravel-gloves-collection-text-only-1,MERGE,Women's Road / Gravel Shoes Collection (Text Only),Active,2025-08-19 14:17:01 -0600,collection_sub_category,Collection Sub Category,true,287,entry_title,Women's Road / Gravel Shoes Collection (Text Only)
243268911469,womens-road-gravel-gloves-collection-text-only-1,MERGE,Women's Road / Gravel Shoes Collection (Text Only),Active,2025-08-19 14:17:01 -0600,collection_sub_category,Collection Sub Category,,288,title,Women's Shoes
243268911469,womens-road-gravel-gloves-collection-text-only-1,MERGE,Women's Road / Gravel Shoes Collection (Text Only),Active,2025-08-19 14:17:01 -0600,collection_sub_category,Collection Sub Category,,289,image,
243268911469,womens-road-gravel-gloves-collection-text-only-1,MERGE,Women's Road / Gravel Shoes Collection (Text Only),Active,2025-08-19 14:17:01 -0600,collection_sub_category,Collection Sub Category,,290,url,https://www.pearlizumi.com/collections/womens-road-gravel-cycling-shoes
237972193645,mens-gloves-collection-text-only,MERGE,Men's Gloves Collection (Text Only),Active,2025-08-01 08:37:50 -0600,collection_sub_category,Collection Sub Category,true,291,entry_title,Men's Gloves Collection (Text Only)
237972193645,mens-gloves-collection-text-only,MERGE,Men's Gloves Collection (Text Only),Active,2025-08-01 08:37:50 -0600,collection_sub_category,Collection Sub Category,,292,title,Men's Gloves
237972193645,mens-gloves-collection-text-only,MERGE,Men's Gloves Collection (Text Only),Active,2025-08-01 08:37:50 -0600,collection_sub_category,Collection Sub Category,,293,image,
237972193645,mens-gloves-collection-text-only,MERGE,Men's Gloves Collection (Text Only),Active,2025-08-01 08:37:50 -0600,collection_sub_category,Collection Sub Category,,294,url,https://www.pearlizumi.com/collections/mens-cycling-gloves
243599933805,sun-sleeves-collection-text-only,MERGE,Sun Sleeves Collection (Text Only),Active,2025-08-21 11:11:28 -0600,collection_sub_category,Collection Sub Category,true,295,entry_title,Sun Sleeves Collection (Text Only)
243599933805,sun-sleeves-collection-text-only,MERGE,Sun Sleeves Collection (Text Only),Active,2025-08-21 11:11:28 -0600,collection_sub_category,Collection Sub Category,,296,title,Sun Sleeves
243599933805,sun-sleeves-collection-text-only,MERGE,Sun Sleeves Collection (Text Only),Active,2025-08-21 11:11:28 -0600,collection_sub_category,Collection Sub Category,,297,image,
243599933805,sun-sleeves-collection-text-only,MERGE,Sun Sleeves Collection (Text Only),Active,2025-08-21 11:11:28 -0600,collection_sub_category,Collection Sub Category,,298,url,https://www.pearlizumi.com/collections/cycling-sun-sleeves
236629786989,shoes,MERGE,Collection Sub Category - New arrivals,Active,2025-07-23 13:08:45 -0600,collection_sub_category,Collection Sub Category,true,299,entry_title,Collection Sub Category - New arrivals
236629786989,shoes,MERGE,Collection Sub Category - New arrivals,Active,2025-07-23 13:08:45 -0600,collection_sub_category,Collection Sub Category,,300,title,Shoes
236629786989,shoes,MERGE,Collection Sub Category - New arrivals,Active,2025-07-23 13:08:45 -0600,collection_sub_category,Collection Sub Category,,301,image,vouh6eeijpyulfygbdyo2025-07-09.png
236629786989,shoes,MERGE,Collection Sub Category - New arrivals,Active,2025-07-23 13:08:45 -0600,collection_sub_category,Collection Sub Category,,302,url,https://www.pearlizumi.com/collections/mens#/filter:tags_sub_type:Shoe$2520(2-Bolt)
242049778029,sub-cat-mens-road-gravel-shorts-bibs-1,MERGE,SubCat - Men's Road / Gravel Jackets,Active,2025-08-13 17:02:31 -0600,collection_sub_category,Collection Sub Category,true,303,entry_title,SubCat - Men's Road / Gravel Jackets
242049778029,sub-cat-mens-road-gravel-shorts-bibs-1,MERGE,SubCat - Men's Road / Gravel Jackets,Active,2025-08-13 17:02:31 -0600,collection_sub_category,Collection Sub Category,,304,title,Men's Jackets
242049778029,sub-cat-mens-road-gravel-shorts-bibs-1,MERGE,SubCat - Men's Road / Gravel Jackets,Active,2025-08-13 17:02:31 -0600,collection_sub_category,Collection Sub Category,,305,image,BikePI-F24-Road-CO-07-3171x2626-c0823f8-min.jpg
242049778029,sub-cat-mens-road-gravel-shorts-bibs-1,MERGE,SubCat - Men's Road / Gravel Jackets,Active,2025-08-13 17:02:31 -0600,collection_sub_category,Collection Sub Category,,306,url,https://www.pearlizumi.com/collections/mens-road-gravel-cycling-jackets-vests
242049417581,sub-cat-mens-road-gravel-jerseys,MERGE,SubCat - Men's Road / Gravel Jerseys,Active,2025-08-13 16:47:36 -0600,collection_sub_category,Collection Sub Category,true,307,entry_title,SubCat - Men's Road / Gravel Jerseys
242049417581,sub-cat-mens-road-gravel-jerseys,MERGE,SubCat - Men's Road / Gravel Jerseys,Active,2025-08-13 16:47:36 -0600,collection_sub_category,Collection Sub Category,,308,title,Men's Jerseys
242049417581,sub-cat-mens-road-gravel-jerseys,MERGE,SubCat - Men's Road / Gravel Jerseys,Active,2025-08-13 16:47:36 -0600,collection_sub_category,Collection Sub Category,,309,image,BikePI-S25-Gravel-TU_441-2223x1841-413ecc6.webp
242049417581,sub-cat-mens-road-gravel-jerseys,MERGE,SubCat - Men's Road / Gravel Jerseys,Active,2025-08-13 16:47:36 -0600,collection_sub_category,Collection Sub Category,,310,url,https://www.pearlizumi.com/collections/mens-road-gravel-cycling-jerseys
242049843565,sub-cat-mens-road-gravel-shoes,MERGE,SubCat - Men's Road / Gravel Shoes,Active,2025-08-13 17:05:22 -0600,collection_sub_category,Collection Sub Category,true,311,entry_title,SubCat - Men's Road / Gravel Shoes
242049843565,sub-cat-mens-road-gravel-shoes,MERGE,SubCat - Men's Road / Gravel Shoes,Active,2025-08-13 17:05:22 -0600,collection_sub_category,Collection Sub Category,,312,title,Men's Shoes
242049843565,sub-cat-mens-road-gravel-shoes,MERGE,SubCat - Men's Road / Gravel Shoes,Active,2025-08-13 17:05:22 -0600,collection_sub_category,Collection Sub Category,,313,image,BikePI-S25-Gravel-TU_424-4371x3620-2400441-min.jpg
242049843565,sub-cat-mens-road-gravel-shoes,MERGE,SubCat - Men's Road / Gravel Shoes,Active,2025-08-13 17:05:22 -0600,collection_sub_category,Collection Sub Category,,314,url,https://www.pearlizumi.com/collections/mens-road-gravel-cycling-shoes
242049941869,sub-cat-mens-road-gravel-gloves,MERGE,SubCat - Men's Road / Gravel Gloves,Active,2025-08-13 17:08:11 -0600,collection_sub_category,Collection Sub Category,true,315,entry_title,SubCat - Men's Road / Gravel Gloves
242049941869,sub-cat-mens-road-gravel-gloves,MERGE,SubCat - Men's Road / Gravel Gloves,Active,2025-08-13 17:08:11 -0600,collection_sub_category,Collection Sub Category,,316,title,Men's Gloves
242049941869,sub-cat-mens-road-gravel-gloves,MERGE,SubCat - Men's Road / Gravel Gloves,Active,2025-08-13 17:08:11 -0600,collection_sub_category,Collection Sub Category,,317,image,BikePI-S25-Gravel-TU_285-4610x3818-800b2c3-min.jpg
242049941869,sub-cat-mens-road-gravel-gloves,MERGE,SubCat - Men's Road / Gravel Gloves,Active,2025-08-13 17:08:11 -0600,collection_sub_category,Collection Sub Category,,318,url,https://www.pearlizumi.com/collections/mens-road-gravel-cycling-gloves
236629819757,new-arrivals,MERGE,Collection Sub Category - New arrivals,Active,2025-07-22 12:23:55 -0600,collection_sub_category,Collection Sub Category,true,319,entry_title,Collection Sub Category - New arrivals
236629819757,new-arrivals,MERGE,Collection Sub Category - New arrivals,Active,2025-07-22 12:23:55 -0600,collection_sub_category,Collection Sub Category,,320,title,New Arrivals
236629819757,new-arrivals,MERGE,Collection Sub Category - New arrivals,Active,2025-07-22 12:23:55 -0600,collection_sub_category,Collection Sub Category,,321,image,summer_glove.avif
236629819757,new-arrivals,MERGE,Collection Sub Category - New arrivals,Active,2025-07-22 12:23:55 -0600,collection_sub_category,Collection Sub Category,,322,url,https://www.pearlizumi.com/collections/mens
242049974637,sub-cat-mens-road-gravel-gloves-1,MERGE,SubCat - Men's Road / Gravel Tights,Active,2025-08-13 17:11:10 -0600,collection_sub_category,Collection Sub Category,true,323,entry_title,SubCat - Men's Road / Gravel Tights
242049974637,sub-cat-mens-road-gravel-gloves-1,MERGE,SubCat - Men's Road / Gravel Tights,Active,2025-08-13 17:11:10 -0600,collection_sub_category,Collection Sub Category,,324,title,Men's Tights
242049974637,sub-cat-mens-road-gravel-gloves-1,MERGE,SubCat - Men's Road / Gravel Tights,Active,2025-08-13 17:11:10 -0600,collection_sub_category,Collection Sub Category,,325,image,BikePI-F24-Road-CO-319-2700x2236-913b2f3-min.jpg
242049974637,sub-cat-mens-road-gravel-gloves-1,MERGE,SubCat - Men's Road / Gravel Tights,Active,2025-08-13 17:11:10 -0600,collection_sub_category,Collection Sub Category,,326,url,https://www.pearlizumi.com/collections/mens-road-gravel-cycling-tights-bib-tights
236629688685,tops,MERGE,Collection Sub Category - New arrivals,Active,2025-07-22 12:24:08 -0600,collection_sub_category,Collection Sub Category,true,327,entry_title,Collection Sub Category - New arrivals
236629688685,tops,MERGE,Collection Sub Category - New arrivals,Active,2025-07-22 12:24:08 -0600,collection_sub_category,Collection Sub Category,,328,title,Tops
236629688685,tops,MERGE,Collection Sub Category - New arrivals,Active,2025-07-22 12:24:08 -0600,collection_sub_category,Collection Sub Category,,329,image,rmtcopd00kaqyb9i7ig62025-07-17.png
236629688685,tops,MERGE,Collection Sub Category - New arrivals,Active,2025-07-22 12:24:08 -0600,collection_sub_category,Collection Sub Category,,330,url,https://www.pearlizumi.com/collections/mens
242049712493,sub-cat-mens-road-gravel-shorts-bibs,MERGE,SubCat - Men's Road / Gravel Shorts & Bibs,Active,2025-08-13 16:58:30 -0600,collection_sub_category,Collection Sub Category,true,331,entry_title,SubCat - Men's Road / Gravel Shorts & Bibs
242049712493,sub-cat-mens-road-gravel-shorts-bibs,MERGE,SubCat - Men's Road / Gravel Shorts & Bibs,Active,2025-08-13 16:58:30 -0600,collection_sub_category,Collection Sub Category,,332,title,Men's Shorts & Bibs
242049712493,sub-cat-mens-road-gravel-shorts-bibs,MERGE,SubCat - Men's Road / Gravel Shorts & Bibs,Active,2025-08-13 16:58:30 -0600,collection_sub_category,Collection Sub Category,,333,image,BikePI-S25-Gravel-TU_431-5417x4486-8bf3d6c-min.jpg
242049712493,sub-cat-mens-road-gravel-shorts-bibs,MERGE,SubCat - Men's Road / Gravel Shorts & Bibs,Active,2025-08-13 16:58:30 -0600,collection_sub_category,Collection Sub Category,,334,url,https://www.pearlizumi.com/collections/mens-road-gravel-cycling-shorts-bib-shorts
236629721453,bottoms,MERGE,Collection Sub Category - New arrivals,Active,2025-07-22 12:24:19 -0600,collection_sub_category,Collection Sub Category,true,335,entry_title,Collection Sub Category - New arrivals
236629721453,bottoms,MERGE,Collection Sub Category - New arrivals,Active,2025-07-22 12:24:19 -0600,collection_sub_category,Collection Sub Category,,336,title,Bottoms
236629721453,bottoms,MERGE,Collection Sub Category - New arrivals,Active,2025-07-22 12:24:19 -0600,collection_sub_category,Collection Sub Category,,337,image,avicigpytcjnccrw7idwxkx7ou452gkk2025-07-17.jpg
236629721453,bottoms,MERGE,Collection Sub Category - New arrivals,Active,2025-07-22 12:24:19 -0600,collection_sub_category,Collection Sub Category,,338,url,https://www.pearlizumi.com/collections/mens
