{"type":"header","name":"Header","sections":{"announcement-bar":{"type":"announcement-bar","blocks":{"announcement-0":{"type":"text","settings":{"text":"<p>FREE SHIPPING ON ORDERS $45+<\/p>","text_color":"#000000","heading_highlight_type":"underline","highlight_color":"#000000","highlight_text_color":"#000000","icon_name":"none","icon_color":"","icon_width":20,"target_url_enabled":false,"target_url":"","target_referrer_enabled":false,"target_referrer":"","target_device_enabled":false,"target_device":"mobile"}},"text_kjCFgX":{"type":"text","settings":{"text":"<p>NEW SEASON. FRESH GEAR. <a href=\"\/collections\/bolt-lip-guard-collection\" target=\"_blank\" title=\"Bolt Lip Guard Collection\">SHOP THUNDER BOLT<\/a><\/p>","text_color":"","heading_highlight_type":"circle","highlight_color":"#d43747","highlight_text_color":"#000000","icon_name":"none","icon_color":"","icon_width":20,"target_url_enabled":false,"target_url":"","target_referrer_enabled":false,"target_referrer":"","target_device_enabled":false,"target_device":"mobile"}}},"block_order":["announcement-0","text_kjCFgX"],"settings":{"layout":"slider","show_top_border":false,"show_bottom_border":false,"padding":10,"slider_speed":7,"show_arrows":false,"marquee_speed":100,"direction":"ticker-ltr","text_caps":false,"type_style":"font-heading","text_size":100,"letter_spacing":0,"message_spacing":25,"bg_color":"#ff4400","gradient":"","color":"#ffffff","border_color":"#000000"}},"header":{"type":"header","blocks":{"image_AgNVeY":{"type":"image","settings":{"position":"2","image_second_menu":false,"image":"shopify:\/\/shop_images\/SD25_Ecomm_NAV_Flavored-MG_Option-1-min.png","aspect_ratio":1,"wide_image":false,"title":"Find the Right Mouthguard","heading_size":100,"link_text":"Fitting Guide","link":"shopify:\/\/pages\/mouthguard-fit-guide"}},"ab19c0db-63ca-4489-a211-693e66e76639":{"type":"image","settings":{"position":"2","image_second_menu":false,"image":"shopify:\/\/shop_images\/SD25_Ecomm_NAV_Flavored-MG_Option-2-min.png","aspect_ratio":1,"wide_image":false,"title":"NEW Jolly Rancher Mouthguards","heading_size":100,"link_text":"Flavor That Hits Hard","link":"shopify:\/\/collections\/jolly-rancher-mouthguard-and-lip-guards"}},"image_yfhkyX":{"type":"image","settings":{"position":"3","image_second_menu":false,"image":"shopify:\/\/shop_images\/SD25_Ecomm_NAV_CompressionCollection-min.png","aspect_ratio":1,"wide_image":false,"title":"Hockey Neck Guard Protective Gear","heading_size":100,"link_text":"Stay Protected","link":"https:\/\/www.shockdoctor.com\/collections\/hockey-compression-gear-cups"}},"image_8VKcWG":{"type":"image","settings":{"position":"3","image_second_menu":false,"image":"shopify:\/\/shop_images\/SD25_Ecomm_NAV_CupSize-min_785ef91a-a7ff-4836-bd52-1c69d5479522.png","aspect_ratio":1,"wide_image":false,"title":"Find the Perfect Cup Size","heading_size":100,"link_text":"Fitting Guide","link":"https:\/\/www.shockdoctor.com\/pages\/cup-fit-guide"}},"image_KFtnjh":{"type":"image","settings":{"position":"4","image_second_menu":false,"image":"shopify:\/\/shop_images\/SD25_Ecomm_NAV_KneeBrace-min.png","aspect_ratio":1,"wide_image":false,"title":"Levels of Support","heading_size":100,"link_text":"Find the Brace or Support That Works for You","link":"https:\/\/www.shockdoctor.com\/pages\/braces-and-supports-guide"}},"image_frx4fX":{"type":"image","settings":{"position":"4","image_second_menu":false,"image":"shopify:\/\/shop_images\/SD25_Ecomm_NAV_BackSupport-min.png","aspect_ratio":1,"wide_image":false,"title":"Ultra Back Support","heading_size":100,"link_text":"Maximum Protection and Stability","link":"shopify:\/\/products\/ultra-back-support"}},"image_bAk7D3":{"type":"image","settings":{"position":"5","image_second_menu":false,"image":"shopify:\/\/shop_images\/FBF04711-Enhanced-NR.webp","aspect_ratio":1,"wide_image":false,"title":"Sleeveless Hoodies","heading_size":100,"link_text":"Lightweight & Breathable","link":"shopify:\/\/products\/performance-sleeveless-hoodie-black"}},"image_nLQ9dD":{"type":"image","settings":{"position":"5","image_second_menu":false,"image":"shopify:\/\/shop_images\/AKR36418_2048x2048_f8295c52-c13d-43df-990c-f9100280748c.webp","aspect_ratio":1,"wide_image":false,"title":"On-Field Accessories","heading_size":100,"link_text":"Stay Protected and Cool","link":"https:\/\/www.shockdoctor.com\/collections\/on-field-football-accessories"}},"image_rC6epT":{"type":"image","settings":{"position":"1","image_second_menu":false,"image":"shopify:\/\/shop_images\/AKR35702.webp","aspect_ratio":1,"wide_image":false,"title":"New Arrivals","heading_size":100,"link_text":"The Freshest Drops","link":"shopify:\/\/collections\/new-releases"}},"image_bjFWLx":{"type":"image","settings":{"position":"1","image_second_menu":false,"image":"shopify:\/\/shop_images\/UNITEDSPB_240606_SDPST_842.webp","aspect_ratio":1,"wide_image":false,"title":"Best Sellers","heading_size":100,"link_text":"Must-Haves for Every Season","link":"shopify:\/\/collections\/best-sellers"}},"image_L44BgW":{"type":"image","settings":{"position":"1","image_second_menu":false,"image":"shopify:\/\/shop_images\/SD_ThunderBolt_NAV-Image.webp","aspect_ratio":1,"wide_image":false,"title":"Thunder Bolt Lip Guards","heading_size":100,"link_text":"Unleash Your Game","link":"shopify:\/\/collections\/bolt-lip-guard-collection"}},"image_mpqCCt":{"type":"image","settings":{"position":"1","image_second_menu":false,"image":"shopify:\/\/shop_images\/AKR38969_1.jpg","aspect_ratio":1,"wide_image":false,"title":"Flag Football Essentials","heading_size":100,"link_text":"Get Ready to Dominate","link":"shopify:\/\/pages\/flag-football"}}},"block_order":["image_AgNVeY","ab19c0db-63ca-4489-a211-693e66e76639","image_yfhkyX","image_8VKcWG","image_KFtnjh","image_frx4fX","image_bAk7D3","image_nLQ9dD","image_rC6epT","image_bjFWLx","image_L44BgW","image_mpqCCt"],"custom_css":[".wrapper {padding-top: 25px; padding-bottom: 25px;}"],"settings":{"sticky_header":true,"header_border":false,"link_hover_effect":"line","logo_not_home":"shopify:\/\/shop_images\/SD_logo_black_0157f845-7078-492c-b119-2e89945b75a1.svg","logo_max_width":160,"main-menu":"main-menu-2024","main-menu-mobile":"main-menu-2025-mobile-only","main_menu_secondary":"","main_menu_secondary_mobile":"","show_images":false,"image_aspect_ratio":1,"menu_alignment":"center","header_icons_as_text":false,"highlight_item":"Sale","highlight_item_color":"#ff4400","header_transparent":true,"logo":"shopify:\/\/shop_images\/SD_logo_white_56280d20-e4bf-4a8c-a2bb-9db536020722.svg","header_text_color":"white","header_gradient":true}}},"order":["announcement-bar","header"]}