{"type":"footer","name":"Footer","sections":{"footer":{"type":"footer","blocks":{"footer-block-3":{"type":"newsletter","disabled":true,"settings":{"alignment":"text-left","title":"Get the latest from SHOCK DOCTOR","text":"<p>Stay up to date with the new collections, products and exclusive offers.<\/p>","column_width":"20"}},"footer-block-0":{"type":"link","settings":{"alignment":"text-left","menu":"new-footer-1-connect-with-us","title":"CONNECT WITH US","column_width":"20"}},"footer-block-1":{"type":"link","settings":{"alignment":"text-left","menu":"new-footer-2-customer-service-2025","title":"CUSTOMER SERVICE","column_width":"20"}},"link_FeWrMA":{"type":"link","settings":{"alignment":"text-left","menu":"new-footer-3-about-shock-doctor-2025","title":"ABOUT SHOCK DOCTOR","column_width":"20"}},"link_Ern7zk":{"type":"link","settings":{"alignment":"text-left","menu":"new-footer-4-legal","title":"LEGAL","column_width":"20"}},"logo_full_WGCQAg":{"type":"logo_full","settings":{"alignment":"text-center","image":"shopify:\/\/shop_images\/Shock_Logo-Bolt_WHITE.svg","logo_width":50}}},"block_order":["footer-block-3","footer-block-0","footer-block-1","link_FeWrMA","link_Ern7zk","logo_full_WGCQAg"],"settings":{"show_footer_wave":false,"enable_footer_parallax":true,"increase_border_radius":true,"accessibility_logo":"shopify:\/\/shop_images\/2022-LevelAccess_Icon_White-1.svg","accessibility_url":"https:\/\/levelaccess.com\/a\/unitedspb","bottom_bar_alignment":"text-left","show_social_links":true,"enable_follow_on_shop":false,"show_payment_icons":true,"bottom_menu":"","color_text":"#ffffff","color_bg":"#000000","color_border":"#ffffff","show_locale_selector":true,"show_country_selector":true,"show_country_flag":true,"width":"wrapper","padding_top":60,"padding_bottom":60}}},"order":["footer"]}