{"current":{"color_body_bg":"#ffffff","color_body_bg_secondary":"#000000","color_headings":"#0c0c0f","color_body_text":"#0c0c0f","color_accent":"#ff4400","color_borders_and_lines":"#d3d3d3","type_heading_font":"inter_n7","heading_caps":false,"heading_size":100,"type_base_font":"inter_n7","text_size":100,"type_nav_font":"body","nav_font_weight":"bold","nav_size":85,"nav_top_level_links_size":80,"nav_caps_toplevel":true,"nav_caps_megamenu":false,"nav_letter_spacing":25,"type_subheadings_font":"inter_n6","subheading_caps":true,"subheading_size":80,"subheading_letter_spacing":0,"type_labels_font":"subheading","label_font_weight":"normal","label_caps":true,"label_size":65,"type_button_font":"heading","button_style":"pill","button_size":75,"button_letter_spacing":50,"button_caps":true,"primary_buttons_color":"#000000","secondary_buttons_color":"#ff4400","content_alignment":"inline","heading_style":"font-heading","product_grid_text_size":105,"products_per_row_on_desktop":4,"products_per_row_on_mobile":"2","image_size":"contain","image_aspect_ratio":1,"show_gray_bg":true,"product_grid_hover":"image","product_grid_hover_animation":"fade-in","show_rating":false,"cutline_color":"body","show_product_gray_bg":true,"variants_style":"boxes","show_newsletter":false,"atc_button_color":"btn--black","buynow_btn_color":"btn--white","buynow_btn_style":"btn--solid-border","quick_buy":"quick_buy","quick_buy_image_layout":"large","show_labels":true,"show_quantity":true,"show_remaining":true,"show_payment_button":true,"max_inventory":5,"enable_subscriptions_selectors":false,"quick_buy_text":"description","quick_buy_text_length":30,"cart_type":"drawer","cart_icon":"bag","enable_cart_notes":false,"enable_gift_notes":false,"enable_additional_buttons":false,"show_empty_cart_buttons":true,"empty_cart_buttons":"main-menu","show_continue_shopping":false,"free_shipping_limit":"45","cart_custom_message_color":"text-dark","enable_accept_terms":false,"upsells_height":130,"upsells_image_width":30,"upsells_bg_color":"#000000","upsells_text_color":"#ffffff","upsells_button_color":"btn--white","upsells_button_style":"btn--text","loading_image_width":150,"loading_appearance":"once","show_spacer_lines":true,"line_thickness":"bold","arrow_style":"arrow","show_rounded_corners":true,"mobile_menu_behaviour":"link","animations_enabled":false,"sale_bg_color":"#e40000","sale_text_color":"#000000","custom_bg_color":"#ff4400","custom_text_color":"#000000","sold_bg_color":"#000000","sold_text_color":"#d3d3d3","show_saving_badge":true,"saving_bg_color":"#000000","saving_text_color":"#ff4400","color_swatches_type":"theme","color_swatches_product_style":"circle","enable_infinity_scroll":true,"show_scroll_to_top":true,"show_header_search":true,"suggest_collections":false,"suggestions_results_limit":4,"show_browse_categories_menu":false,"suggestions_terms_limit":15,"social_instagram_link":"https:\/\/www.instagram.com\/shockdoctor\/","social_tiktok_link":"https:\/\/www.tiktok.com\/@shockdoctor","social_facebook_link":"https:\/\/www.facebook.com\/shockdoctor","social_twitter_link":"https:\/\/x.com\/shockdoctor","social_pinterest_link":"","social_youtube_link":"https:\/\/www.youtube.com\/user\/shockdoctor","currency_code_enable":false,"favicon":"shopify:\/\/shop_images\/favicon.png","checkout_logo_position":"left","checkout_logo_size":"large","checkout_body_background_image":"","checkout_body_background_color":"#ffffff","checkout_input_background_color_mode":"white","checkout_sidebar_background_image":"","checkout_sidebar_background_color":"#f1efe8","checkout_heading_font":"Helvetica Neue","checkout_body_font":"Helvetica Neue","checkout_accent_color":"#edb3f2","checkout_button_color":"#fbcaff","checkout_error_color":"#d02e2e","content_for_index":[],"blocks":{"855628211100114053":{"type":"shopify:\/\/apps\/klaviyo-email-marketing-sms\/blocks\/klaviyo-onsite-embed\/2632fe16-c075-4321-a88b-50b567f42507","disabled":false,"settings":{}},"17428600031447253342":{"type":"shopify:\/\/apps\/attentive\/blocks\/attn-tag\/8df62c72-8fe4-407e-a5b3-72132be30a0d","disabled":false,"settings":{}},"5017882195547572635":{"type":"shopify:\/\/apps\/sc-easy-redirects\/blocks\/app\/be3f8dbd-5d43-46b4-ba43-2d65046054c2","disabled":false,"settings":{}},"2153490007123654574":{"type":"shopify:\/\/apps\/consentmo-gdpr\/blocks\/gdpr_cookie_consent\/4fbe573f-a377-4fea-9801-3ee0858cae41","disabled":false,"settings":{}},"14724428607702905366":{"type":"shopify:\/\/apps\/webrex-seo-optimizer\/blocks\/webrexSeoEmbed\/b26797ad-bb4d-48f5-8ef3-7c561521049c","disabled":false,"settings":{}}}},"presets":{"Vibrant":{"color_body_bg":"#ffffff","color_body_bg_secondary":"#fff7f2","color_headings":"#0b0b0b","color_body_text":"#0b0b0b","color_accent":"#fff7f2","color_borders_and_lines":"#d3d3d3","type_heading_font":"zurich_extended_n7","heading_size":75,"type_base_font":"neuzeit_office_soft_rounded_n4","text_size":105,"type_nav_font":"body","nav_font_weight":"bold","nav_size":90,"nav_top_level_links_size":80,"nav_letter_spacing":50,"type_subheadings_font":"mono","subheading_caps":true,"subheading_size":75,"subheading_letter_spacing":100,"label_font_weight":"bold","label_caps":true,"label_size":65,"button_style":"rounded","button_size":80,"button_letter_spacing":75,"button_caps":true,"primary_buttons_color":"#000000","secondary_buttons_color":"#ffffff","content_alignment":"inline","heading_style":"font-heading","product_grid_text_size":100,"products_per_row_on_desktop":4,"products_per_row_on_mobile":"2","show_gray_bg":false,"product_grid_hover":"image","show_rating":true,"cutline_color":"body","variants_style":"auto","quick_buy":"quick_buy","quick_buy_image_layout":"large","show_labels":true,"show_quantity":false,"show_remaining":true,"show_payment_button":false,"max_inventory":5,"enable_subscriptions_selectors":false,"cart_type":"drawer","cart_icon":"bag","enable_cart_notes":true,"show_empty_cart_buttons":true,"empty_cart_buttons":"main-menu","cart_custom_message_color":"text-dark","enable_accept_terms":false,"upsells_height":100,"upsells_image_width":30,"upsells_bg_color":"#fff7f2","show_spacer_lines":false,"line_thickness":"normal","show_rounded_corners":true,"mobile_menu_behaviour":"link","animations_enabled":true,"sale_bg_color":"#d02e2e","custom_bg_color":"#ffffff","custom_text_color":"#000000","sold_bg_color":"#0b0b0b","sold_text_color":"#d3d3d3","show_saving_badge":true,"saving_bg_color":"#d02e2e","color_swatches_type":"theme","color_swatches_product_style":"rectangle","enable_infinity_scroll":false,"suggestions_results_limit":5,"suggestions_terms_limit":10,"social_instagram_link":"https:\/\/www.instagram.com\/shopify","social_tiktok_link":"https:\/\/tiktok.com\/@shopify","social_facebook_link":"https:\/\/www.facebook.com\/shopify","social_twitter_link":"","social_pinterest_link":"","loading_image_width":150,"loading_appearance":"once","currency_code_enable":false,"favicon":"","checkout_logo_position":"left","checkout_logo_size":"large","checkout_body_background_image":"","checkout_body_background_color":"#ffffff","checkout_input_background_color_mode":"white","checkout_sidebar_background_image":"","checkout_sidebar_background_color":"#f1efe8","checkout_heading_font":"Helvetica Neue","checkout_body_font":"Helvetica Neue","checkout_accent_color":"#edb3f2","checkout_button_color":"#fbcaff","checkout_error_color":"#d02e2e"},"Dynamo":{"color_body_bg":"#fff","color_body_bg_secondary":"#000000","color_headings":"#0c0c0f","color_body_text":"#0c0c0f","color_accent":"#e1ff00","color_borders_and_lines":"#d3d3d3","type_heading_font":"univers_next_n6","heading_caps":false,"heading_size":100,"type_base_font":"karla_n4","text_size":100,"type_nav_font":"body","nav_font_weight":"bold","nav_size":85,"nav_top_level_links_size":80,"nav_caps_toplevel":true,"nav_caps_megamenu":false,"nav_letter_spacing":25,"type_subheadings_font":"quantico_n7","subheading_caps":true,"subheading_size":80,"subheading_letter_spacing":0,"type_labels_font":"subheading","label_font_weight":"normal","type_button_font":"heading","button_style":"pill","button_size":75,"button_letter_spacing":50,"button_caps":true,"primary_buttons_color":"#000000","secondary_buttons_color":"#fff","content_alignment":"inline","heading_style":"font-heading","product_grid_text_size":90,"products_per_row_on_desktop":4,"products_per_row_on_mobile":"2","image_size":"cover","image_aspect_ratio":1.2,"show_gray_bg":true,"product_grid_hover":"image","product_grid_hover_animation":"wipe","show_rating":true,"show_product_gray_bg":true,"variants_style":"boxes","atc_button_color":"btn--black","buynow_btn_color":"btn--white","buynow_btn_style":"btn--solid-border","show_quantity":false,"show_remaining":true,"show_payment_button":true,"max_inventory":5,"quick_buy_text":"description","quick_buy_text_length":30,"cart_type":"drawer","cart_icon":"bag","enable_cart_notes":true,"enable_gift_notes":false,"enable_additional_buttons":true,"empty_cart_buttons":"main-menu","free_shipping_limit":"250","cart_custom_message_color":"text-dark","enable_accept_terms":false,"upsells_height":130,"upsells_image_width":30,"upsells_bg_color":"#000000","upsells_text_color":"#fff","upsells_button_color":"btn--white","upsells_button_style":"btn--text","show_spacer_lines":false,"show_rounded_corners":true,"mobile_menu_behaviour":"link","sale_bg_color":"#e1ff00","sale_text_color":"#000000","custom_bg_color":"#ffffff","custom_text_color":"#000000","sold_bg_color":"rgba(0,0,0,0)","sold_text_color":"#000000","saving_bg_color":"rgba(0,0,0,0)","saving_text_color":"#f23000","color_swatches_type":"theme","color_swatches_product_style":"rectangle","enable_infinity_scroll":false,"suggest_collections":false,"suggestions_results_limit":3,"popular_searches_menu":"main-menu","show_browse_categories_menu":false,"suggestions_terms_limit":15,"social_instagram_link":"https:\/\/www.instagram.com\/shopify","social_tiktok_link":"https:\/\/tiktok.com\/@shopify","social_facebook_link":"","social_twitter_link":"https:\/\/www.twitter.com\/shopify","social_pinterest_link":"","social_youtube_link":"https:\/\/youtube.com\/user\/shopify","loading_image_width":150,"currency_code_enable":false,"favicon":"","checkout_header_image":"","checkout_logo_position":"left","checkout_logo_size":"large","checkout_body_background_image":"","checkout_body_background_color":"#ffffff","checkout_input_background_color_mode":"transparent","checkout_sidebar_background_image":"","checkout_sidebar_background_color":"#f4f4f4","checkout_heading_font":"Helvetica Neue","checkout_body_font":"Helvetica Neue","checkout_accent_color":"#004ac7","checkout_button_color":"#004ac7","checkout_error_color":"#d02e2e"},"Luxe":{"color_body_bg":"#ffffff","color_body_bg_secondary":"#f5f4f1","color_headings":"#0d0d0d","color_body_text":"#0d0d0d","color_accent":"#712002","color_borders_and_lines":"#ededed","type_heading_font":"ovo_n4","heading_size":125,"type_base_font":"karla_n4","text_size":105,"type_nav_font":"body","nav_font_weight":"normal","nav_size":95,"nav_top_level_links_size":95,"nav_caps_toplevel":false,"type_subheadings_font":"karla_n4","subheading_caps":false,"subheading_size":95,"subheading_letter_spacing":0,"button_style":"rounded","button_size":80,"button_letter_spacing":25,"button_caps":true,"primary_buttons_color":"#000000","secondary_buttons_color":"#ffffff","content_alignment":"inline","product_grid_text_size":100,"products_per_row_on_desktop":4,"show_gray_bg":false,"product_grid_hover":"image","product_grid_hover_animation":"fade-in","show_rating":true,"variants_style":"dropdowns","quick_buy":"quick_buy","quick_buy_image_layout":"large","show_labels":true,"show_quantity":false,"show_remaining":true,"show_payment_button":true,"max_inventory":5,"cart_type":"drawer","enable_cart_notes":false,"show_empty_cart_buttons":false,"empty_cart_buttons":"main-menu","enable_accept_terms":false,"upsells_image_width":20,"upsells_button_color":"btn--black","upsells_button_style":"btn--text","show_spacer_lines":false,"line_thickness":"normal","arrow_style":"arrow","show_rounded_corners":true,"mobile_menu_behaviour":"link","custom_bg_color":"#0d6e70","sold_bg_color":"#0d0d0d","sold_text_color":"#ffffff","show_saving_badge":true,"saving_bg_color":"#b01736","saving_text_color":"#ffffff","saving_badge_type":"percentage","color_swatches_type":"theme","color_swatches_product_style":"rectangle","enable_infinity_scroll":false,"show_scroll_to_top":false,"show_browse_categories_menu":false,"social_instagram_link":"#","social_tiktok_link":"#","social_facebook_link":"#","social_twitter_link":"","social_snapchat_link":"","social_pinterest_link":"","social_tumblr_link":"","social_youtube_link":"","loading_image_width":150,"loading_appearance":"once","info_page":"size-chart","info_page_title_override":"Size chart","checkout_logo_position":"left","checkout_logo_size":"large","checkout_body_background_color":"#ffffff","checkout_input_background_color_mode":"white","checkout_sidebar_background_color":"#f5f4f1","checkout_heading_font":"Helvetica Neue","checkout_body_font":"Helvetica Neue","checkout_accent_color":"#0d6e70","checkout_button_color":"#712002","checkout_error_color":"#b01736"},"Phenomena":{"color_body_bg":"#ffffff","color_body_bg_secondary":"#f1f0ec","color_headings":"#000000","color_body_text":"#000","color_accent":"#4f6a46","color_borders_and_lines":"#707070","type_heading_font":"swiss_721_n5","heading_size":125,"type_base_font":"swiss_721_n4","text_size":100,"type_nav_font":"heading","nav_font_weight":"normal","nav_size":80,"nav_top_level_links_size":80,"nav_caps_megamenu":true,"nav_letter_spacing":75,"type_subheadings_font":"swiss_721_n5","subheading_caps":true,"subheading_size":100,"subheading_letter_spacing":25,"button_style":"pill","button_size":80,"button_letter_spacing":125,"button_caps":true,"primary_buttons_color":"#4f6a46","secondary_buttons_color":"#707070","content_alignment":"inline","product_grid_text_size":90,"products_per_row_on_desktop":4,"products_per_row_on_mobile":"1","show_gray_bg":true,"product_grid_hover":"image","product_grid_hover_animation":"fade-in","show_rating":true,"show_product_gray_bg":true,"variants_style":"boxes","quick_buy_image_layout":"large","show_labels":true,"show_quantity":true,"show_remaining":false,"show_payment_button":true,"max_inventory":5,"enable_subscriptions_selectors":true,"cart_type":"drawer","enable_cart_notes":true,"enable_additional_buttons":false,"empty_cart_buttons":"main-menu","free_shipping_limit":"75","cart_custom_message_color":"text-light","enable_accept_terms":false,"upsells_height":155,"upsells_image_width":20,"upsells_bg_color":"#aba89b","upsells_text_color":"#ffffff","upsells_button_color":"btn--white","upsells_button_style":"btn--outline","show_spacer_lines":false,"show_rounded_corners":true,"mobile_menu_behaviour":"link","show_sale_badge":true,"sale_bg_color":"#4f6a46","sale_text_color":"#ffffff","custom_bg_color":"#e5f18b","custom_text_color":"#000000","sold_bg_color":"#f1f0ec","sold_text_color":"#000000","saving_bg_color":"#4f6a46","saving_text_color":"#fff","saving_badge_type":"percentage","color_swatches_type":"theme","color_swatches_product_style":"circle","suggestions_results_limit":10,"suggestions_terms_limit":15,"social_instagram_link":"https:\/\/www.instagram.com\/shopify","social_tiktok_link":"https:\/\/tiktok.com\/@shopify","social_facebook_link":"","social_twitter_link":"https:\/\/www.twitter.com\/shopify","social_pinterest_link":"","currency_code_enable":false,"favicon":"","checkout_header_image":"","checkout_logo_position":"left","checkout_logo_size":"small","checkout_body_background_image":"","checkout_body_background_color":"#ffffff","checkout_input_background_color_mode":"white","checkout_sidebar_background_image":"","checkout_sidebar_background_color":"#f1f0ec","checkout_heading_font":"Helvetica Neue","checkout_body_font":"Helvetica Neue","checkout_accent_color":"#4f6a46","checkout_button_color":"#000000","checkout_error_color":"#d02e2e"}}}