{"name":"Header Group","type":"header","sections":{"utility-bar":{"type":"utility-bar","blocks":{"promo_message_VXgiiR":{"type":"promo_message","settings":{"desktop_message":"25% off Select Styles","mobile_message":"25% off Select Styles","promo_link_text":"Shop Now","promo_link":"shopify:\/\/collections\/end-of-season-sale"}},"promo_message_EJQdkV":{"type":"promo_message","settings":{"desktop_message":"Free Shipping On All Orders","mobile_message":"Free Shipping On All Orders","promo_link_text":"Details","promo_link":""}},"promo_message_CWa6Fa":{"type":"promo_message","disabled":true,"settings":{"desktop_message":"NEW SEASON. FRESH GEAR.","mobile_message":"NEW SEASON. FRESH GEAR.","promo_link_text":"SHOP NEW FALL","promo_link":"shopify:\/\/collections\/new-arrivals"}},"promo_message_94wh4C":{"type":"promo_message","disabled":true,"settings":{"desktop_message":"Free Shipping On Orders $99+","mobile_message":"Free Shipping On Orders $99+","promo_link_text":"","promo_link":""}},"discount_message_outdoor_RTXEqe":{"type":"discount_message_outdoor","settings":{"desktop_message":"NEW SEASON. FRESH GEAR.","mobile_message":"NEW SEASON. FRESH GEAR.","promo_link_text":"SHOP FALL '25","promo_link":"shopify:\/\/collections\/new-arrivals"}},"discount_message_outdoor_NaRngE":{"type":"discount_message_outdoor","settings":{"desktop_message":"Free Shipping On Order $175+","mobile_message":"Free Shipping On Order $175+","promo_link_text":"","promo_link":""}},"discount_message_pro_GVCap3":{"type":"discount_message_pro","settings":{"desktop_message":"NEW SEASON. FRESH GEAR.","mobile_message":"NEW SEASON. FRESH GEAR.","promo_link_text":"SHOP FALL '25","promo_link":"shopify:\/\/collections\/new-arrivals"}},"discount_message_pro_WPwycg":{"type":"discount_message_pro","settings":{"desktop_message":"Free Shipping On Order $175+","mobile_message":"Free Shipping On Order $175+","promo_link_text":"","promo_link":""}},"discount_message_voice_kPwEjG":{"type":"discount_message_voice","settings":{"desktop_message":"NEW SEASON. FRESH GEAR.","mobile_message":"NEW SEASON. FRESH GEAR.","promo_link_text":"SHOP FALL '25","promo_link":"shopify:\/\/collections\/new-arrivals"}},"discount_message_voice_QHwAbm":{"type":"discount_message_voice","settings":{"desktop_message":"Free Shipping On Order $175+","mobile_message":"Free Shipping On Order $175+","promo_link_text":"","promo_link":""}}},"block_order":["promo_message_VXgiiR","promo_message_EJQdkV","promo_message_CWa6Fa","promo_message_94wh4C","discount_message_outdoor_RTXEqe","discount_message_outdoor_NaRngE","discount_message_pro_GVCap3","discount_message_pro_WPwycg","discount_message_voice_kPwEjG","discount_message_voice_QHwAbm"],"settings":{"enable_promo":true,"bg_color":"dark-stone","language":""}},"header":{"type":"header","blocks":{"featured_cta_block_4AQb6e":{"type":"featured_cta_block","settings":{"title":"men","cta_image":"shopify:\/\/shop_images\/Copy_of_Copy_of_1L2A1381_1.jpg","cta_type":"custom_link","cta_link_text":"Men's New Arrivals","cta_link":"shopify:\/\/collections\/mens-new-arrivals","svg":"<!--?xml version=\"1.0\" encoding=\"UTF-8\"?-->\n<svg width=\"368px\" height=\"146px\" viewbox=\"0 0 368 146\" version=\"1.1\" xmlns=\"http:\/\/www.w3.org\/2000\/svg\" style=\"width:100%\" xmlns:xlink=\"http:\/\/www.w3.org\/1999\/xlink\">\n    <title>10B92E2A-B239-403E-9B45-A409DA064ABD@2x<\/title>\n    <g id=\"Navigation\" stroke=\"none\" stroke-width=\"1\" fill=\"none\" fill-rule=\"evenodd\">\n        <g id=\"D---Menu---Mens\" transform=\"translate(-19.000000, -428.000000)\" fill=\"#F8F8F8\" fill-rule=\"nonzero\">\n            <g id=\"Nav-\/-Desktop-\/-Nav-Mens\" transform=\"translate(0.000000, 123.000000)\">\n                <path d=\"M26.2682292,450.498891 L26.2682292,319.944313 L76.0727917,416.02071 L81.956875,416.02071 L131.761438,319.944313 L131.761438,450.498891 L138.065813,450.498891 L138.065813,305.438248 L132.181729,305.438248 L79.0148333,408.031863 L25.8479375,305.438248 L19.9638542,305.438248 L19.9638542,450.498891 L26.2682292,450.498891 Z M261.211271,450.498891 L261.211271,444.191907 L184.297896,444.191907 L184.297896,378.599268 L254.906896,378.599268 L254.906896,372.292284 L184.297896,372.292284 L184.297896,311.745233 L261.211271,311.745233 L261.211271,305.438248 L177.993521,305.438248 L177.993521,450.498891 L261.211271,450.498891 Z M299.037521,450.498891 L299.037521,318.893149 L380.994396,450.498891 L386.878479,450.498891 L386.878479,305.438248 L380.574104,305.438248 L380.574104,438.095155 L298.617229,305.438248 L292.733146,305.438248 L292.733146,450.498891 L299.037521,450.498891 Z\" id=\"MEN\"><\/path>\n            <\/g>\n        <\/g>\n    <\/g>\n<\/svg>"}},"featured_cta_block_wzQfdT":{"type":"featured_cta_block","settings":{"title":"women","cta_image":"shopify:\/\/shop_images\/Copy_of_1L2A7603-min_1.jpg","cta_type":"custom_link","cta_link_text":"Women's New Arrivals","cta_link":"shopify:\/\/collections\/womens-new-arrivals","svg":"<!--?xml version=\"1.0\" encoding=\"UTF-8\"?-->\n<svg width=\"679px\" height=\"148px\" viewbox=\"0 0 679 148\" version=\"1.1\" xmlns=\"http:\/\/www.w3.org\/2000\/svg\" style=\"width:100%\" xmlns:xlink=\"http:\/\/www.w3.org\/1999\/xlink\">\n    <title>F92C8111-EBB3-4ECB-A106-6E611A37478F@2x<\/title>\n    <g id=\"Navigation\" stroke=\"none\" stroke-width=\"1\" fill=\"none\" fill-rule=\"evenodd\">\n        <g id=\"D---Menu---Women\" transform=\"translate(-2.000000, -427.000000)\" fill=\"#F8F8F8\" fill-rule=\"nonzero\">\n            <g id=\"Nav-\/-Desktop-\/-Nav-Womens\" transform=\"translate(0.000000, 123.000000)\">\n                <path d=\"M45.6016458,450.498891 L83.6380417,316.79082 L121.884583,450.498891 L129.659979,450.498891 L165.384771,305.438248 L158.87025,305.438248 L125.667208,440.617949 L87.000375,305.438248 L80.2757083,305.438248 L41.8190208,440.617949 L8.61597917,305.438248 L2.10145833,305.438248 L37.82625,450.498891 L45.6016458,450.498891 Z M230.529979,451.760288 C260.580833,451.760288 280.964979,432.418869 280.964979,387.639279 L280.964979,368.29786 C280.964979,323.728503 260.580833,304.176851 230.529979,304.176851 C200.479125,304.176851 180.094979,323.728503 180.094979,368.29786 L180.094979,387.639279 C180.094979,432.418869 200.479125,451.760288 230.529979,451.760288 Z M230.529979,445.453304 C205.312479,445.453304 186.399354,430.106308 186.399354,387.639279 L186.399354,368.29786 C186.399354,325.830831 205.312479,310.483836 230.529979,310.483836 C255.747479,310.483836 274.660604,325.830831 274.660604,368.29786 L274.660604,387.639279 C274.660604,430.106308 255.747479,445.453304 230.529979,445.453304 Z M319.841958,450.498891 L319.841958,319.944313 L369.646521,416.02071 L375.530604,416.02071 L425.335167,319.944313 L425.335167,450.498891 L431.639542,450.498891 L431.639542,305.438248 L425.755458,305.438248 L372.588563,408.031863 L319.421667,305.438248 L313.537583,305.438248 L313.537583,450.498891 L319.841958,450.498891 Z M554.785,450.498891 L554.785,444.191907 L477.871625,444.191907 L477.871625,378.599268 L548.480625,378.599268 L548.480625,372.292284 L477.871625,372.292284 L477.871625,311.745233 L554.785,311.745233 L554.785,305.438248 L471.56725,305.438248 L471.56725,450.498891 L554.785,450.498891 Z M592.61125,450.498891 L592.61125,318.893149 L674.568125,450.498891 L680.452208,450.498891 L680.452208,305.438248 L674.147833,305.438248 L674.147833,438.095155 L592.190958,305.438248 L586.306875,305.438248 L586.306875,450.498891 L592.61125,450.498891 Z\" id=\"WOMEN\"><\/path>\n            <\/g>\n        <\/g>\n    <\/g>\n<\/svg>"}},"custom_menu_block_B87Hzx":{"type":"custom_menu_block","settings":{"title":"discover","cta_image":"shopify:\/\/shop_images\/BikePI-S24-Road-CA-148A9555-1001x667-1aefa07_1.jpg","cta_link_title":"Discover Our Road Collections","cta_link_text":"There’s a reason road riding has stood the test of time: there’s something for everyone.","cta_link":"shopify:\/\/pages\/road-cycling"}},"custom_menu_block_U8YibD":{"type":"custom_menu_block","settings":{"title":"discover","cta_image":"shopify:\/\/shop_images\/BikePI-S23-MTB-Winter-Park-1096-1000x667-1aefa07_1.jpg","cta_link_title":"Discover Our MTB Collections","cta_link_text":"Your curiosity is endless. Your boundaries are limitless.","cta_link":"shopify:\/\/pages\/mountain-bike"}},"custom_menu_block_8XFKMi":{"type":"custom_menu_block","settings":{"title":"discover","cta_image":"shopify:\/\/shop_images\/BikePI-F22-Road-Breck-2115-1001x667-1aefa07_1.jpg","cta_link_title":"Technology","cta_link_text":"Explore the unique technologies baked into every one of our products.","cta_link":"shopify:\/\/pages\/technology"}},"custom_menu_block_xPT8yb":{"type":"custom_menu_block","settings":{"title":"discover","cta_image":"shopify:\/\/shop_images\/BikePI-F23-Gravel-CO-5453-850x567-061c2ee_1.jpg","cta_link_title":"Expert Advice","cta_link_text":"There is a lot to learn about riding bikes. We’re here to help!","cta_link":"shopify:\/\/pages\/expertise"}}},"block_order":["featured_cta_block_4AQb6e","featured_cta_block_wzQfdT","custom_menu_block_B87Hzx","custom_menu_block_U8YibD","custom_menu_block_8XFKMi","custom_menu_block_xPT8yb"],"settings":{"main_menu":"24_main-menu","red_clearance":true,"logo":"shopify:\/\/shop_images\/PI_Logo_Horizontal-210x27-60f3fae.webp"}},"header-collection-nav":{"type":"header-collection-nav","blocks":{"item_jBmtHh":{"type":"item","settings":{"link":"shopify:\/\/collections\/new-arrivals","title":"New Arrivals"}},"item_KHaCjC":{"type":"item","settings":{"link":"shopify:\/\/collections\/mens-road-gravel-cycling","title":"Men's Road\/Gravel"}},"item_keBnke":{"type":"item","settings":{"link":"shopify:\/\/collections\/mens-mountain-bike","title":"Men's MTB"}},"item_yxEnGm":{"type":"item","settings":{"link":"shopify:\/\/collections\/womens-road-gravel-cycling","title":"Women's Road\/Gravel"}},"item_kDknkK":{"type":"item","settings":{"link":"shopify:\/\/collections\/womens-mountain-bike","title":"Women's MTB"}},"item_3XiCEB":{"type":"item","settings":{"link":"shopify:\/\/collections\/clearance","title":"Sale"}},"item_AER3b9":{"type":"item","settings":{"link":"shopify:\/\/products\/pearl-izumi-gift-card","title":"Gift Cards"}},"item_PeXVjn":{"type":"item","disabled":true,"settings":{"link":"shopify:\/\/pages\/gift-guide","title":"Gift Guide"}},"item_p36pRE":{"type":"item","disabled":true,"settings":{"link":"shopify:\/\/collections\/mens","title":"Men"}},"item_iFftrH":{"type":"item","disabled":true,"settings":{"link":"shopify:\/\/collections\/womens","title":"Women"}}},"block_order":["item_jBmtHh","item_KHaCjC","item_keBnke","item_yxEnGm","item_kDknkK","item_3XiCEB","item_AER3b9","item_PeXVjn","item_p36pRE","item_iFftrH"],"settings":{"show_only_on_homepage":false,"show_collection_images":false}}},"order":["utility-bar","header","header-collection-nav"]}